name	trigger_time	t90	t90_error	fluence	fluence_error	ra	dec	error_radius	t90_start
GRB120403857	2012-04-03 20:33:58.493	4.288	1.935	2.3964e-07	2.0458e-08	302.1752	-27.8569	0.0011	-3.968
GRB120227725	2012-02-27 17:24:41.054	17.408	0.810	2.1949e-05	1.0403e-07	304.0768	-26.6216	1.2100	0.256
GRB230524357	2023-05-24 08:34:31.512	11.008	4.720	1.4201e-06	4.2457e-08	302.9221	-29.3582	4.4600	-5.632
GRB141205018	2014-12-05 00:25:29.813	13.056	1.280	1.6031e-06	4.1267e-08	305.6055	-27.5957	3.9000	-6.912
GRB180630467	2018-06-30 11:11:54.405	12.032	1.864	2.9880e-06	3.2537e-08	301.2310	-29.1553	0.0010	-2.048
GRB170116238	2017-01-16 05:43:15.259	9.216	3.620	1.1231e-06	9.1975e-08	300.4000	-28.3874	9.3700	-1.024
GRB250330255	2025-03-30 06:07:38.421	4.800	0.326	1.4825e-06	1.3997e-08	305.9295	-25.5408	0.0011	-0.256
GRB250926827	2025-09-26 19:50:31.069	24.256	1.619	3.6552e-06	3.1169e-08	302.8713	-30.9479	3.8600	-2.208
GRB230428381	2023-04-28 09:08:58.151	4.352	1.639	3.4407e-07	3.2779e-08	298.7913	-25.7921	15.8600	-2.048
GRB251114860	2025-11-14 20:38:30.202	7.936	1.145	1.7785e-06	1.7502e-08	300.0811	-23.0222	3.5400	-1.792
GRB181208188	2018-12-08 04:30:44.013	62.465	4.167	8.1001e-06	3.8653e-08	277.1797	-24.2661	2.4700	-3.584
GRB150312403	2015-03-12 09:40:45.706	0.320	0.547	1.4018e-07	1.9221e-08	307.4271	-27.2402	10.7500	-0.064
GRB251018723	2025-10-18 17:21:44.685	0.320	0.163	9.7787e-08	6.4922e-09	306.4924	-24.6492	3.1000	-0.064
GRB110520302	2011-05-20 07:14:26.237	12.288	11.336	1.0428e-06	5.1064e-08	298.9708	-29.2201	12.4100	-10.496
GRB191111547	2019-11-11 13:07:10.792	158.212	7.209	8.6363e-06	7.6276e-08	317.3897	-12.9736	4.0500	0.768
GRB220430900	2022-04-30 21:35:59.799	30.464	3.974	6.8001e-07	2.9991e-08	303.4651	-33.7323	2.5700	-5.888
GRB200607921	2020-06-07 22:06:31.425	26.625	1.305	1.1548e-05	3.7659e-08	299.1490	-32.9406	1.0000	0.576
GRB250725077	2025-07-25 01:51:34.809	9.472	0.362	1.0722e-05	1.9274e-08	299.6139	-33.7545	0.0500	0.832
GRB220413167	2022-04-13 04:01:04.779	0.512	2.360	3.7194e-08	1.7132e-08	310.5140	-22.2297	9.0500	-0.256
GRB121216419	2012-12-16 10:03:16.450	9.216	2.560	3.8503e-07	2.4751e-08	302.8366	-31.6875	14.1500	-2.048
GRB200107810	2020-01-07 19:26:22.806	81.154	1.086	4.0811e-06	2.1979e-08	295.9261	-26.4936	0.0500	-17.92
GRB240119729	2024-01-19 17:29:07.684	0.832	0.923	1.5373e-06	3.9123e-08	298.4836	-22.1779	5.1400	-0.64
GRB160326062	2016-03-26 01:29:16.294	19.456	0.724	1.8520e-06	3.5724e-08	302.2956	-19.8415	10.2200	-9.728
GRB230415474	2023-04-15 11:21:58.934	0.416	1.113	2.3746e-07	3.2074e-08	283.5234	-38.9908	10.0900	-0.064
GRB230426853	2023-04-26 20:28:59.966	25.856	0.724	5.2286e-05	6.7408e-08	298.9728	-33.9222	1.0000	8.704
GRB250412754	2025-04-12 18:06:07.017	11.008	1.145	1.1293e-06	2.2733e-08	306.8851	-34.7393	4.3800	-0.512
GRB231129799	2023-11-29 19:10:18.115	5.824	0.091	7.8699e-05	2.8318e-08	303.1015	-35.4910	0.0900	0.48
GRB250720790	2025-07-20 18:57:10.301	1.024	1.214	3.0818e-07	4.1516e-08	292.4706	-28.4941	5.5200	-0.896
GRB140110411	2014-01-10 09:52:04.270	0.768	0.345	4.5951e-08	5.5071e-09	285.8500	-42.4754	11.7100	-0.768
GRB181022846	2018-10-22 20:18:30.505	13.824	4.579	7.6459e-07	3.3022e-08	312.5142	-4.1745	10.2800	-0.512
GRB230419568	2023-04-19 13:37:43.399	0.256	0.181	2.6722e-07	1.6210e-08	31.6024	-43.1743	25.9900	-0.064
GRB220921473	2022-09-21 11:21:24.440	44.288	2.429	2.3189e-06	2.6277e-08	292.3674	-28.1272	11.4500	-7.936
GRB220415645	2022-04-15 15:28:59.684	23.040	1.619	2.8950e-06	4.7357e-08	314.2040	-29.3995	3.8700	-0.512
GRB170130697	2017-01-30 16:43:13.296	29.184	6.155	1.3192e-06	4.7297e-08	313.5556	-28.9608	10.7300	-13.056
GRB260109156	2026-01-09 03:44:24.789	6.400	2.064	8.1333e-07	1.5384e-08	326.1014	-33.8914	7.9600	-3.328
GRB110825265	2011-08-25 06:22:11.439	48.128	1.493	2.0912e-06	2.4350e-08	311.8442	-21.7660	5.1800	-13.824
GRB160919613	2016-09-19 14:43:21.638	62.465	3.665	5.5262e-06	5.4458e-08	313.1964	-23.9433	4.8700	-9.728
GRB120830212	2012-08-30 05:04:52.744	16.064	3.649	7.5151e-06	2.3629e-07	309.8960	-35.1152	3.4600	0.448
GRB140323433	2014-03-23 10:22:53.120	111.426	3.027	3.2424e-05	1.9208e-07	306.3699	-36.7950	0.0006	5.056
GRB181007737	2018-10-07 17:41:28.372	23.552	0.362	3.0597e-06	3.0382e-08	306.3171	-17.3042	12.3800	-0.256
GRB240112914	2024-01-12 21:56:04.453	3.264	0.462	7.4339e-07	6.9689e-08	295.0811	-19.3261	11.1000	-0.832
GRB200907957	2020-09-07 22:57:28.091	140.803	1.056	4.0466e-05	4.6007e-08	297.5359	-37.8259	1.1500	2.56
GRB171206122	2017-12-06 02:55:44.937	15.360	3.083	1.5221e-06	7.2998e-08	303.8195	-38.9049	6.0300	-1.536
GRB140518709	2014-05-18 17:00:43.425	0.704	0.466	3.8053e-07	2.6848e-08	312.9219	-19.1752	13.4300	-0.64
GRB130623488	2013-06-23 11:42:47.046	22.272	0.923	2.4645e-06	3.0042e-08	300.7906	-39.2132	0.0500	-1.792
GRB260316717	2026-03-16 17:12:52.681	6.336	1.305	2.7393e-06	3.3554e-08	314.4134	-30.7707	3.1900	-0.384
GRB210826293	2021-08-26 07:01:45.161	19.712	1.145	1.2052e-05	6.0616e-08	290.6040	-34.5869	2.1200	0.512
GRB190628521	2019-06-28 12:30:55.320	19.200	2.757	2.2606e-06	5.9783e-08	292.7238	-18.2518	6.3900	-4.096
GRB231031144	2023-10-31 03:27:20.529	11.520	2.573	9.1048e-07	2.0825e-08	294.9925	-17.0242	8.5900	-1.536
GRB240421224	2024-04-21 05:21:59.901	4.096	1.864	5.3114e-06	9.3332e-06	317.1535	-28.3789	8.3500	-5.12
GRB141004150	2014-10-04 03:36:28.898	9.472	0.810	4.0962e-06	2.5668e-08	298.0198	-39.1498	2.0700	0.32
GRB260213350	2026-02-13 08:23:49.887	0.640	0.373	8.8739e-08	1.3166e-08	356.9638	22.1090	11.0200	-0.128
GRB200119692	2020-01-19 16:37:07.531	19.200	1.999	1.8743e-06	2.9940e-08	316.7092	-23.8268	8.5900	-10.24
GRB250821672	2025-08-21 16:07:47.457	2.304	0.143	1.1284e-05	2.0830e-08	295.4961	-38.3903	1.0000	0.064
GRB210919653	2021-09-19 15:39:51.957	1.600	1.243	3.3071e-07	1.4253e-08	307.9660	-15.1084	9.1600	-0.064
GRB250606187	2025-06-06 04:28:41.823	6.336	0.528	2.4870e-06	2.0778e-08	297.9159	-39.3866	3.0200	-0.128
GRB110716018	2011-07-16 00:25:19.972	7.168	1.747	1.3547e-06	3.4361e-08	313.9442	-36.1906	3.8600	-3.072
GRB130804023	2013-08-04 00:33:15.527	0.960	0.091	1.6629e-06	1.5865e-08	318.3067	-25.6079	2.2800	-0.064
GRB220315101	2022-03-15 02:25:56.875	0.768	0.668	4.1031e-07	2.1466e-08	312.3424	-17.2247	3.5100	-0.256
GRB120331055	2012-03-31 01:19:06.644	16.384	10.367	6.7744e-07	5.2000e-08	287.0320	-60.5885	6.5100	-2.816
GRB110819665	2011-08-19 15:57:54.972	16.384	6.149	3.0361e-06	8.2342e-08	291.6410	-18.7200	3.1900	-0.512
GRB190731943	2019-07-31 22:38:20.369	15.872	0.362	8.8648e-05	3.3848e-08	312.1228	-38.0602	0.2800	1.792
GRB180622273	2018-06-22 06:32:42.498	13.568	2.611	2.0338e-06	6.1856e-08	305.0298	-13.6702	12.5400	-1.28
GRB160406570	2016-04-06 13:40:29.314	66.560	16.836	4.6582e-06	4.8087e-08	306.6807	-13.9551	6.4500	-3.328
GRB240216456	2024-02-16 10:57:02.852	2.432	0.528	2.2702e-06	1.8983e-08	293.0932	-38.3579	7.0600	-0.128
GRB161020759	2016-10-20 18:13:12.938	24.320	1.557	2.9248e-05	5.4688e-08	288.9029	-35.0153	1.2000	3.584
GRB120114433	2012-01-14 10:23:39.215	2.752	1.569	1.4875e-07	2.6392e-08	317.4796	-21.5668	11.0500	-0.128
GRB170121067	2017-01-21 01:36:53.641	2.304	0.286	1.7268e-06	3.2064e-08	306.1652	-41.2605	4.0700	-0.064
GRB170124874	2017-01-24 20:58:06.358	22.784	0.572	8.9724e-06	2.3430e-08	319.0934	-25.9951	1.0000	1.792
GRB230307656	2023-03-07 15:44:06.671	34.561	0.572	3.1475e-03	2.5734e-07	289.4780	-36.2671	0.0001	1.856
GRB190806675	2019-08-06 16:12:33.324	20.992	2.374	1.3501e-05	3.5469e-07	287.9562	-21.7563	4.3000	0.32
GRB200514380	2020-05-14 09:07:37.124	1.664	0.607	1.7816e-07	1.0679e-08	59.4852	50.6156	13.1200	-0.384
GRB210721978	2021-07-21 23:28:32.680	9.984	2.721	9.3388e-07	6.1376e-08	296.7176	-40.9976	18.5667	-6.336
GRB190327111	2019-03-27 02:39:10.973	36.864	1.448	6.3281e-06	1.2904e-07	286.2972	-32.3216	1.7200	-0.256
GRB251105782	2025-11-05 18:45:56.054	29.696	2.757	1.7719e-06	3.3028e-08	69.7236	70.8126	11.2780	-18.432
GRB180614327	2018-06-14 07:51:04.121	9.216	2.573	4.1260e-07	2.3483e-08	291.0292	-38.0915	11.1200	-8.96
GRB141022087	2014-10-22 02:04:40.214	9.216	0.572	8.9994e-05	9.5357e-08	287.5767	-22.0850	1.0000	2.112
GRB210411564	2021-04-11 13:32:44.633	47.873	6.607	3.7490e-06	5.6176e-08	286.8668	-22.8593	4.5400	-13.568
GRB190304818	2019-03-04 19:37:23.342	2.880	0.547	2.9826e-06	3.8775e-08	308.1710	-41.6673	2.6500	-1.6
GRB121116459	2012-11-16 11:00:24.600	0.832	0.590	4.9152e-07	1.3754e-08	299.7379	-12.2162	6.9800	-0.704
GRB240608126	2024-06-08 03:01:06.435	16.637	1.379	1.7606e-06	2.0591e-08	184.3226	48.5421	1.2100	0.003
GRB161012637	2016-10-12 15:17:14.854	6.400	3.114	6.1394e-07	2.5983e-08	294.3343	-13.6153	8.1800	-1.792
GRB110517453	2011-05-17 10:52:35.409	0.576	1.810	9.8898e-08	2.3388e-08	321.1881	-29.6535	8.9700	-0.064
GRB141221897	2014-12-21 21:31:48.787	32.513	1.846	7.4393e-06	7.1278e-08	287.4821	-20.0919	3.6900	-1.28
GRB150602840	2015-06-02 20:09:18.637	10.496	0.724	4.7133e-06	3.3325e-08	320.7306	-27.9263	2.4500	-0.256
GRB190825171	2019-08-25 04:06:56.140	12.032	5.345	2.1626e-07	2.2768e-08	307.8843	-11.9646	19.8900	-8.448
GRB260109362	2026-01-09 08:41:22.356	24.896	1.632	6.1855e-07	3.1329e-08	304.2474	-11.1160	13.6800	-3.2
GRB200809654	2020-08-09 15:41:27.130	17.408	8.838	1.4822e-06	5.8019e-08	301.7977	-43.2565	0.0013	0.0
GRB181103046	2018-11-03 01:06:45.608	11.776	3.727	6.0455e-07	3.2265e-08	321.2024	-29.4834	7.1600	-2.56
GRB170304003	2017-03-04 00:04:26.070	0.160	0.315	3.1497e-07	1.4268e-08	316.8524	-38.4408	6.7200	-0.016
GRB161121186	2016-11-21 04:27:37.300	0.128	0.640	2.5271e-08	1.2519e-08	182.1183	37.4322	17.7600	-0.128
GRB140712973	2014-07-12 23:20:51.893	28.160	8.444	5.0997e-06	1.4995e-07	284.7752	-31.3831	1.6800	-4.352
GRB201227635	2020-12-27 15:14:07.415	0.112	0.116	3.4290e-06	3.0471e-08	296.5338	-11.8815	1.0000	-0.016
GRB151026523	2015-10-26 12:32:38.939	63.232	7.952	4.3163e-06	6.9493e-08	284.5865	-24.6213	3.5700	-0.768
GRB160625230	2016-06-25 05:31:55.386	43.265	10.801	3.3536e-06	3.5820e-08	320.3093	-34.8373	3.3900	-1.024
GRB140213807	2014-02-13 19:21:32.348	18.624	0.716	2.1248e-05	6.5441e-08	284.2485	-25.1981	0.0100	0.768
GRB231214850	2023-12-14 20:24:24.685	20.992	0.572	1.9361e-05	1.8725e-08	322.2156	-32.6106	0.0005	1.024
GRB191112369	2019-11-12 08:51:18.192	50.432	3.208	8.2268e-06	1.7774e-07	294.4269	-11.3034	5.5300	-4.352
GRB190422284	2019-04-22 06:48:17.495	80.386	0.724	1.3558e-05	5.2002e-08	321.4679	-32.7538	1.8100	-0.256
GRB250102943	2025-01-02 22:38:05.224	57.601	3.238	5.9063e-06	3.2955e-08	99.0162	-14.5312	1.0000	-19.2
GRB130425327	2013-04-25 07:51:16.235	62.209	1.145	4.1678e-05	1.5891e-07	300.9101	-44.2009	1.4500	1.856
GRB160325291	2016-03-25 06:59:21.511	42.945	0.572	1.8598e-05	1.9812e-07	301.7696	-44.4063	0.0010	2.048
GRB110618366	2011-06-18 08:47:36.383	163.843	11.406	6.2375e-05	1.6957e-07	297.8794	-9.4489	0.6700	-3.072
GRB200616048	2020-06-16 01:09:15.631	23.297	3.093	2.7580e-06	4.1302e-08	284.2727	-21.8229	4.5900	-8.704
GRB141022061	2014-10-22 01:27:48.520	11.520	3.083	5.6020e-07	2.4573e-08	316.7988	-14.7708	0.0500	-5.376
GRB170113420	2017-01-13 10:04:10.110	49.152	4.136	2.0371e-06	7.9106e-08	285.6978	-37.9543	0.0200	-4.096
GRB120827216	2012-08-27 05:10:25.011	5.056	2.127	3.3669e-06	9.1226e-08	312.0137	-11.1586	1.6700	-1.664
GRB190906767	2019-09-06 18:25:09.288	23.040	2.318	2.2883e-06	2.9056e-08	296.3242	-9.7851	3.5000	-0.256
GRB210501205	2021-05-01 04:55:00.292	8.192	2.521	4.7016e-07	3.0569e-08	309.6837	-45.0324	11.7300	-2.56
GRB130320560	2013-03-20 13:26:34.534	340.992	1.619	5.7803e-05	1.1794e-06	303.8019	-8.4054	1.0300	-138.24
GRB231224868	2023-12-24 20:49:15.994	0.832	0.838	2.3693e-07	1.9665e-08	281.9345	-25.7493	11.8800	-0.384
GRB241207371	2024-12-07 08:54:10.175	67.841	0.923	1.2393e-05	3.2396e-08	73.5261	14.7715	1.6000	1.536
GRB201104001	2020-11-04 00:00:56.750	52.480	7.428	1.3058e-05	7.4764e-08	281.9960	-32.4705	0.2400	0.0
GRB120711115	2012-07-11 02:44:53.294	44.033	0.724	1.9428e-04	2.2751e-07	281.4865	-28.1847	0.0440	62.465
GRB250319214	2025-03-19 05:07:28.911	1.056	0.528	3.1884e-07	4.7861e-09	318.6879	-14.8877	3.1800	-0.672
GRB180801492	2018-08-01 11:48:42.170	7.424	1.145	1.3352e-06	2.3641e-08	307.4401	-46.1149	5.6900	-0.512
GRB171212434	2017-12-12 10:24:18.513	32.001	1.379	5.0312e-06	6.7805e-08	291.0263	-43.9682	0.3900	-1.024
GRB230617926	2023-06-17 22:13:31.997	2.560	1.494	1.4248e-07	1.6109e-08	286.8728	-14.6599	25.5200	-0.448
GRB140616165	2014-06-16 03:57:05.133	0.512	0.821	2.8079e-07	3.3486e-08	281.3873	-24.7763	7.0000	-0.032
GRB200120962	2020-01-20 23:04:55.338	12.800	2.919	8.6054e-06	1.4529e-07	286.2709	-15.1786	0.0011	-1.28
GRB230709735	2023-07-09 17:38:26.825	0.192	0.072	5.8382e-06	3.1860e-08	323.0769	-20.5634	1.4400	-0.032
GRB130505955	2013-05-05 22:55:15.943	50.241	8.009	9.8730e-06	2.8203e-07	315.6428	-43.7483	1.5000	0.384
GRB251102886	2025-11-02 21:15:53.851	8.256	0.716	1.7060e-06	3.6814e-08	281.0642	-22.7068	4.1900	-5.504
GRB131204937	2013-12-04 22:28:57.787	29.952	1.056	1.6482e-06	2.4064e-08	325.0460	-34.5443	4.4200	-0.512
GRB211216282	2021-12-16 06:45:52.056	20.224	0.810	9.3273e-06	3.7185e-08	283.2978	-47.6912	1.1200	0.512
GRB171020813	2017-10-20 19:30:32.606	19.200	1.950	1.9737e-06	3.1556e-08	316.2752	-11.7436	28.3900	-1.536
GRB180630335	2018-06-30 08:02:59.063	48.896	5.724	2.9586e-06	3.6047e-08	284.9764	-15.9451	3.2700	-2.304
GRB120107384	2012-01-07 09:12:15.411	23.040	0.143	6.5320e-06	4.4356e-08	319.4796	-14.2882	0.5000	0.064
GRB130327350	2013-03-27 08:24:04.051	31.233	0.724	5.1995e-05	8.0581e-08	311.6058	-8.3559	0.1700	2.048
GRB170625692	2017-06-25 16:35:47.454	22.784	8.798	1.9512e-06	7.4965e-08	280.2903	-23.9328	7.9600	-2.56
GRB240519213	2024-05-19 05:06:59.402	11.325	0.407	8.1484e-06	3.6975e-08	326.2759	-29.1336	1.4700	0.003
GRB220730659	2022-07-30 15:48:55.032	0.160	0.288	9.3652e-07	2.8777e-08	313.8251	-9.3932	0.0500	-0.016
GRB250119083	2025-01-19 01:59:27.334	81.408	16.191	3.6684e-06	6.0456e-08	69.4577	56.2581	5.3100	-15.872
GRB140322424	2014-03-22 10:11:03.465	10.496	2.111	2.0052e-06	2.7716e-08	320.7679	-15.0011	6.6000	-2.048
GRB210520797	2021-05-20 19:07:02.940	56.065	3.083	2.8451e-06	4.1124e-08	282.5340	-18.6030	0.7400	0.256
GRB150902733	2015-09-02 17:35:39.366	13.568	0.362	8.3192e-05	5.1999e-08	310.6132	-7.8162	0.1270	3.84
GRB130218261	2013-02-18 06:16:25.563	37.121	3.665	9.4331e-06	1.0626e-07	281.1190	-36.9624	2.2800	-6.144
GRB180804931	2018-08-04 22:20:38.284	18.432	4.672	8.1538e-06	8.2767e-08	280.5220	-23.0181	1.5800	-3.328
GRB130420422	2013-04-20 10:08:09.198	27.328	5.101	3.7707e-06	4.5941e-08	281.2148	-20.3435	4.0100	-2.432
GRB221203537	2022-12-03 12:52:59.454	3.520	0.945	8.1981e-07	2.0933e-08	312.1639	-46.8614	4.6000	0.0
GRB171024977	2017-10-24 23:27:19.628	35.072	5.838	9.4493e-07	3.4373e-08	309.2486	-6.9096	18.8200	-3.584
GRB180804765	2018-08-04 18:22:19.646	21.504	3.415	3.5109e-06	1.1637e-07	285.6898	-13.4998	7.0400	-5.12
GRB250223430	2025-02-23 10:19:23.759	2.432	0.749	1.5400e-07	1.2737e-08	115.7999	-18.8649	13.1500	-1.024
GRB240107803	2024-01-07 19:16:29.705	60.161	4.404	6.2274e-06	2.0910e-07	327.4637	-28.5908	3.4700	-0.512
GRB240807238	2024-08-07 05:42:45.201	7.680	3.444	6.7686e-07	5.7233e-08	326.7699	-31.6801	0.0028	-2.304
GRB250804960	2025-08-04 23:02:30.289	15.872	0.572	5.3965e-06	2.8772e-08	309.1242	-47.8719	2.8800	0.256
GRB221021388	2022-10-21 09:18:25.740	68.353	2.721	1.3670e-05	6.8946e-08	312.1761	-7.5844	11.8900	1.536
GRB250828500	2025-08-28 12:00:02.517	54.784	1.999	1.5602e-06	3.4506e-08	312.1648	-7.2324	4.8200	0.0
GRB230222404	2023-02-22 09:41:49.606	27.904	2.636	2.5409e-06	4.4278e-08	12.9793	-19.5062	11.5100	-1.28
GRB221201517	2022-12-01 12:24:45.315	28.929	0.810	1.8118e-05	2.7126e-08	325.1333	-19.4496	0.0016	1.024
GRB160716144	2016-07-16 03:26:50.296	28.928	1.280	2.8781e-06	3.1222e-08	301.7123	-5.1990	4.4100	-3.328
GRB240222369	2024-02-22 08:51:31.467	3.776	0.466	4.8433e-07	3.3155e-08	285.9971	-11.9530	0.0500	-2.752
GRB210126417	2021-01-26 10:00:05.890	61.441	6.734	3.9751e-06	9.8390e-08	279.5047	-36.9143	3.8500	-1.536
GRB260102883	2026-01-02 21:12:03.373	1.600	0.528	2.4160e-07	2.2191e-08	281.4025	-40.3806	17.6600	-0.256
GRB180906759	2018-09-06 18:12:25.937	13.309	1.055	3.6221e-06	1.7578e-08	326.2088	-20.3176	3.2200	0.003
GRB191220589	2019-12-20 14:08:29.264	27.905	1.056	1.8048e-05	4.2635e-08	310.0888	-5.6954	1.4000	3.328
GRB150404733	2015-04-04 17:35:03.719	4.864	1.950	6.1093e-07	2.9136e-08	292.8206	-6.6392	8.8700	-0.768
GRB231123809	2023-11-23 19:25:21.506	52.481	2.862	2.2087e-06	5.1308e-08	291.9643	-7.2369	4.8600	-0.768
GRB240422112	2024-04-22 02:40:59.467	28.160	2.673	8.4572e-07	2.8375e-08	323.6539	-15.3467	9.8600	-5.12
GRB180723133	2018-07-23 03:10:49.337	3.072	0.923	5.2896e-07	1.4984e-08	281.9537	-15.2117	13.0700	-0.768
GRB200908886	2020-09-08 21:15:41.430	6.144	2.187	1.2339e-06	1.0852e-07	293.9741	-5.7353	9.1900	-1.28
GRB250721401	2025-07-21 09:37:46.529	53.952	12.860	2.5082e-06	6.8223e-08	228.9621	-28.1781	0.3200	-3.392
GRB131118958	2013-11-18 22:58:57.465	85.249	4.382	6.7540e-05	4.0312e-07	316.1748	-47.8612	0.1139	5.632
GRB180703876	2018-07-03 21:01:40.495	20.736	1.557	1.6251e-05	4.2888e-08	306.7400	-49.8409	0.3000	1.536
GRB230723194	2023-07-23 04:38:43.467	0.768	0.231	3.4556e-07	4.8242e-08	296.9084	-49.5965	2.0000	-0.064
GRB260129421	2026-01-29 10:06:57.668	24.832	2.919	6.0222e-07	3.2753e-08	310.3753	-49.3494	10.6300	-2.304
GRB180906597	2018-09-06 14:19:51.779	52.030	2.127	3.7165e-06	3.1434e-08	277.6314	-24.0775	6.0000	0.003
GRB110911071	2011-09-11 01:41:41.569	8.960	4.352	5.9377e-07	8.3461e-08	324.7050	-16.0554	50.0000	-4.608
GRB140109877	2014-01-09 21:03:26.385	3.328	2.560	1.4920e-07	2.4975e-08	203.8023	-79.7059	37.4500	-1.024
GRB181128751	2018-11-28 18:01:54.190	17.664	1.619	1.5219e-06	4.2012e-08	298.9739	-4.1774	5.0900	-0.768
GRB170323775	2017-03-23 18:36:28.736	35.328	5.400	3.7589e-06	2.5270e-08	316.7065	-47.6659	3.0200	-8.96
GRB240613991	2024-06-13 23:46:33.967	3.072	0.572	9.7873e-07	2.5897e-08	326.2241	-16.8509	8.2800	-0.256
GRB251208393	2025-12-08 09:25:57.388	2.176	0.389	8.5900e-07	1.6027e-08	291.1260	-48.5964	3.8700	-0.064
GRB111107035	2011-11-07 00:50:25.484	12.032	0.923	9.0730e-07	3.4762e-08	281.2891	-15.0316	0.0002	-1.536
GRB190420981	2019-04-20 23:32:24.966	1.472	0.551	6.5380e-07	3.3113e-08	327.4099	-39.0048	2.0400	-0.128
GRB151003729	2015-10-03 17:29:59.933	44.032	5.043	1.3475e-06	5.7227e-08	279.8085	-41.2119	12.5600	-4.864
GRB220518717	2022-05-18 17:11:52.279	3.840	0.923	3.6100e-07	1.1880e-08	329.8595	-28.8436	8.3600	-1.28
GRB150628767	2015-06-28 18:23:57.191	0.640	0.634	2.6488e-07	1.1506e-08	318.1195	-47.7860	14.6800	-0.064
GRB240516150	2024-05-16 03:36:24.838	46.337	3.566	2.5512e-06	5.8289e-08	311.6968	-1.9821	0.0170	1.28
GRB260111690	2026-01-11 16:33:14.013	31.233	1.810	1.6937e-06	3.5155e-08	85.1921	53.0069	0.0833	-6.912
GRB180723757	2018-07-23 18:09:48.161	19.712	0.572	4.3311e-05	5.9251e-08	306.1522	-50.8925	1.0000	0.768
GRB200130248	2020-01-30 05:57:16.079	56.577	3.114	5.9173e-06	3.3020e-08	325.4556	-42.7914	1.6900	-1.792
GRB220124074	2022-01-24 01:47:00.032	53.760	11.406	2.7243e-06	6.6932e-08	328.3580	-21.4012	3.2500	-2.816
GRB230729294	2023-07-29 07:02:44.480	0.832	1.231	1.1692e-07	2.1624e-08	312.6406	-53.9404	12.0100	-0.64
GRB120919816	2012-09-19 19:35:41.796	20.480	1.305	1.1356e-06	2.2108e-08	329.7210	-32.9602	11.8900	-3.072
GRB240112541	2024-01-12 12:59:25.416	15.616	1.086	3.0525e-06	4.4126e-08	305.9600	-51.1488	3.4300	-0.256
GRB160303971	2016-03-03 23:18:32.560	27.136	6.987	1.3771e-06	3.5572e-08	330.3585	-32.4733	8.0000	-1.792
GRB170827818	2017-08-27 19:38:04.465	0.832	0.405	4.7114e-07	1.4638e-08	282.4727	-45.6229	6.4600	-0.448
GRB120426090	2012-04-26 02:09:14.331	2.688	0.091	2.1049e-05	2.2645e-08	277.0069	-21.0975	0.3550	0.288
GRB200629535	2020-06-29 12:49:49.292	28.160	1.056	9.6925e-06	5.7286e-08	322.5522	-45.9474	1.7600	-2.048
GRB130727698	2013-07-27 16:45:20.911	12.992	0.871	8.1625e-06	6.3628e-08	325.4254	-43.5245	0.0006	-1.024
GRB240905443	2024-09-05 10:37:30.094	16.896	1.493	2.6592e-06	6.1756e-08	311.9963	-4.2396	4.8100	-6.912
GRB230715190	2023-07-15 04:33:27.857	135.938	9.273	3.4306e-05	1.3385e-07	288.5324	-49.3312	2.0700	0.512
GRB251011297	2025-10-11 07:08:21.915	35.073	2.111	2.6647e-06	4.7855e-08	302.6240	-55.0947	0.0011	-2.56
GRB161105417	2016-11-05 10:00:48.956	41.473	1.086	9.5415e-06	3.5973e-08	323.8405	-11.9748	5.7167	1.28
GRB201217108	2020-12-17 02:35:03.511	37.121	2.673	5.7309e-06	4.0107e-08	329.2240	-20.5735	3.1500	-2.56
GRB170210116	2017-02-10 02:47:36.576	76.545	1.379	9.6107e-05	4.7655e-08	316.3273	-5.7419	3.2800	17.92
GRB250206827	2025-02-06 19:51:31.929	64.257	0.362	2.4119e-05	5.2747e-08	314.8613	-4.8993	1.6900	1.536
GRB200617679	2020-06-17 16:18:05.795	1.216	0.487	2.0464e-07	3.2273e-08	315.2539	-55.9631	15.3100	-0.96
GRB180528371	2018-05-28 08:53:42.356	16.896	2.919	7.1911e-07	3.6350e-08	330.7295	-25.1635	6.6600	-2.304
GRB230316546	2023-03-16 13:06:30.316	30.913	1.280	9.1700e-06	3.7680e-08	329.3908	-20.4204	1.7200	-4.736
GRB210317381	2021-03-17 09:08:29.045	46.337	1.864	2.0325e-05	2.2196e-07	287.4839	-6.8120	1.5000	1.28
GRB150826557	2015-08-26 13:22:15.679	33.024	1.846	3.7751e-06	3.8468e-08	329.4267	-39.0410	5.6600	-5.632
GRB190903722	2019-09-03 17:19:36.255	0.272	0.322	4.4683e-07	7.7354e-09	277.4996	-41.1466	6.3000	-0.064
GRB190804058	2019-08-04 01:23:27.355	4.224	0.516	4.4761e-07	1.5452e-08	275.7269	-22.2582	12.0200	-0.064
GRB120921877	2012-09-21 21:03:03.774	5.632	1.145	2.4783e-06	3.1034e-08	274.5296	-27.0670	3.2000	-0.256
GRB170126480	2017-01-26 11:30:41.537	13.824	3.083	8.5363e-06	6.6325e-08	327.7896	-16.7074	0.0012	0.256
GRB180113418	2018-01-13 10:02:05.407	24.576	0.362	1.6311e-04	5.7629e-08	295.2503	-2.9613	1.0000	5.376
GRB220830319	2022-08-30 07:39:27.297	61.441	0.572	8.9214e-06	2.5660e-08	321.5728	-8.5034	1.1500	-1.024
GRB150805445	2015-08-05 10:40:35.455	45.825	5.146	6.1044e-06	6.8920e-08	274.0019	-27.2987	2.5900	0.512
GRB181128129	2018-11-28 03:05:25.848	1.728	2.166	2.7689e-07	2.8168e-08	304.7886	-52.7909	22.3300	-0.64
GRB221108472	2022-11-08 11:19:33.128	15.104	1.086	1.2647e-06	4.5334e-08	330.3750	-56.4916	12.7600	-2.048
GRB230803061	2023-08-03 01:27:08.154	87.554	27.141	6.8251e-05	2.6963e-08	288.7097	-5.3829	3.3300	31.809
GRB190407575	2019-04-07 13:48:36.785	58.880	1.864	2.1343e-06	4.3104e-08	273.6020	-29.5520	6.3000	-0.512
GRB241002260	2024-10-02 06:14:18.763	64.256	4.382	4.4295e-06	4.8057e-08	325.7954	-45.2705	3.7000	-1.536
GRB140508179	2014-05-08 04:17:41.459	19.456	2.290	3.3351e-06	8.3258e-08	318.2686	-50.6054	4.9800	-1.024
GRB211031175	2021-10-31 04:11:39.155	0.128	0.345	4.8999e-08	1.2092e-08	262.3833	-39.5608	10.7300	-0.064
GRB140612294	2014-06-12 07:03:33.313	38.913	8.483	4.1045e-06	8.9186e-08	329.1688	-17.8485	4.6900	-0.256
GRB151117442	2015-11-17 10:36:59.778	58.561	4.672	8.7776e-06	6.8321e-08	298.0421	-52.7700	2.1100	-4.992
GRB150204272	2015-02-04 06:31:07.879	11.008	1.056	1.9351e-06	3.3765e-08	289.2382	-4.6967	0.0200	-4.608
GRB110818860	2011-08-18 20:37:54.221	67.073	3.916	5.1538e-06	3.3148e-08	330.7082	-39.1072	0.0004	-9.984
GRB170127067	2017-01-27 01:35:47.791	0.128	0.045	5.5868e-06	5.3191e-08	323.9208	-47.3537	0.3700	0.0
GRB211219910	2021-12-19 21:49:46.008	73.729	1.810	7.8320e-06	1.2014e-07	274.1471	-39.2963	3.0400	-1.536
GRB190921699	2019-09-21 16:45:55.125	22.272	1.280	2.5786e-06	2.3803e-08	324.9069	-47.3966	5.3800	-5.888
GRB250722465	2025-07-22 11:09:07.003	58.624	1.999	1.8678e-06	3.7388e-08	332.1148	-37.6395	12.6300	-7.68
GRB140422194	2014-04-22 04:38:45.411	361.472	9.882	4.7774e-06	1.0753e-07	290.3178	-2.5558	6.8500	-4.352
GRB250406610	2025-04-06 14:38:11.566	20.992	1.145	5.9394e-06	5.2193e-08	307.9661	-53.6991	1.0000	-0.512
GRB120521380	2012-05-21 09:07:52.386	91.134	4.222	3.1063e-06	7.2318e-08	305.4861	10.0473	0.0300	0.004
GRB200803149	2020-08-03 03:34:26.568	118.274	1.145	3.0893e-05	3.3585e-08	332.7296	-36.7561	0.4600	2.304
GRB130523198	2013-05-23 04:45:42.275	5.376	0.923	2.7096e-06	3.0996e-08	284.4928	-50.0722	2.1300	-1.28
GRB180727594	2018-07-27 14:15:28.814	0.896	0.286	3.9404e-07	1.6278e-08	321.1475	-50.2096	0.0010	-0.192
GRB131105087	2013-11-05 02:04:53.491	112.642	0.462	2.3777e-05	1.1076e-07	273.4853	-38.2840	0.0500	2.496
GRB131030653	2013-10-30 15:40:25.756	53.248	3.665	1.6500e-06	3.2015e-08	275.2580	-42.4262	7.7700	-1.28
GRB240127202	2024-01-27 04:50:40.525	0.096	0.653	1.1907e-07	1.6799e-08	333.8340	-31.6671	29.9000	-0.032
GRB180602938	2018-06-02 22:31:05.342	0.008	0.736	2.0878e-07	1.4845e-08	272.0144	-31.5480	1.8000	-0.016
GRB150403913	2015-04-03 21:54:10.952	22.272	0.810	5.4707e-05	5.5299e-08	333.1533	-36.9290	0.0010	3.328
GRB200117517	2020-01-17 12:24:06.532	28.416	2.187	4.4085e-06	1.1740e-07	277.9556	-12.6624	5.3100	-1.28
GRB141016897	2014-10-16 21:31:21.298	17.405	7.684	3.5790e-06	4.8085e-08	315.7145	-2.4911	1.5100	0.003
GRB121217313	2012-12-17 07:30:01.579	828.672	11.363	6.7667e-06	6.5604e-08	285.8336	-4.7968	0.0005	-807.424
GRB170906485	2017-09-06 11:38:16.839	45.568	16.689	4.3647e-07	4.6289e-08	286.5091	-51.9510	6.5800	-2.304
GRB110929187	2011-09-29 04:28:53.585	5.120	0.572	2.1973e-06	1.9698e-08	334.0963	-26.2277	4.0300	-0.512
GRB110521478	2011-05-21 11:28:58.883	6.141	0.809	3.6081e-06	8.0652e-08	275.8277	-44.2381	1.3100	0.003
GRB191031780	2019-10-31 18:43:16.707	77.825	1.379	1.1060e-05	2.8723e-08	274.5086	-18.1124	0.0500	3.328
GRB111003465	2011-10-03 11:10:00.230	16.640	1.056	2.1043e-05	5.9884e-08	332.6064	-21.0922	1.1100	0.512
GRB250319203	2025-03-19 04:52:59.464	58.113	10.037	2.5327e-06	3.2755e-08	327.4965	-46.9929	6.8400	-4.864
GRB180625941	2018-06-25 22:34:41.709	0.704	0.680	3.2452e-07	3.9932e-08	283.9535	-50.7700	6.4000	-0.128
GRB190119249	2019-01-19 05:59:03.575	34.304	9.319	1.0101e-06	3.0899e-08	302.6201	3.0502	5.9800	-1.28
GRB171004857	2017-10-04 20:33:35.382	8.192	0.923	1.3102e-06	7.6065e-08	292.1064	-53.8513	6.6200	-2.56
GRB160528276	2016-05-28 06:37:40.324	7.168	2.611	7.4301e-07	6.9412e-08	274.0233	-18.6037	6.5300	-1.792
GRB210603907	2021-06-03 21:46:28.382	7.936	1.717	6.8998e-07	2.1403e-08	282.7908	-6.8411	9.8400	-3.328
GRB220726405	2022-07-26 09:42:47.016	19.456	3.482	1.5393e-06	5.6038e-08	304.8485	0.9913	5.2900	-4.608
GRB150802127	2015-08-02 03:03:02.370	313.093	2.673	1.4592e-05	6.6361e-08	284.8439	-5.1624	4.1800	-34.817
GRB130406288	2013-04-06 06:55:03.462	7.936	1.305	2.9240e-06	5.1357e-08	287.2749	-3.5218	2.0900	-0.512
GRB170912273	2017-09-12 06:33:46.914	13.568	1.557	3.8202e-06	2.8362e-08	313.3283	-0.9635	0.0020	0.0
GRB141013803	2014-10-13 19:16:59.411	82.432	16.392	8.8092e-06	2.2047e-07	333.6678	-38.7302	3.7800	-0.512
GRB190507712	2019-05-07 17:05:16.938	0.096	0.705	1.1122e-07	4.8345e-09	270.9572	-31.4850	15.0300	-0.096
GRB220622394	2022-06-22 09:27:12.907	0.512	0.634	1.5432e-07	3.0455e-08	344.6376	-23.0934	15.6700	-0.128
GRB230614385	2023-06-14 09:15:01.627	14.909	0.602	5.7082e-06	2.0192e-08	273.1372	-20.0851	1.0000	0.003
GRB260302597	2026-03-02 14:19:40.447	11.328	1.208	2.1154e-06	8.5629e-08	323.0623	-6.4362	2.7100	-1.216
GRB250924435	2025-09-24 10:26:58.904	0.512	1.214	1.2576e-07	7.2554e-08	334.7208	-34.7549	9.5000	-0.448
GRB210119121	2021-01-19 02:54:09.820	0.048	0.058	1.8742e-07	1.3715e-08	333.9920	-23.6693	0.0500	-0.016
GRB170112970	2017-01-12 23:16:09.116	7.360	1.557	5.6152e-07	1.7537e-08	309.9183	0.2906	9.2200	-0.256
GRB170727841	2017-07-27 20:10:57.781	19.200	3.974	8.7289e-07	3.4578e-08	314.8712	-1.4022	8.8900	-2.304
GRB150228981	2015-02-28 23:32:40.651	36.609	1.056	1.1531e-05	2.7950e-08	307.3380	-55.2162	2.5300	0.454
GRB150206285	2015-02-06 06:50:10.688	23.296	3.338	2.9830e-06	4.2724e-08	314.9820	-54.1000	3.7000	-0.256
GRB151231443	2015-12-31 10:37:47.522	71.425	0.724	8.5926e-05	2.3398e-07	272.6949	-41.1075	1.0000	2.304
GRB171025913	2017-10-25 21:54:53.011	7.936	3.167	4.0953e-07	2.5548e-08	327.1126	-48.5950	14.0600	-4.608
GRB180822562	2018-08-22 13:28:34.050	152.003	1.639	8.1165e-06	3.5726e-08	299.3073	1.1674	2.1500	-5.76
GRB210621447	2021-06-21 10:44:03.750	15.616	3.874	1.0729e-06	5.7580e-08	326.7163	-8.9124	8.6000	-0.512
GRB211124104	2021-11-24 02:29:53.557	0.512	0.345	5.6924e-07	3.4975e-08	270.7163	-27.3168	5.9800	0.0
GRB140115863	2014-01-15 20:43:18.177	14.909	1.072	3.9525e-06	3.7625e-08	311.0536	0.3740	2.2000	0.003
GRB120119229	2012-01-19 05:29:49.009	41.728	1.557	5.9423e-06	3.5344e-08	280.0846	-8.3003	2.0000	0.0
GRB211107848	2021-11-07 20:20:40.217	8.384	4.332	5.1037e-07	3.4988e-08	298.4019	1.3192	17.8700	-3.52
GRB240227195	2024-02-27 04:40:15.164	1.600	0.716	4.6732e-07	1.4712e-08	271.4757	-39.4123	3.6300	0.0
GRB150514774	2015-05-14 18:35:05.352	10.813	1.072	4.7356e-06	4.8477e-08	270.4260	-36.9894	0.1200	0.003
GRB120304061	2012-03-04 01:27:48.718	9.984	1.055	5.0461e-06	1.9898e-08	276.0898	-12.8531	1.0000	-0.256
GRB200630076	2020-06-30 01:49:35.083	7.168	2.360	6.8551e-07	3.1575e-08	269.7912	-28.9755	0.0500	-1.28
GRB161106786	2016-11-06 18:51:41.071	12.544	2.862	1.2292e-06	2.1933e-08	335.4254	-24.2156	6.5900	-5.376
GRB240606565	2024-06-06 13:33:06.087	11.008	3.114	3.8129e-06	1.3897e-07	281.5924	-51.7145	0.0700	-2.816
GRB161110179	2016-11-10 04:17:51.739	1.792	0.923	1.5922e-07	2.5566e-08	329.1414	-11.1100	8.9800	-1.536
GRB120511638	2012-05-11 15:18:47.916	45.249	2.940	1.1400e-05	9.5141e-08	318.9597	-1.9308	2.0700	-0.128
GRB251130030	2025-11-30 00:43:07.430	19.456	2.290	1.6705e-06	3.7688e-08	295.0064	1.4602	5.0800	-4.608
GRB200714774	2020-07-14 18:35:05.078	20.736	1.717	7.1563e-06	5.5774e-08	305.4650	11.1526	0.0800	0.576
GRB140716436	2014-07-16 10:27:57.664	168.253	53.762	1.1831e-05	1.0005e-07	270.9521	-20.7690	0.0013	0.005
GRB160424492	2016-04-24 11:49:06.477	6.592	0.923	2.7276e-06	2.4520e-08	334.4563	-41.1356	0.0010	-0.64
GRB130730243	2013-07-30 05:50:19.742	27.904	1.999	2.1151e-06	3.5189e-08	277.4204	-9.8081	3.4400	-8.704
GRB190814837	2019-08-14 20:05:22.991	9.984	3.620	1.0762e-06	5.6305e-08	272.4804	-43.9071	30.2500	-1.536
GRB130304658	2013-03-04 15:46:49.893	23.296	4.382	1.6196e-06	4.0795e-08	296.0472	1.8316	6.5100	-15.36
GRB190422957	2019-04-22 22:58:24.004	213.252	10.746	8.6999e-06	9.7241e-08	297.6225	2.1903	0.0500	-150.019
GRB250312859	2025-03-12 20:36:56.636	5.376	0.362	2.1689e-06	2.6810e-08	295.2606	11.1954	4.8700	-1.024
GRB130701060	2013-07-01 01:27:06.273	20.224	1.729	7.1167e-06	9.8378e-08	269.5088	-25.7584	1.0000	-0.512
GRB130617564	2013-06-17 13:32:49.850	0.768	0.630	2.4091e-07	1.8301e-08	269.3898	-37.1965	9.9900	-0.448
GRB250929838	2025-09-29 20:06:07.178	9.728	2.919	5.1516e-07	2.0261e-08	272.9462	-44.9793	11.4600	-3.328
GRB160912350	2016-09-12 08:24:10.601	32.705	13.057	4.0972e-06	4.8019e-08	298.1652	2.4770	5.3100	-0.128
GRB260204701	2026-02-04 16:50:06.959	33.025	1.448	3.3181e-06	2.4807e-08	342.3010	-55.1663	6.3800	-8.704
GRB200129409	2020-01-29 09:48:44.182	0.112	0.464	2.8352e-07	2.7551e-08	345.8460	-62.2961	13.1000	-0.016
GRB150827785	2015-08-27 18:50:12.969	10.496	2.673	1.6786e-06	3.2794e-08	270.2329	-40.3400	5.1400	-2.56
GRB210727410	2021-07-27 09:50:46.735	1.088	0.231	1.9552e-06	2.3141e-08	301.1122	2.8945	1.8000	0.064
GRB180505540	2018-05-05 12:57:09.907	21.760	0.923	2.0133e-05	1.0630e-07	310.5649	-56.7406	1.2400	1.792
GRB200901158	2020-09-01 03:47:27.620	10.176	2.580	4.5091e-06	1.4092e-07	271.5279	-43.4730	0.0500	-0.128
GRB230709902	2023-07-09 21:39:25.455	3.840	2.360	9.2858e-07	4.6140e-08	315.5498	0.7314	3.9300	-0.768
GRB120909070	2012-09-09 01:41:22.398	112.066	10.419	9.8480e-06	1.5373e-07	335.3186	-19.6711	0.0000	-0.768
GRB250421443	2025-04-21 10:38:31.344	10.240	0.923	2.5096e-06	3.0285e-08	327.8774	-8.3803	3.8400	-0.512
GRB171112868	2017-11-12 20:50:17.151	302.789	0.923	1.4304e-05	6.1781e-08	295.8770	-57.0315	0.1700	-199.556
GRB200126466	2020-01-26 11:10:51.755	0.768	1.168	1.2830e-07	1.3141e-08	271.8373	-44.6334	12.3300	-0.64
GRB141031304	2014-10-31 07:18:21.669	19.456	2.896	4.9279e-06	6.0770e-08	274.8643	-11.1505	0.0010	-5.12
GRB170627931	2017-06-27 22:21:00.507	17.152	0.923	1.7910e-06	2.7273e-08	281.9439	-54.4017	11.8500	-6.912
GRB200219317	2020-02-19 07:36:49.096	1.152	1.032	1.5848e-06	4.0037e-08	327.6342	-51.8171	0.0010	-0.064
GRB140528837	2014-05-28 20:05:22.750	13.568	0.572	2.1546e-05	4.8175e-08	336.5541	-21.9747	0.4000	1.024
GRB180412425	2018-04-12 10:12:06.008	20.992	0.722	2.9571e-06	2.0817e-08	270.2680	-43.5306	1.0000	0.256
GRB130816074	2013-08-16 01:46:28.515	36.864	6.229	7.9647e-07	2.7277e-08	305.1435	3.8530	0.0000	-1.024
GRB230731986	2023-07-31 23:39:16.433	10.496	3.566	1.2088e-06	6.0015e-08	324.1751	-3.5784	8.3300	-4.096
GRB140929677	2014-09-29 16:14:45.291	37.120	4.048	1.8724e-06	4.8656e-08	294.9704	3.2757	8.7900	-4.864
GRB140710901	2014-07-10 21:37:37.935	11.520	4.636	1.3982e-06	4.7705e-08	309.0556	3.7188	0.0280	-6.656
GRB160422499	2016-04-22 11:59:00.807	12.288	0.362	8.8021e-05	7.0522e-08	278.2597	-53.1233	1.0000	0.832
GRB190828614	2019-08-28 14:44:26.448	19.968	0.923	1.5049e-05	2.4779e-08	302.0850	4.0910	1.1700	0.768
GRB150306993	2015-03-06 23:49:39.824	18.944	1.145	2.7014e-05	9.6784e-08	314.7821	-57.4386	1.0000	0.768
GRB120210650	2012-02-10 15:35:43.281	1.344	0.264	6.4450e-07	1.5088e-08	272.0320	-47.3399	5.5100	-0.064
GRB111015427	2011-10-15 10:15:12.985	92.737	3.319	2.4199e-05	3.9918e-07	317.0727	1.3764	1.9600	-0.64
GRB240517612	2024-05-17 14:41:50.126	24.320	1.493	6.8598e-07	1.9445e-08	329.3507	-7.6918	19.5400	-4.608
GRB130206817	2013-02-06 19:36:30.452	91.585	12.332	2.5681e-06	7.0511e-08	278.0584	-5.8225	0.0500	-2.56
GRB161020767	2016-10-20 18:24:44.518	22.078	0.602	4.9986e-06	4.1166e-08	284.4369	-55.9781	3.6100	0.003
GRB230815451	2023-08-15 10:49:54.662	5.181	0.859	1.2814e-05	1.0668e-07	298.6236	4.5453	0.0010	0.003
GRB250818063	2025-08-18 01:31:22.998	100.098	1.950	1.7620e-05	1.2049e-07	313.8796	3.0704	0.0500	-6.4
GRB150301818	2015-03-01 19:38:04.513	13.312	1.557	3.0852e-06	2.9774e-08	266.4743	-29.8935	0.0500	-0.256
GRB200924386	2020-09-24 09:15:20.824	2.816	1.379	6.3666e-07	2.7310e-08	340.2557	-41.1733	5.6000	-0.256
GRB180620660	2018-06-20 15:50:36.055	46.721	1.332	9.1061e-06	9.3410e-08	318.0005	-57.3341	0.0010	-0.512
GRB150821406	2015-08-21 09:44:20.332	103.426	5.753	5.2114e-05	2.8370e-07	329.5217	-52.3663	0.0014	4.096
GRB141222298	2014-12-22 07:08:57.398	2.752	0.264	9.2055e-06	3.8177e-08	294.9744	4.6030	0.1000	0.0
GRB230320150	2023-03-20 03:35:24.055	16.128	2.064	3.9786e-06	4.9291e-08	336.2526	-16.3061	3.5700	-0.512
GRB220610295	2022-06-10 07:04:41.813	17.664	2.290	7.8335e-06	6.5656e-08	321.5384	-0.3440	3.1200	-2.048
GRB140330180	2014-03-30 04:19:54.472	34.049	10.509	5.6892e-06	8.7242e-08	335.8887	-46.2775	0.3620	0.256
GRB200702892	2020-07-02 21:24:18.967	23.040	4.971	1.0551e-06	8.1379e-08	339.7756	-31.9433	21.4300	-3.072
GRB201120442	2020-11-20 10:35:49.072	3.136	0.916	4.7219e-07	3.8060e-08	266.1964	-35.7427	15.1900	-0.64
GRB200705674	2020-07-05 16:09:53.251	16.128	8.975	1.2876e-06	9.5971e-08	256.0874	-47.6838	23.7000	-2.816
GRB250601729	2025-06-01 17:29:35.538	3.072	0.429	1.4141e-06	8.9423e-09	265.7324	-29.3490	0.0500	-0.32
GRB220820998	2022-08-20 23:57:26.215	0.128	0.143	8.8933e-08	1.5824e-08	348.0468	-5.3500	10.2100	-0.064
GRB161001045	2016-10-01 01:05:16.718	2.240	0.232	1.7635e-06	1.5212e-08	266.2106	-39.1253	0.0010	-0.128
GRB131028096	2013-10-28 02:17:51.432	14.336	3.238	1.4565e-06	6.2039e-08	334.9774	-49.2008	6.6400	-1.28
GRB120220210	2012-02-20 05:02:21.603	21.248	1.639	1.2373e-06	2.4764e-08	310.0688	4.7744	7.3900	-5.376
GRB130127299	2013-01-27 07:09:53.161	19.456	2.721	1.0219e-06	5.8943e-08	340.4093	-32.3487	10.0100	-3.84
GRB110801335	2011-08-01 08:01:43.086	0.384	0.326	3.5374e-07	5.3966e-08	329.6934	-6.1972	7.3000	-0.128
GRB170416583	2017-04-16 14:00:05.852	61.952	0.572	1.1272e-05	2.5357e-08	339.2373	-23.2042	3.6500	-5.12
GRB150702998	2015-07-02 23:56:38.551	45.825	2.064	1.1741e-05	5.4028e-08	270.7752	-48.9530	0.3600	1.344
GRB210123305	2021-01-23 07:19:03.067	13.056	0.923	2.2490e-05	6.7481e-08	328.7228	-54.2857	1.1400	0.512
GRB220725563	2022-07-25 13:31:15.516	0.256	0.516	2.4407e-07	1.8095e-08	267.0144	-21.1254	5.8000	-0.192
GRB150824079	2015-08-24 01:53:31.764	13.568	0.362	1.9695e-05	4.1365e-08	289.3574	3.4127	0.1500	0.736
GRB250214231	2025-02-14 05:32:07.175	6.912	0.724	1.9873e-06	3.7877e-08	258.3590	-4.4662	5.2600	-2.304
GRB111009282	2011-10-09 06:45:40.173	20.736	4.221	1.2033e-05	5.1277e-08	297.5503	5.6408	1.0800	-0.256
GRB111220486	2011-12-20 11:40:26.242	39.041	5.101	5.3558e-05	2.2188e-07	336.7164	-14.3258	1.3900	-6.144
GRB190726843	2019-07-26 20:14:30.561	224.260	0.724	1.9460e-05	4.0265e-08	331.4731	-53.9378	2.4300	1.792
GRB120316008	2012-03-16 00:11:02.559	26.624	0.362	1.6257e-05	3.0770e-08	268.2502	-47.1967	0.5840	1.536
GRB251001112	2025-10-01 02:40:56.952	7.040	0.265	4.8476e-06	1.6096e-08	319.8716	2.4299	1.7900	-0.064
GRB181227262	2018-12-27 06:17:00.496	13.184	0.202	6.3506e-05	1.5919e-07	290.2923	-59.8792	1.0000	1.984
GRB200223814	2020-02-23 19:32:03.243	65.281	10.555	4.4902e-06	1.6177e-07	330.6792	-5.3877	7.4600	-20.224
GRB161228388	2016-12-28 09:19:13.223	72.704	4.672	3.6017e-06	5.9076e-08	334.7101	-10.9895	11.5300	-18.176
GRB160827586	2016-08-27 14:03:30.892	51.200	4.048	6.0188e-06	1.0715e-07	282.8842	0.9778	2.3400	-4.096
GRB160829334	2016-08-29 08:01:37.643	0.512	0.202	3.3953e-07	1.1051e-08	307.4576	6.7062	0.4500	-0.064
GRB140928437	2014-09-28 10:29:53.554	17.920	6.720	4.4723e-06	8.3463e-08	273.9216	-53.6881	0.0004	-10.752
GRB201021852	2020-10-21 20:27:21.923	35.328	2.202	1.6782e-06	4.2702e-08	303.3031	-61.7374	0.0500	-5.888
GRB140506880	2014-05-06 21:07:36.877	64.128	2.005	6.5933e-06	1.1836e-07	339.3092	-18.8535	0.0013	-3.968
GRB251122989	2025-11-22 23:44:26.895	1.536	2.090	2.6306e-07	1.1968e-07	335.3243	-51.3585	10.7370	-0.512
GRB190720964	2019-07-20 23:08:38.764	10.496	1.950	2.8728e-06	5.6674e-08	275.6344	-4.6171	2.3500	-0.256
GRB200323782	2020-03-23 18:46:32.956	2.112	0.580	2.8845e-06	2.9158e-08	283.3085	1.6857	1.4500	0.064
GRB150425617	2015-04-25 14:48:19.535	4.352	0.923	8.0518e-07	4.0690e-08	314.8966	5.3734	8.1800	-0.768
GRB160516237	2016-05-16 05:41:47.309	2.432	0.771	1.9530e-06	7.7704e-08	342.3929	-37.7682	2.3500	-0.96
GRB231103612	2023-11-03 14:41:30.250	43.520	3.167	2.5253e-06	4.2926e-08	301.6023	-61.8569	5.1700	-1.792
GRB240118508	2024-01-18 12:11:05.288	26.624	3.916	1.1504e-06	2.0030e-08	269.4408	-51.3549	7.0600	-9.216
GRB121112806	2012-11-12 19:20:44.265	1.280	1.358	2.2315e-07	3.2195e-08	263.3862	-35.4430	15.5600	-0.128
GRB120510900	2012-05-10 21:36:26.100	62.465	3.908	6.0145e-06	7.6321e-08	299.5264	7.4748	3.7500	1.792
GRB130228212	2013-02-28 05:05:57.052	15.677	0.627	1.6586e-05	6.5402e-08	327.9896	-1.9468	1.2800	0.003
GRB240205926	2024-02-05 22:13:08.169	47.105	0.362	4.9464e-05	3.0197e-08	325.8401	-58.0820	0.0500	2.048
GRB210204777	2021-02-04 18:38:59.570	32.000	5.030	2.4972e-06	4.0528e-08	339.1285	-16.2801	2.3900	-11.008
GRB230911185	2023-09-11 04:25:49.521	85.505	0.724	1.7218e-05	4.0423e-08	326.0234	-58.1615	1.1300	-1.024
GRB190422670	2019-04-22 16:05:04.521	20.736	1.810	1.8196e-06	3.5018e-08	300.8287	7.8625	7.9600	-11.264
GRB230704821	2023-07-04 19:42:15.436	21.760	3.238	2.0121e-06	4.0817e-08	313.8647	6.3701	5.3700	-13.312
GRB161020024	2016-10-20 00:34:46.951	12.288	4.471	8.0793e-07	1.7094e-08	285.1826	3.6552	0.0330	-7.68
GRB210315716	2021-03-15 17:10:51.604	5.632	0.724	8.6312e-07	8.9334e-09	263.8293	-24.1447	7.3200	-1.024
GRB211116487	2021-11-16 11:40:59.976	14.848	4.136	5.3969e-07	2.6152e-08	300.3450	-62.7574	7.1500	-3.584
GRB220606044	2022-06-06 01:03:28.675	0.896	0.405	6.3086e-08	4.3530e-09	284.7540	-60.1279	0.0830	-0.256
GRB190830264	2019-08-30 06:20:46.350	5.376	3.083	9.3270e-07	3.3340e-08	284.2266	3.1969	9.8100	0.0
GRB250202841	2025-02-02 20:10:35.824	7.104	1.095	2.1375e-06	4.4642e-08	343.5915	-32.0632	4.0500	0.064
GRB210805002	2021-08-05 00:02:12.553	0.832	0.773	1.4068e-07	1.0933e-08	306.1344	8.2559	19.3900	-0.576
GRB120728934	2012-07-28 22:25:12.737	32.768	2.429	3.7430e-06	4.5984e-08	274.0931	-4.5735	0.0010	-1.536
GRB160513553	2016-05-13 13:16:18.605	1.664	0.500	2.3115e-07	3.2904e-08	339.7643	-16.6942	16.6600	-1.664
GRB171010875	2017-10-10 20:59:26.476	25.344	3.806	9.2608e-07	3.3829e-08	279.0385	-58.5946	0.0267	-2.56
GRB130515056	2013-05-15 01:21:17.876	0.256	0.091	1.0896e-06	1.5774e-08	341.9690	-22.0435	0.0500	-0.064
GRB200923748	2020-09-23 17:57:43.613	0.640	0.320	1.9181e-07	1.8010e-08	270.0220	-9.3939	11.9000	-0.32
GRB171029020	2017-10-29 00:28:49.091	19.712	5.910	1.5372e-06	6.8866e-08	306.1073	8.4890	9.4700	-4.352
GRB120117291	2012-01-17 06:59:37.707	3.328	1.600	1.2137e-07	1.6438e-08	335.9365	-53.3125	17.9100	-2.752
GRB190110726	2019-01-10 17:24:49.208	8.960	0.810	4.9356e-06	2.7264e-08	341.2616	-18.2086	0.0500	-0.768
GRB250522714	2025-05-22 17:08:52.839	8.704	0.724	6.6574e-07	2.2799e-08	342.2702	-23.1159	11.4000	-6.144
GRB150913161	2015-09-13 03:51:57.427	20.992	1.305	1.0365e-05	7.1500e-08	329.0606	-0.9978	1.9500	-0.768
GRB231025283	2023-10-25 06:46:59.585	5.888	3.806	3.5159e-07	2.8368e-08	301.7742	9.7747	16.3200	-3.584
GRB170317666	2017-03-17 15:59:26.190	212.995	3.916	8.8082e-06	9.6945e-08	344.5153	-36.3262	4.8500	1.84
GRB180728728	2018-07-28 17:29:02.277	6.400	0.362	5.5911e-05	3.4463e-08	333.9678	-6.5058	0.0500	10.24
GRB200714344	2020-07-14 08:15:25.914	0.960	0.264	1.0982e-06	1.4213e-08	301.4851	8.8944	2.1700	-0.064
GRB140605377	2014-06-05 09:02:50.651	0.512	0.320	8.0250e-07	8.5088e-09	268.2427	-11.4177	6.0800	-0.384
GRB150601904	2015-06-01 21:41:10.405	0.768	0.668	1.2722e-07	1.8235e-08	261.3874	-35.0951	6.8400	-0.576
GRB211222768	2021-12-22 18:26:12.228	1.024	0.551	1.2578e-07	1.4657e-08	263.6298	-21.2624	20.6300	-0.96
GRB220803402	2022-08-03 09:39:09.870	7.936	0.810	3.3946e-06	2.2647e-08	309.2362	8.6739	1.0600	0.0
GRB210308838	2021-03-08 20:06:00.143	0.384	0.707	1.0404e-07	1.7017e-08	328.8547	-58.8391	9.2000	-0.064
GRB220320194	2022-03-20 04:39:54.512	19.968	0.362	4.3114e-05	6.9759e-08	262.2539	-24.9328	1.6300	1.792
GRB190510120	2019-05-10 02:52:13.232	69.633	1.717	6.7014e-06	3.8801e-08	268.4405	-9.6106	1.1700	-2.816
GRB110930564	2011-09-30 13:32:31.189	37.889	5.431	6.2323e-06	1.3023e-07	299.6051	9.0683	5.0500	-6.912
GRB190622368	2019-06-22 08:50:06.276	31.744	0.923	1.8138e-06	1.4222e-08	286.8714	5.7674	22.8900	-12.8
GRB240805085	2024-08-05 02:02:20.309	10.752	0.362	2.7963e-05	2.4335e-08	301.7628	9.2588	0.0350	0.768
GRB150422294	2015-04-22 07:03:30.584	30.208	8.583	2.4463e-06	4.0506e-08	282.0342	3.2244	10.2900	-6.144
GRB221022612	2022-10-22 14:41:46.429	0.256	0.306	7.9390e-07	2.2623e-08	324.7725	2.6228	7.2600	-0.032
GRB230409936	2023-04-09 22:27:45.371	52.736	1.864	3.3447e-06	2.9945e-08	304.7942	9.4472	10.4600	-4.352
GRB220910627	2022-09-10 15:02:57.881	1.600	1.288	9.2406e-08	6.3362e-08	341.3731	-18.0512	20.9700	-0.768
GRB200709147	2020-07-09 03:31:16.764	51.969	1.145	6.2104e-06	3.6792e-08	266.9319	-11.9941	7.3000	-20.736
GRB130906435	2013-09-06 10:26:25.297	8.192	2.769	8.2427e-07	3.5082e-08	342.1040	-19.5026	7.6000	-3.584
GRB200623752	2020-06-23 18:02:48.953	0.704	0.453	7.2179e-07	1.9274e-08	334.7132	-55.7674	2.3700	-0.192
GRB210427206	2021-04-27 04:57:12.992	18.688	1.145	9.2263e-06	1.1479e-07	293.6317	8.3856	1.1400	-0.768
GRB141215560	2014-12-15 13:26:15.754	11.264	0.362	2.5822e-05	6.5054e-08	294.5178	9.2224	0.2500	1.088
GRB191026350	2019-10-26 08:23:44.459	59.136	4.944	2.9672e-06	4.7650e-08	274.2567	-58.6739	4.9900	-7.68
GRB180125891	2018-01-25 21:22:24.193	22.784	0.572	1.6266e-05	3.8981e-08	315.2993	8.2254	1.0000	2.048
GRB221112263	2022-11-12 06:18:04.355	10.752	4.471	3.5873e-07	3.1779e-08	260.5670	-27.7751	5.6600	-1.024
GRB250201417	2025-02-01 09:59:46.667	16.384	0.362	1.2660e-05	3.3192e-08	265.3207	-13.9378	1.1000	1.088
GRB141122875	2014-11-22 20:59:46.714	30.720	7.245	4.0273e-06	1.6895e-07	343.2237	-19.9133	5.7800	-3.584
GRB150508945	2015-05-08 22:40:42.825	113.920	1.619	2.8856e-06	2.9420e-08	267.8054	-54.6913	10.0800	-104.704
GRB120420249	2012-04-20 05:58:07.258	25.600	4.419	2.8780e-06	5.9863e-08	266.3554	-53.8052	5.4400	-0.768
GRB121127914	2012-11-27 21:56:00.318	0.640	0.405	1.5847e-06	4.9847e-08	292.8727	9.1701	0.3000	-0.064
GRB160316139	2016-03-16 03:19:44.995	17.152	4.352	1.9114e-06	6.1847e-08	325.6320	-61.5477	11.5900	-4.608
GRB211104765	2021-11-04 18:21:49.113	39.681	2.986	2.5535e-06	2.7227e-08	332.9286	-2.7339	3.9100	-3.584
GRB200411187	2020-04-11 04:29:02.522	1.440	0.506	6.5833e-07	2.3333e-08	266.6620	-53.8608	0.0010	-0.032
GRB170209048	2017-02-09 01:08:38.077	39.677	2.064	1.0732e-05	7.7227e-08	263.6784	-16.5855	0.0001	0.003
GRB230915288	2023-09-15 06:54:25.503	28.928	4.419	3.9607e-06	4.6955e-08	286.4788	7.1826	3.9900	1.024
GRB210714331	2021-07-14 07:56:33.250	42.369	3.139	3.6533e-05	1.4406e-07	346.9465	-39.8303	1.0000	1.024
GRB201229639	2020-12-29 15:20:12.706	77.826	1.145	1.2738e-05	6.6977e-08	338.3264	-55.2077	1.3300	0.768
GRB150627183	2015-06-27 04:23:23.681	64.577	0.590	1.7972e-04	3.8256e-07	264.8872	-12.5563	0.0500	5.312
GRB130830921	2013-08-30 22:06:33.507	36.352	1.717	1.4411e-06	3.4975e-08	331.0202	-60.5169	10.4900	-3.072
GRB231203293	2023-12-03 07:01:30.772	36.608	2.318	5.3892e-06	5.2168e-08	325.3973	4.6563	3.7300	0.256
GRB210925056	2021-09-25 01:20:08.678	4.544	0.529	5.7858e-06	3.1157e-08	265.1503	-54.1365	1.1800	-0.128
GRB210807955	2021-08-07 22:55:24.307	125.442	4.238	2.9852e-05	2.2781e-07	274.7054	0.3172	0.0500	2.56
GRB200130417	2020-01-30 09:59:56.672	11.293	0.383	1.1459e-05	1.4010e-08	271.9891	-2.2806	3.5000	0.003
GRB221103285	2022-11-03 06:50:18.653	140.290	1.448	1.3112e-05	5.2907e-08	267.6259	-7.5101	2.1300	0.256
GRB161230298	2016-12-30 07:09:25.792	0.448	0.389	1.7285e-07	1.0550e-08	347.0081	-28.2264	10.9400	-0.448
GRB150718656	2015-07-18 15:44:46.540	19.456	1.379	1.1114e-06	2.8201e-08	266.7923	-8.3909	6.1900	-1.536
GRB220408311	2022-04-08 07:28:04.645	32.513	1.056	3.4595e-05	6.8446e-08	258.8511	-27.0772	0.0600	1.536
GRB160909061	2016-09-09 01:27:56.360	18.432	1.864	1.9165e-06	3.7742e-08	331.5627	0.2834	2.6900	-12.032
GRB160609941	2016-06-09 22:34:51.217	60.160	4.167	2.1305e-06	9.7318e-08	258.4691	-40.9711	8.4500	-0.256
GRB230807934	2023-08-07 22:25:01.819	52.480	2.415	6.1744e-06	5.9560e-08	258.0056	-39.0844	3.4800	-6.912
GRB220130968	2022-01-30 23:14:35.949	61.441	4.222	5.7858e-05	1.3473e-07	324.6580	-63.6462	1.6800	69.633
GRB160905471	2016-09-05 11:18:55.912	33.537	1.379	7.3168e-05	3.6465e-07	283.9880	7.5106	0.0500	3.84
GRB201207977	2020-12-07 23:26:55.727	17.408	1.810	1.2907e-05	5.0007e-08	266.1135	-8.4124	2.3900	-0.512
GRB150922883	2015-09-22 21:11:32.732	2.816	0.572	6.4844e-07	1.6195e-08	343.6702	-15.4158	12.3900	-1.536
GRB190609315	2019-06-09 07:34:05.259	97.538	4.529	1.4363e-05	3.9394e-08	286.0045	8.4845	1.9400	-16.128
GRB110706477	2011-07-06 11:26:15.757	73.217	14.612	6.7157e-06	7.0660e-08	258.8600	-26.0045	2.0400	-2.56
GRB230204130	2023-02-04 03:06:30.415	0.032	0.705	9.0831e-08	1.1403e-08	348.1255	-39.2766	8.9800	-0.032
GRB200105914	2020-01-05 21:55:28.993	16.896	2.919	3.3754e-06	5.6369e-08	0.5582	-47.0817	4.9100	-3.84
GRB210201567	2021-02-01 13:36:22.493	39.680	4.375	2.9938e-06	3.0965e-08	274.8810	1.4672	5.0700	-26.368
GRB210923124	2021-09-23 02:59:03.493	128.512	5.838	1.1129e-05	1.1083e-07	344.8231	-18.2695	3.8100	-34.816
GRB140608153	2014-06-08 03:41:00.977	71.681	7.371	1.2302e-05	2.2467e-07	277.7200	4.2775	1.2600	-4.608
GRB230227432	2023-02-27 10:22:03.229	15.360	9.018	2.1692e-06	4.9867e-08	335.3335	-60.0429	1.7500	-3.328
GRB230116205	2023-01-16 04:54:34.289	7.933	1.055	3.6749e-06	3.2852e-08	256.4215	-34.0073	2.0600	0.003
GRB180404091	2018-04-04 02:11:38.644	80.897	2.290	2.8009e-05	1.3991e-07	260.9475	-51.5564	0.0010	1.024
GRB120709883	2012-07-09 21:11:40.367	27.328	0.958	1.3729e-05	3.7510e-08	348.4414	-42.9732	0.4600	-0.128
GRB150923864	2015-09-23 20:44:23.646	1.792	0.091	1.5772e-06	1.4473e-08	257.3117	-43.0426	5.0200	0.0
GRB230529330	2023-05-29 07:54:45.316	36.608	2.360	2.0628e-06	2.5536e-08	336.9109	-59.6999	12.6700	-2.048
GRB121205507	2012-12-05 12:10:04.714	2.816	0.231	1.3345e-07	7.5064e-09	330.5595	3.0906	11.7200	-0.384
GRB240417782	2024-04-17 18:46:10.647	1.024	0.607	1.0891e-07	1.4582e-08	276.3919	-63.6008	12.8100	-0.896
GRB200311636	2020-03-11 15:16:12.928	52.481	0.810	4.2543e-05	1.2789e-07	310.2843	12.5551	1.0000	1.056
GRB260213736	2026-02-13 17:40:09.972	22.528	2.290	4.5269e-06	3.0637e-08	268.7632	9.4834	3.6300	-13.312
GRB220326173	2022-03-26 04:09:32.482	23.552	3.999	1.6826e-06	2.9917e-08	295.6384	31.4502	11.5500	-8.192
GRB141012773	2014-10-12 18:33:17.676	37.633	1.619	6.6405e-06	4.2625e-08	347.1659	-22.8488	3.0600	-25.857
GRB241105671	2024-11-05 16:06:04.658	91.842	1.584	9.1087e-06	1.5778e-07	257.0943	-43.7125	0.0500	-0.128
GRB230518951	2023-05-18 22:49:27.609	0.896	0.286	9.4529e-08	7.0611e-09	338.5304	-5.1634	19.0500	-0.768
GRB190222312	2019-02-22 07:29:35.526	13.824	1.379	3.3355e-06	3.4930e-08	320.2443	19.4097	3.8600	-2.304
GRB250225268	2025-02-25 06:25:23.046	52.480	1.864	1.6223e-06	3.8581e-08	244.4785	-49.1840	12.1400	-3.328
GRB130121835	2013-01-21 20:01:59.967	178.691	1.145	4.3448e-05	1.1117e-07	315.0483	11.6376	1.1400	1.792
GRB201128746	2020-11-28 17:54:11.610	11.264	4.382	7.8156e-07	3.7713e-08	343.1623	-56.0854	0.0800	-2.048
GRB260208634	2026-02-08 15:12:18.591	19.456	3.083	5.0114e-06	3.2135e-08	346.7372	-19.2317	2.3400	0.512
GRB210706571	2021-07-06 13:41:34.000	3.840	0.286	5.8913e-06	1.7702e-08	261.6211	-13.4658	1.3200	-0.064
GRB160416022	2016-04-16 00:31:35.680	26.621	3.435	5.0656e-06	1.0685e-07	292.2254	12.0366	5.1400	0.004
GRB211204144	2021-12-04 03:27:36.437	77.056	2.985	1.9627e-06	3.2247e-08	271.1458	-61.7377	10.2800	-2.56
GRB150721732	2015-07-21 17:34:29.549	11.520	1.639	1.3508e-06	3.4063e-08	346.8480	-20.2718	6.9700	-1.536
GRB200206706	2020-02-06 16:56:21.457	13.824	4.222	5.9706e-07	2.1642e-08	349.7025	-29.9009	18.7400	-7.424
GRB200505994	2020-05-05 23:50:44.085	9.984	1.305	2.4803e-06	2.2019e-08	255.5073	-34.1137	3.5300	-0.256
GRB230517462	2023-05-17 11:05:46.299	23.296	1.280	1.4492e-05	8.0512e-08	263.7384	-9.5901	1.6100	1.536
GRB251121688	2025-11-21 16:30:58.991	0.320	1.026	3.3681e-07	8.7876e-09	325.3969	19.5303	16.5660	-0.064
GRB150301045	2015-03-01 01:04:28.648	0.416	0.295	1.8056e-07	1.2258e-08	334.0077	1.3594	0.0500	-0.032
GRB190916590	2019-09-16 14:10:14.554	37.376	2.064	2.9580e-06	5.9154e-08	349.6898	-44.9997	11.7800	-0.256
GRB140115899	2014-01-15 21:35:11.505	10.496	1.950	3.2559e-06	5.4392e-08	256.9028	-25.1435	5.1800	-1.792
GRB250919020	2025-09-19 00:28:52.284	129.283	0.923	2.6062e-04	4.1459e-07	350.0314	-30.1156	0.0007	19.008
GRB200103678	2020-01-03 16:16:50.019	9.984	4.971	9.1401e-07	3.1202e-08	351.0367	-71.5542	16.7100	-0.512
GRB170125102	2017-01-25 02:27:10.307	0.672	1.227	1.0424e-07	1.4015e-08	345.0078	-74.1781	26.5900	-0.672
GRB230503847	2023-05-03 20:19:07.437	83.458	4.944	6.1295e-06	7.3206e-08	255.7350	-44.0214	2.8800	-4.352
GRB240215828	2024-02-15 19:51:43.846	21.760	2.429	9.8077e-06	8.1278e-08	350.7482	-37.3102	2.5400	-3.584
GRB180416340	2018-04-16 08:09:26.469	103.426	6.405	3.8795e-05	2.2190e-07	261.8311	-11.8281	1.0000	1.792
GRB250716062	2025-07-16 01:29:06.245	66.049	0.724	7.3989e-05	1.0937e-07	255.5217	-44.2233	1.0000	4.352
GRB181002617	2018-10-02 14:47:47.342	1.664	0.202	6.8697e-07	1.6276e-08	21.3826	7.9954	7.7800	-0.064
GRB130919985	2013-09-19 23:38:13.695	17.408	4.382	3.3617e-06	1.4605e-07	333.2904	2.5948	9.0800	-4.096
GRB120314412	2012-03-14 09:52:34.674	1.280	1.086	1.6419e-07	3.1375e-08	294.0310	-68.0490	17.8200	-1.28
GRB170825784	2017-08-25 18:49:11.041	65.024	7.331	7.4724e-06	4.8021e-08	261.9608	-11.8876	2.2100	-43.264
GRB160223670	2016-02-23 16:04:41.056	288.005	0.724	1.2170e-05	4.8005e-08	293.5406	-68.2035	4.8700	0.512
GRB260112226	2026-01-12 05:25:50.725	43.584	2.218	2.8051e-06	1.1900e-07	350.9688	-39.3358	7.9800	-4.608
GRB230918997	2023-09-18 23:55:14.924	14.080	1.379	2.0179e-06	2.3306e-08	351.0997	-36.0757	6.3500	-3.072
GRB191118925	2019-11-18 22:12:01.821	36.353	2.064	1.0375e-05	8.9766e-08	317.1025	12.1325	2.2200	3.072
GRB160227831	2016-02-27 19:57:06.331	7.680	0.810	1.6614e-05	4.2045e-08	263.9780	-7.5940	1.2900	0.256
GRB150820880	2015-08-20 21:07:15.642	5.888	1.379	3.4278e-07	1.7733e-08	340.4708	-5.6225	15.3500	-0.768
GRB260210760	2026-02-10 18:14:06.126	37.889	2.290	2.9534e-06	2.6156e-08	315.2762	-68.1543	10.2700	-2.048
GRB240628817	2024-06-28 19:36:35.603	0.225	0.228	3.5529e-07	6.2648e-09	308.8678	32.3037	17.7200	-0.129
GRB200207058	2020-02-07 01:22:55.598	15.616	2.429	4.2157e-06	6.7085e-08	334.1904	1.7351	3.2400	-1.536
GRB150322066	2015-03-22 01:35:03.236	15.613	3.593	3.6315e-06	2.8627e-08	264.6907	-6.1339	2.8000	0.003
GRB231118720	2023-11-18 17:16:29.832	5.760	0.572	7.4027e-06	5.0124e-08	317.4609	-68.1786	0.0500	-0.512
GRB250920643	2025-09-20 15:25:17.063	36.609	0.362	2.9633e-05	1.6409e-08	226.4853	-56.1000	0.0015	0.256
GRB180605458	2018-06-05 10:59:25.177	24.064	0.810	1.8252e-05	3.4616e-08	260.1409	-55.9605	1.1600	0.576
GRB151114645	2015-11-14 15:28:24.519	34.816	1.950	2.2018e-06	5.4836e-08	255.1432	-46.6832	5.8100	-1.792
GRB120212353	2012-02-12 08:27:47.590	0.864	0.577	5.0869e-08	1.2231e-08	351.3141	-33.2257	7.4700	-0.832
GRB210113379	2021-01-13 09:05:48.032	38.400	2.202	2.4318e-06	4.5132e-08	347.1677	-15.7305	13.2400	-3.328
GRB180611145	2018-06-11 03:29:01.461	8.960	0.572	4.7044e-06	3.2085e-08	258.0254	-53.4951	1.6700	-0.256
GRB150313657	2015-03-13 15:46:42.061	5.120	3.093	8.6729e-07	5.9525e-08	331.3706	4.8330	8.4200	-1.792
GRB180807097	2018-08-07 02:19:54.720	54.272	6.085	4.5402e-06	6.6151e-08	337.6180	-62.6443	9.2900	-16.896
GRB250202047	2025-02-02 01:08:03.464	111.874	1.448	1.8784e-05	3.8957e-08	10.8014	-22.7897	1.1000	-50.689
GRB251006837	2025-10-06 20:05:04.040	5.949	0.408	1.9238e-05	3.7300e-08	179.1373	-56.2692	0.0400	0.003
GRB150830128	2015-08-30 03:04:32.625	44.801	0.724	4.1294e-06	2.6687e-08	312.8422	13.9811	2.9900	-6.144
GRB130722021	2013-07-22 00:29:51.006	81.408	5.184	1.4798e-06	4.6591e-08	262.0033	-9.2041	10.1200	-0.256
GRB230906538	2023-09-06 12:55:07.149	1.024	0.143	2.7576e-06	1.6305e-08	253.6606	-33.8032	2.7900	-0.064
GRB181026540	2018-10-26 12:57:00.037	44.800	3.620	5.7028e-06	8.9035e-08	335.8329	-64.2014	1.8700	0.256
GRB220831664	2022-08-31 15:56:35.373	2.816	1.379	6.7288e-07	3.9294e-08	347.0887	-55.4095	8.6400	-1.28
GRB121027038	2012-10-27 00:54:19.368	166.915	3.692	7.3949e-06	6.5268e-08	318.8374	-68.5182	2.6100	-65.537
GRB150630958	2015-06-30 22:58:59.022	39.169	9.812	2.3007e-06	6.6990e-08	328.6657	-66.6932	2.5200	-3.072
GRB181020792	2018-10-20 19:00:33.297	15.104	0.572	2.8074e-05	3.4394e-08	300.7343	-69.7295	0.0002	0.512
GRB120801920	2012-08-01 22:05:21.191	479.239	23.752	3.3402e-05	2.6343e-07	335.6278	1.6244	2.3900	-7.168
GRB230405832	2023-04-05 19:58:03.872	4.288	0.143	1.0735e-05	2.2671e-08	346.0455	-12.3481	0.0010	0.384
GRB250502308	2025-05-02 07:23:59.295	5.632	0.979	7.6139e-07	1.9533e-08	332.3744	4.6656	11.9900	-0.704
GRB220711675	2022-07-11 16:11:58.536	0.256	0.231	1.2715e-06	1.7104e-08	253.4347	-34.9748	5.5000	-0.128
GRB190324947	2019-03-24 22:44:02.636	26.881	9.941	1.6380e-05	2.0296e-07	257.8858	-54.9997	0.0500	16.128
GRB161119633	2016-11-19 15:11:06.403	77.824	2.360	6.8453e-06	5.8008e-08	258.9751	-56.4999	3.2700	-60.672
GRB170906030	2017-09-06 00:43:08.152	78.849	0.724	9.4607e-05	7.8311e-08	310.7301	15.0979	0.0014	12.032
GRB141102536	2014-11-02 12:51:39.263	2.624	0.326	1.4195e-06	4.1208e-08	313.9337	14.4211	0.0010	-0.064
GRB171119992	2017-11-19 23:48:27.172	26.369	0.572	4.6886e-05	2.3476e-07	267.8782	-0.3381	1.0000	0.832
GRB210524208	2021-05-24 04:59:59.092	20.992	0.724	1.3622e-05	3.1621e-08	347.7471	-55.8117	1.5300	-0.512
GRB251203346	2025-12-03 08:18:45.150	35.073	1.493	8.6765e-06	6.4524e-08	284.2418	11.9691	2.1600	-1.536
GRB170115743	2017-01-15 17:49:14.034	44.288	3.083	5.1941e-05	6.2911e-08	300.2731	15.9445	0.2600	0.512
GRB250228308	2025-02-28 07:23:46.157	0.640	1.382	1.1455e-07	1.1372e-08	254.7140	-24.6327	11.9100	-0.448
GRB250910786	2025-09-10 18:52:05.046	8.384	0.724	5.9445e-06	2.0294e-08	252.3191	-34.4939	1.0000	-0.64
GRB221206586	2022-12-06 14:04:24.212	0.384	0.181	5.4864e-07	1.9205e-08	145.2813	56.1822	6.2100	-0.064
GRB170208758	2017-02-08 18:11:16.397	7.168	1.056	2.6299e-06	6.7684e-08	284.8331	12.3748	0.0006	0.0
GRB260129190	2026-01-29 04:33:12.942	22.016	0.923	1.1741e-06	4.2912e-08	280.9430	10.4848	9.6700	-0.256
GRB150604284	2015-06-04 06:48:27.409	52.736	4.971	1.4645e-06	3.1818e-08	353.1563	-35.0564	7.7700	0.0
GRB240817057	2024-08-17 01:22:07.877	1.728	1.262	6.1154e-07	1.1233e-08	326.4087	10.7410	7.7600	-0.96
GRB130403866	2013-04-03 20:46:47.410	22.784	5.838	1.0943e-06	6.9345e-08	307.9486	15.9172	8.2600	-7.936
GRB120203812	2012-02-03 19:29:23.976	10.240	2.429	1.1004e-06	2.8915e-08	347.5189	-57.2370	6.7700	-4.864
GRB181231359	2018-12-31 08:36:43.590	3.072	0.923	4.1336e-07	2.9941e-08	269.9901	-65.5010	19.7500	-0.768
GRB170629537	2017-06-29 12:53:31.627	28.160	7.186	4.3665e-06	3.6270e-08	265.1743	-2.9845	0.0500	1.024
GRB150908408	2015-09-08 09:46:58.521	60.928	7.684	3.4871e-06	6.0309e-08	278.8362	9.6474	6.1100	-0.256
GRB170308221	2017-03-08 05:17:59.376	11.520	0.724	1.8993e-05	2.7292e-08	319.3759	13.5200	1.1900	3.072
GRB170803415	2017-08-03 09:57:44.256	66.816	2.636	1.0913e-05	4.7906e-08	337.2943	-65.0506	4.2100	-4.096
GRB200317028	2020-03-17 00:40:30.488	7.616	0.529	4.6594e-06	1.3885e-08	252.4301	-44.6207	2.7000	-0.128
GRB210822273	2021-08-22 06:32:44.581	18.624	1.145	5.4743e-06	2.2418e-08	345.5273	-59.9171	2.0800	-0.64
GRB150222450	2015-02-22 10:48:07.412	65.281	1.448	1.9539e-05	7.4831e-08	287.0585	13.8720	1.2900	8.448
GRB240731597	2024-07-31 14:20:12.452	11.264	0.801	2.1867e-06	1.9984e-08	311.7058	-70.5703	6.5500	-0.224
GRB210211363	2021-02-11 08:43:18.659	28.673	6.607	1.0622e-06	3.0357e-08	346.1248	-10.7576	0.0010	-2.304
GRB120304248	2012-03-04 05:57:47.780	5.376	0.572	1.1435e-05	4.0725e-08	348.5784	-15.6257	1.0000	-0.256
GRB200307894	2020-03-07 21:26:59.182	1.664	0.659	1.6066e-07	2.2372e-08	252.4838	-31.7638	22.4700	-0.576
GRB180718201	2018-07-18 04:49:00.200	7.168	0.923	2.4835e-06	6.8418e-08	306.0786	-70.9721	3.7600	-2.048
GRB230915236	2023-09-15 05:39:29.465	34.817	7.953	4.5163e-06	2.0754e-08	284.0720	-69.7795	3.4200	-15.36
GRB161128216	2016-11-28 05:11:45.300	6.912	2.919	7.2345e-07	1.7491e-08	343.8172	-6.4698	10.0300	-1.536
GRB210324833	2021-03-24 19:59:58.322	67.073	4.167	6.1103e-05	2.5530e-07	263.4287	-62.8331	1.8300	5.632
GRB141112539	2014-11-12 12:56:16.216	335.876	11.585	2.1555e-05	1.1002e-07	293.1872	-70.9731	3.7800	-12.288
GRB170402961	2017-04-02 23:03:25.291	22.528	1.143	2.1689e-06	2.6988e-08	354.2133	-36.1443	5.5500	0.256
GRB120728434	2012-07-28 10:25:24.236	100.481	6.623	1.1632e-04	2.5411e-06	255.7178	-18.5148	0.4900	11.008
GRB190320052	2019-03-20 01:14:16.488	43.009	8.738	3.4159e-06	3.7480e-08	259.9225	-9.6469	0.0500	-1.024
GRB110817191	2011-08-17 04:35:12.120	5.949	0.572	1.1948e-05	4.4881e-08	350.3130	-55.4334	1.5400	0.003
GRB190607071	2019-06-07 01:42:44.289	37.888	1.846	3.5832e-06	2.9150e-08	347.5109	-11.9266	4.1600	-12.288
GRB120926753	2012-09-26 18:04:35.099	3.072	2.064	1.8784e-07	2.4283e-08	279.1331	-69.3150	21.3200	-1.536
GRB120919309	2012-09-19 07:24:41.979	21.248	1.810	1.6780e-05	5.2425e-08	318.5949	14.6258	0.4000	0.512
GRB220120619	2022-01-20 14:51:55.915	1.280	0.861	6.9346e-07	4.2035e-08	338.8466	0.8609	8.4000	-0.576
GRB210801581	2021-08-01 13:57:18.595	13.824	1.305	1.5019e-05	1.3247e-07	340.0202	-0.8854	1.5900	-0.256
GRB120319983	2012-03-19 23:35:04.213	72.448	7.832	2.4204e-06	3.9618e-08	250.9397	-41.6893	3.6700	-4.608
GRB190205938	2019-02-05 22:31:15.658	98.050	5.030	1.1403e-05	6.7204e-08	354.8136	-35.8970	7.1700	-63.745
GRB150523396	2015-05-23 09:29:48.081	82.433	2.573	3.3082e-05	4.0998e-08	258.6477	-10.9742	0.0010	1.792
GRB110511616	2011-05-11 14:47:12.696	5.888	1.639	4.8938e-07	4.2537e-08	318.1896	14.9198	10.6200	-2.56
GRB221107058	2022-11-07 01:22:52.457	231.428	2.573	3.7677e-05	7.4112e-08	272.0103	5.9595	2.0600	4.096
GRB170301812	2017-03-01 19:28:41.045	12.544	7.464	1.0891e-06	6.8732e-08	349.7402	-16.1162	12.3300	-1.536
GRB120701654	2012-07-01 15:41:48.315	1.024	1.451	8.3569e-08	6.2951e-08	295.5681	16.5916	14.7900	-0.96
GRB221118575	2022-11-18 13:48:19.534	17.920	3.566	2.6999e-06	5.1726e-08	349.1786	-14.7505	6.2600	-4.608
GRB200612201	2020-06-12 04:49:38.683	984.084	64.668	6.7306e-05	3.4695e-07	354.5259	-32.4572	0.0004	-570.38
GRB230804277	2023-08-04 06:38:55.839	39.936	6.069	4.4443e-06	9.4194e-08	308.0171	17.3590	16.6300	-24.32
GRB120323162	2012-03-23 03:52:49.270	4.352	0.724	1.4084e-06	1.9992e-08	316.1729	15.7577	3.7900	-0.768
GRB170424425	2017-04-24 10:12:30.754	53.249	3.167	2.0288e-05	7.7006e-08	347.4185	-60.4916	0.4300	2.816
GRB200619492	2020-06-19 11:48:43.086	50.432	2.919	4.6679e-06	3.4621e-08	308.5000	17.4154	5.0600	-0.512
GRB211109113	2021-11-09 02:42:47.336	285.701	1.999	5.2519e-06	1.3050e-07	340.5572	-0.4676	1.9100	-0.256
GRB111024722	2011-10-24 17:19:02.879	65.025	1.639	1.4403e-05	7.0389e-08	281.5636	12.8750	2.5700	-1.024
GRB250930875	2025-09-30 20:59:58.565	45.569	0.572	8.3721e-06	3.2329e-08	351.3774	-56.3427	3.2700	-4.096
GRB150305724	2015-03-05 17:23:13.693	16.128	5.146	1.7217e-06	5.9709e-08	325.7682	12.3343	11.3600	-0.256
GRB240824640	2024-08-24 15:22:15.946	13.056	1.280	1.1295e-06	1.7543e-08	265.0119	22.3259	8.5900	-9.216
GRB220704575	2022-07-04 13:48:01.166	22.016	1.086	1.6383e-06	3.4092e-08	350.8192	-16.6940	4.6800	0.0
GRB220620261	2022-06-20 06:16:25.944	48.385	2.521	2.7082e-06	4.1499e-08	354.9245	-49.4976	8.8800	-3.584
GRB231128489	2023-11-28 11:44:10.022	78.850	4.580	3.5324e-06	5.6252e-08	303.8256	18.3135	7.4300	-1.792
GRB140817229	2014-08-17 05:30:02.358	26.112	5.538	2.3813e-06	6.6372e-08	270.3368	-68.3271	5.1700	-10.752
GRB240318180	2024-03-18 04:19:48.914	1.216	1.890	2.7121e-07	8.4834e-08	348.1357	-10.5844	14.4000	-0.832
GRB120611108	2012-06-11 02:36:00.521	49.921	1.639	4.5256e-06	4.8502e-08	355.0661	-47.9370	5.2800	-9.216
GRB201121062	2020-11-21 01:29:49.006	59.649	6.149	1.1026e-05	9.4094e-08	321.7461	32.3021	2.6000	0.768
GRB220826497	2022-08-26 11:55:22.981	16.640	1.056	2.1101e-06	2.6899e-08	313.1331	17.7498	0.0100	-1.28
GRB240109896	2024-01-09 21:30:52.302	11.264	1.086	8.8597e-07	3.6290e-08	335.5902	5.8491	12.2500	-2.304
GRB250215105	2025-02-15 02:31:54.941	13.374	0.462	4.9688e-06	3.9336e-08	267.4046	24.9141	0.0010	0.003
GRB110720177	2011-07-20 04:14:32.382	11.200	0.602	5.6281e-06	2.7974e-08	307.2966	18.3854	2.6000	-0.128
GRB251201685	2025-12-01 16:26:24.217	91.394	2.828	7.1710e-06	4.5865e-08	318.1686	-72.1229	0.0011	-0.512
GRB210709201	2021-07-09 04:49:04.308	30.977	1.280	2.9495e-06	1.9057e-08	354.7500	-27.0776	3.8600	-19.2
GRB200205845	2020-02-05 20:17:23.328	17.408	1.448	6.3807e-07	2.6393e-08	325.4789	14.7144	9.7700	-5.632
GRB130928537	2013-09-28 12:52:35.193	132.994	1.236	1.9528e-05	9.7592e-08	356.2855	-35.3038	3.2600	0.512
GRB151111356	2015-11-11 08:33:20.028	46.336	4.382	2.2064e-06	3.1065e-08	250.6046	-50.9918	0.0006	0.768
GRB121014638	2012-10-14 15:19:00.585	0.576	0.979	1.2954e-07	2.1590e-08	356.5054	-44.9416	22.6000	-0.64
GRB240305409	2024-03-05 09:49:21.264	13.056	2.862	8.7206e-07	1.6081e-08	318.7858	-72.4048	0.0830	-1.024
GRB230628067	2023-06-28 01:36:00.847	28.673	1.493	8.3177e-06	1.0997e-07	342.8862	-66.1666	1.3200	-3.072
GRB250827649	2025-08-27 15:34:53.209	2.304	0.572	1.0028e-06	1.3070e-08	347.6442	-63.2446	7.2400	-0.256
GRB180131528	2018-01-31 12:39:52.102	0.960	0.659	4.1244e-08	8.0719e-09	356.9447	-35.3620	7.9100	-0.896
GRB260311150	2026-03-11 03:35:40.616	2.176	1.118	2.9517e-07	3.0582e-08	354.7254	-24.1202	10.7900	-0.96
GRB240807920	2024-08-07 22:04:13.587	0.832	0.410	8.7474e-07	1.6409e-07	356.7766	-28.2241	7.8200	-0.448
GRB250331949	2025-03-31 22:46:32.788	69.888	15.924	9.8821e-07	3.3982e-08	307.0239	35.0816	13.9700	-1.536
GRB230304624	2023-03-04 14:59:09.807	28.416	0.572	1.3662e-05	3.8845e-08	316.5961	17.7453	1.2000	2.048
GRB150418819	2015-04-18 19:39:29.422	3.840	1.493	6.4146e-07	2.4056e-08	357.4301	-39.2334	9.1700	-1.536
GRB180201706	2018-02-01 16:55:58.599	0.192	0.548	2.2681e-07	9.4950e-09	341.1539	1.3840	7.8600	-0.064
GRB120719146	2012-07-19 03:30:00.821	75.009	3.114	1.3548e-05	8.3501e-08	311.6656	18.6450	1.3700	0.768
GRB251130648	2025-11-30 15:33:18.109	93.442	2.757	1.1872e-05	6.3186e-08	248.5111	-35.2144	1.7440	3.584
GRB191221802	2019-12-21 19:14:28.844	2.240	0.781	4.6276e-07	2.4980e-08	255.3385	-62.3381	5.8600	-0.064
GRB241130968	2024-11-30 23:13:45.376	4.608	0.771	9.6071e-06	3.9225e-08	235.7819	-13.7891	1.0000	0.224
GRB111103948	2011-11-03 22:45:05.721	0.320	0.181	2.8185e-07	5.3224e-08	309.6595	19.2556	10.9900	-0.064
GRB230116374	2023-01-16 08:59:06.674	0.064	0.036	2.9539e-06	2.8177e-08	256.5832	-9.6946	0.0300	-0.016
GRB141011467	2014-10-11 11:12:49.017	12.029	0.724	2.8852e-06	3.1810e-08	345.1300	-2.9606	4.1300	0.003
GRB200228291	2020-02-28 06:58:33.806	3.584	0.345	6.9265e-06	3.7998e-08	355.9381	-54.8050	0.0500	-0.256
GRB210228058	2021-02-28 01:22:53.968	3.776	1.118	5.3379e-07	4.8991e-08	353.2793	-18.5886	2.2900	0.0
GRB221206464	2022-12-06 11:07:27.091	15.872	1.379	2.8251e-06	2.1396e-08	338.0982	5.6992	4.7000	-1.024
GRB150324164	2015-03-24 03:56:10.923	4.608	0.724	4.8485e-06	2.3011e-08	293.5813	19.2750	4.1900	1.024
GRB250117849	2025-01-17 20:21:57.894	0.832	0.410	1.4799e-06	1.2098e-08	355.2144	11.6479	3.3200	-0.224
GRB151210041	2015-12-10 00:59:16.643	37.633	1.717	3.4533e-06	5.0732e-08	356.1576	-25.8024	3.3700	0.768
GRB230712868	2023-07-12 20:49:57.210	16.896	2.560	2.2815e-06	2.3373e-08	346.0502	-66.5282	5.3800	-7.424
GRB121109338	2012-11-09 08:06:56.632	22.144	2.919	5.3365e-06	6.5419e-08	319.0010	-73.7988	10.3700	-6.912
GRB200803703	2020-08-03 16:52:43.637	54.784	5.655	8.5331e-06	1.5352e-07	307.3597	20.1777	4.7000	-20.992
GRB220727192	2022-07-27 04:36:27.709	6.461	1.600	1.4939e-06	5.6837e-08	259.2150	-4.0775	5.2500	0.003
GRB210904866	2021-09-04 20:47:39.631	3.904	2.099	5.6430e-07	4.9151e-08	259.3668	-3.5288	8.3400	-0.704
GRB200616654	2020-06-16 15:41:47.725	24.576	4.404	2.1359e-06	5.2999e-08	271.1026	9.3807	1.6000	-6.912
GRB130404840	2013-04-04 20:10:04.028	34.561	2.573	8.3550e-06	5.9542e-08	270.1219	8.6214	1.0800	0.32
GRB190531840	2019-05-31 20:10:12.142	38.145	0.923	9.8106e-05	3.6634e-08	273.5009	-72.4262	0.1100	6.72
GRB240306282	2024-03-06 06:45:50.209	8.960	2.360	3.1931e-06	7.1556e-08	281.7561	-73.8794	3.9200	-1.024
GRB180124392	2018-01-24 09:23:55.172	86.528	2.919	3.4097e-06	2.1865e-08	358.3783	-52.8193	3.5300	5.632
GRB190824616	2019-08-24 14:46:37.675	108.546	0.810	1.0378e-05	7.3342e-08	320.3267	17.9139	0.0500	-0.768
GRB210704684	2021-07-04 16:25:18.887	43.521	1.056	4.2328e-05	4.4183e-08	311.3154	20.3118	1.0000	1.792
GRB150228845	2015-02-28 20:16:18.114	4.125	1.063	6.5931e-06	1.9677e-08	331.2398	12.3924	2.0300	0.003
GRB211224980	2021-12-24 23:31:40.061	0.192	0.643	2.2677e-07	1.3192e-08	324.4514	16.5693	11.9300	-0.064
GRB110709862	2011-07-09 20:40:50.085	5.376	1.493	7.9744e-07	2.3762e-08	275.7283	13.2096	10.8400	-1.792
GRB231104966	2023-11-04 23:10:39.522	13.568	2.520	2.6028e-06	5.9501e-08	308.7514	-75.2787	3.2700	0.256
GRB170801690	2017-08-01 16:33:43.396	10.240	2.896	7.5594e-07	2.6713e-08	354.1268	-61.7033	9.1300	-5.376
GRB200412290	2020-04-12 06:57:11.947	12.606	0.408	2.8750e-05	9.7405e-08	266.1847	5.6430	1.4500	0.002
GRB240605171	2024-06-05 04:06:18.722	0.928	0.389	1.3142e-07	1.6895e-08	248.2831	-26.5082	13.7400	-0.96
GRB150219522	2015-02-19 12:31:12.259	36.097	3.114	7.7158e-06	3.8049e-08	350.9528	-9.7221	0.3300	1.536
GRB220831581	2022-08-31 13:56:32.925	1.728	1.421	5.0514e-07	2.3411e-08	272.9638	-72.7897	0.0127	-0.448
GRB230608468	2023-06-08 11:13:32.347	15.872	5.184	8.5521e-07	5.3646e-08	50.0850	-7.5179	10.2000	-7.68
GRB221226945	2022-12-26 22:41:20.419	4.864	2.828	1.1402e-06	1.5827e-08	275.7048	-73.4092	0.0003	-0.256
GRB131113483	2013-11-13 11:35:37.157	60.545	1.417	2.3036e-05	9.5447e-08	276.7358	14.1495	1.2100	3.392
GRB210605215	2021-06-05 05:08:58.389	0.448	0.779	3.5422e-07	1.9364e-08	278.4944	-73.9040	2.0100	-0.064
GRB250510925	2025-05-10 22:12:40.139	1.088	1.946	6.7968e-08	1.0531e-08	211.7334	28.1805	12.7500	-1.152
GRB250225819	2025-02-25 19:39:13.834	335.111	1.810	1.8574e-05	8.0602e-08	359.4873	-34.4450	0.0500	0.48
GRB201226553	2020-12-26 13:16:26.600	70.914	3.806	2.0754e-06	1.0519e-07	269.9851	51.7681	3.7900	-1.024
GRB160131116	2016-01-31 02:46:24.933	34.816	15.379	1.7721e-06	5.1743e-08	358.5478	-54.9885	9.1600	-2.816
GRB180401846	2018-04-01 20:17:36.690	23.040	1.056	2.2974e-05	8.9792e-08	282.5799	17.2588	1.5100	2.304
GRB240810880	2024-08-10 21:07:19.883	1.536	0.405	1.1072e-06	1.3685e-08	266.0335	5.8751	3.1200	-0.064
GRB190626254	2019-06-26 06:06:21.684	23.808	4.471	1.7294e-06	7.3187e-08	268.9227	8.9830	6.2500	-4.864
GRB220725244	2022-07-25 05:50:56.868	0.512	0.580	8.5253e-08	1.7601e-08	342.1148	3.4335	18.3300	-0.064
GRB230707782	2023-07-07 18:46:20.290	99.586	0.724	4.1448e-05	4.5961e-08	264.6456	-70.8547	2.2300	6.4
GRB210228277	2021-02-28 06:38:31.030	42.753	1.379	1.0914e-05	3.4841e-08	248.1643	-25.5457	1.0000	-11.008
GRB170219110	2017-02-19 02:38:04.751	10.240	2.202	8.3544e-07	2.3888e-08	245.9661	-35.0703	10.2200	-2.048
GRB140721336	2014-07-21 08:03:22.317	127.746	3.238	5.5154e-05	2.4903e-07	289.2919	19.8378	1.0000	-27.392
GRB140329272	2014-03-29 06:31:21.774	0.064	0.295	2.3798e-07	8.4588e-09	248.0961	-24.9608	9.1800	-0.032
GRB210625891	2021-06-25 21:23:21.140	4.096	0.724	1.0297e-06	2.9919e-08	341.0931	5.1311	7.5900	-0.768
GRB150817251	2015-08-17 06:00:47.763	13.312	3.338	7.2761e-06	9.0219e-08	260.4132	-69.5975	2.4100	-0.512
GRB150222832	2015-02-22 19:58:03.437	74.752	9.319	3.8420e-06	9.0341e-08	358.1683	-25.7790	11.3200	-56.32
GRB230903724	2023-09-03 17:22:58.815	2.816	3.167	4.0500e-07	3.5571e-08	312.1255	-75.9941	0.0500	-2.304
GRB241016680	2024-10-16 16:19:50.852	0.064	0.898	1.5036e-07	2.7578e-08	252.2571	-13.2834	14.9000	-0.064
GRB250917093	2025-09-17 02:13:13.991	0.480	0.272	1.0708e-07	6.8405e-09	1.0716	-39.9020	11.4100	-0.208
GRB150923429	2015-09-23 10:18:17.924	0.192	0.143	2.6060e-07	1.8886e-08	350.4989	-6.9962	6.3700	-0.064
GRB180122129	2018-01-22 03:05:39.870	4.352	3.665	7.0420e-07	4.4515e-08	267.6842	-72.1474	7.9300	-3.84
GRB210519277	2021-05-19 06:38:53.855	25.024	2.290	3.8125e-06	3.0918e-08	298.8110	22.4820	4.2600	-13.184
GRB191019970	2019-10-19 23:17:13.347	137.730	0.572	7.0178e-05	3.5492e-08	321.5625	18.8194	1.0000	9.216
GRB131211510	2013-12-11 12:14:49.965	44.800	4.971	4.5074e-06	4.6453e-08	351.8532	-9.3158	3.5600	-12.544
GRB210202841	2021-02-02 20:10:31.299	17.664	0.572	1.5544e-05	2.6729e-08	332.6799	13.2039	1.6700	0.768
GRB250504976	2025-05-04 23:25:54.783	48.897	1.056	7.0208e-06	4.2396e-08	351.4391	-8.0473	0.0010	0.256
GRB250223692	2025-02-23 16:36:11.807	1.216	0.854	8.7459e-08	2.0728e-08	358.2992	-60.3065	31.6000	-1.216
GRB160411062	2016-04-11 01:28:52.518	0.672	0.435	2.2505e-07	1.8891e-08	352.8944	-66.5725	0.0007	-0.928
GRB251002844	2025-10-02 20:14:51.010	25.601	15.874	5.1502e-06	3.7015e-08	125.7613	-68.3928	0.0663	-0.256
GRB130509078	2013-05-09 01:52:14.786	24.320	3.593	9.0069e-06	6.0500e-08	338.0174	9.2280	2.0800	0.512
GRB130609902	2013-06-09 21:38:35.610	191.491	2.862	5.4428e-05	3.3017e-07	244.7834	-53.9086	0.0500	4.864
GRB190419414	2019-04-19 09:55:37.770	212.741	0.724	1.3705e-05	4.2524e-08	250.8977	-14.5531	3.5100	1.792
GRB240226815	2024-02-26 19:33:07.323	158.723	1.557	3.8991e-06	2.8084e-08	358.1534	-22.6218	7.9200	-0.256
GRB161213295	2016-12-13 07:05:02.863	23.296	1.619	1.1945e-06	3.0832e-08	336.8110	10.4696	2.9400	-2.304
GRB220921462	2022-09-21 11:05:59.071	209.988	5.184	5.6716e-05	1.7351e-07	243.5484	-43.9417	1.0000	3.072
GRB201221978	2020-12-21 23:28:47.633	7.168	2.673	1.6077e-06	5.5315e-08	275.9187	15.5423	5.2300	-0.512
GRB161004964	2016-10-04 23:07:54.787	12.800	0.572	1.7325e-05	2.8736e-08	252.5760	-10.4946	0.0050	1.28
GRB141230871	2014-12-30 20:54:05.714	0.224	0.160	1.4789e-07	1.5729e-08	341.4004	6.0158	10.4800	-0.16
GRB110625579	2011-06-25 13:53:24.575	33.281	4.924	3.5648e-06	3.4545e-08	2.9222	-41.1990	4.6000	-0.768
GRB200522650	2020-05-22 15:36:39.467	30.977	3.416	2.6020e-06	2.9805e-08	245.6266	-28.6074	4.4100	-1.28
GRB240303837	2024-03-03 20:05:08.646	3.968	0.362	2.6227e-06	2.8101e-08	2.0637	-52.4244	2.4600	-0.32
GRB150522433	2015-05-22 10:23:50.241	43.776	3.874	2.2900e-06	4.0960e-08	358.2805	-21.6025	3.8100	-11.264
GRB251016625	2025-10-16 14:59:19.764	0.320	0.045	2.1824e-06	1.5760e-08	350.8103	-5.3901	0.1607	-0.032
GRB181008877	2018-10-08 21:02:22.843	224.516	5.615	2.6304e-05	7.8636e-08	247.0109	-22.8482	5.8100	-15.872
GRB220721021	2022-07-21 00:30:25.386	17.920	4.700	5.3887e-07	3.2830e-08	346.2985	-71.6669	9.1400	-7.68
GRB150708339	2015-07-08 08:08:46.077	95.234	6.476	1.7087e-05	1.2411e-07	2.3618	-35.9865	3.1300	-7.168
GRB170510217	2017-05-10 05:12:25.735	127.746	0.923	4.3867e-05	7.6434e-08	276.8647	16.7814	0.3400	2.816
GRB170802638	2017-08-02 15:18:24.801	2.240	0.143	2.4481e-06	1.9080e-08	243.4158	-55.1669	2.0500	-0.128
GRB150523690	2015-05-23 16:33:56.768	114.690	26.576	5.7290e-06	1.2832e-07	310.8494	23.0924	5.7400	-15.872
GRB211019250	2021-10-19 05:59:31.194	47.361	0.572	1.0706e-04	4.5629e-08	251.0340	-11.9846	1.0000	3.632
GRB140619490	2014-06-19 11:46:01.532	0.448	0.516	2.1028e-07	4.3831e-08	2.0652	-33.2046	4.2900	-0.192
GRB170607946	2017-06-07 22:41:58.947	18.176	0.362	4.9527e-05	1.1727e-07	342.0006	6.8700	0.6400	2.816
GRB120121101	2012-01-21 02:25:53.799	18.432	3.727	1.9545e-06	3.0232e-08	335.4983	12.4680	7.8600	-3.328
GRB180524416	2018-05-24 09:58:26.312	13.312	6.720	6.1920e-07	2.7334e-08	264.3233	7.4994	5.6000	-3.072
GRB170323058	2017-03-23 01:23:23.269	33.536	9.849	1.5667e-06	3.9243e-08	267.2043	10.3000	9.6300	-26.88
GRB260208905	2026-02-08 21:42:45.482	23.808	4.167	2.7688e-06	4.6489e-08	3.5999	-50.8001	6.8800	-9.984
GRB201109105	2020-11-09 02:31:05.793	0.448	0.264	9.2207e-07	1.5041e-08	234.4489	26.4231	3.2700	-0.064
GRB181222279	2018-12-22 06:41:34.254	130.691	0.516	1.5524e-04	9.5905e-08	353.2001	-8.0703	0.1300	2.24
GRB140710537	2014-07-10 12:53:05.515	0.384	0.091	3.8259e-07	7.1392e-09	335.9636	-75.5552	6.4500	-0.064
GRB201121130	2020-11-21 03:07:45.547	15.360	2.187	1.4777e-06	4.6932e-08	335.3313	13.1792	6.0500	-0.768
GRB240629704	2024-06-29 16:53:52.729	7.165	0.722	3.6081e-06	3.0284e-08	3.6657	-40.5277	2.2300	0.003
GRB190519309	2019-05-19 07:24:57.343	43.521	0.362	3.1133e-05	5.3421e-08	252.5429	-8.2013	0.0006	1.28
GRB200320414	2020-03-20 09:56:46.851	9.021	1.072	2.3873e-06	3.5611e-08	295.6848	23.6517	3.3900	0.003
GRB250509940	2025-05-09 22:33:29.286	69.120	1.305	6.4239e-06	3.1324e-08	244.3371	-59.8704	0.0005	0.0
GRB150423285	2015-04-23 06:50:42.915	14.336	8.039	1.2639e-06	4.9034e-08	325.3407	19.1927	14.7300	-2.56
GRB110721200	2011-07-21 04:47:43.761	21.822	0.572	3.7042e-05	3.8458e-08	3.6174	-54.4987	0.4460	0.003
GRB111107076	2011-11-07 01:49:46.021	77.185	0.810	1.0405e-05	5.9145e-08	4.1384	-41.2353	3.5300	0.192
GRB150712846	2015-07-12 20:18:18.641	59.648	18.863	2.4535e-06	4.9761e-08	276.1384	-77.0885	4.3000	-11.52
GRB170915161	2017-09-15 03:51:30.157	15.613	0.722	7.4085e-06	5.4336e-08	254.3653	-4.2918	1.2100	0.003
GRB190712018	2019-07-12 00:25:20.655	1.792	0.462	2.1821e-07	2.0236e-08	1.8133	-61.1633	9.2100	-0.64
GRB210415284	2021-04-15 06:48:20.095	16.896	6.562	6.0410e-07	3.5898e-08	258.4685	2.4825	11.5200	-10.496
GRB220305676	2022-03-05 16:13:02.180	27.137	1.950	9.1025e-06	9.3292e-08	249.9680	-11.8273	4.6000	-2.816
GRB110609425	2011-06-09 10:12:06.164	33.024	2.896	2.3535e-06	4.2323e-08	4.7943	-42.9075	4.7100	-6.656
GRB180821653	2018-08-21 15:40:39.223	13.568	1.846	1.0725e-06	9.2889e-08	4.0475	-36.7617	6.0100	-2.048
GRB210102861	2021-01-02 20:39:14.399	83.970	1.717	5.9850e-06	4.9891e-08	336.8940	14.0939	0.0500	-64.001
GRB120919052	2012-09-19 01:14:23.066	118.018	0.362	2.0674e-05	3.8149e-08	2.0198	-27.6566	1.6200	2.048
GRB171207809	2017-12-07 19:24:24.172	25.600	3.849	2.1570e-06	4.5508e-08	324.9683	20.2235	5.4600	-0.256
GRB120612687	2012-06-12 16:29:44.557	0.256	0.453	7.0505e-07	2.2190e-08	245.3210	-65.0756	10.6500	-0.192
GRB170614505	2017-06-14 12:06:38.716	5.376	1.639	4.2351e-07	4.7147e-08	4.4681	-37.6786	15.1600	-2.048
GRB140706815	2014-07-06 19:33:33.864	43.776	2.721	2.4869e-06	7.8030e-08	241.9718	-57.6599	0.0010	-13.824
GRB150603105	2015-06-03 02:31:47.500	67.328	9.486	2.1035e-06	2.9073e-08	241.3509	-37.6413	2.7400	-8.704
GRB231222299	2023-12-22 07:09:54.613	14.592	1.379	6.7542e-06	3.6149e-08	279.5501	19.9566	1.4100	-0.256
GRB110702187	2011-07-02 04:29:28.917	34.369	5.736	7.9885e-06	1.3348e-07	331.1828	-77.8329	4.7500	-10.752
GRB150201574	2015-02-01 13:46:55.152	15.616	0.362	6.3139e-05	5.2677e-08	307.3888	-79.4734	0.0014	1.28
GRB150201590	2015-02-01 14:09:55.978	25.600	3.916	2.3830e-06	3.6432e-08	307.3888	-79.4734	0.0014	-0.512
GRB200914534	2020-09-14 12:48:30.034	65.281	2.064	1.5381e-05	5.3207e-08	348.1358	2.0923	1.7600	1.568
GRB230320949	2023-03-20 22:46:06.192	0.832	1.834	1.9072e-07	2.2078e-08	347.2661	4.0982	14.9900	-0.32
GRB241010743	2024-10-10 17:49:55.960	6.656	3.083	5.8518e-07	1.6077e-08	60.3481	-19.0145	7.3700	-1.536
GRB130627372	2013-06-27 08:55:05.934	35.840	1.717	1.5766e-06	2.4121e-08	295.5132	25.3004	0.0500	-17.92
GRB190810675	2019-08-10 16:12:01.243	0.160	0.137	2.6057e-07	2.1604e-08	303.7391	25.3060	8.0200	0.0
GRB220523175	2022-05-23 04:11:29.897	7.680	2.996	5.7853e-07	3.3831e-08	261.3208	6.6422	8.3000	-1.28
GRB250824568	2025-08-24 13:38:13.862	0.576	0.781	5.5401e-08	6.5756e-09	345.5388	8.3099	7.7300	-0.512
GRB111120556	2011-11-20 13:20:24.049	98.626	2.970	6.7277e-06	8.4172e-08	2.5720	-64.1349	5.1700	-21.248
GRB251018133	2025-10-18 03:12:00.634	27.137	2.202	1.9774e-06	4.3154e-08	358.7999	-15.3350	0.0018	-4.096
GRB240310236	2024-03-10 05:40:08.594	5.888	3.167	8.6758e-07	3.4793e-08	42.6918	-28.4675	10.4900	-1.28
GRB120926426	2012-09-26 10:13:16.043	60.161	3.482	4.3826e-06	9.1741e-08	239.4279	-49.5011	3.7600	-2.304
GRB240727250	2024-07-27 06:00:08.961	18.688	1.056	2.8520e-06	7.0236e-08	245.4380	-19.7714	0.0660	0.256
GRB141003564	2014-10-03 13:32:13.102	8.704	1.619	1.8542e-06	4.3408e-08	6.8098	-46.1211	7.0000	-0.512
GRB240329905	2024-03-29 21:43:07.528	6.397	0.360	4.0626e-06	3.2942e-08	17.4935	18.1030	3.8000	0.003
GRB140430716	2014-04-30 17:11:23.810	26.368	5.615	9.1782e-06	1.5499e-07	266.4816	12.5075	1.8200	-12.8
GRB180610377	2018-06-10 09:03:13.182	163.331	4.529	8.5794e-06	6.6992e-08	314.0781	24.9032	6.4200	-69.121
GRB210105669	2021-01-05 16:03:05.920	5.120	1.717	3.0961e-07	1.8747e-08	239.5587	-40.5004	9.6100	-3.328
GRB231116403	2023-11-16 09:40:34.761	6.912	3.692	5.9316e-07	2.9567e-08	260.0720	-76.1510	11.2000	-3.072
GRB180816088	2018-08-16 02:07:18.913	34.561	0.923	1.6146e-05	4.1221e-08	255.5358	0.5855	1.9400	-0.256
GRB251215181	2025-12-15 04:21:21.568	142.850	1.280	1.3680e-05	6.4222e-08	253.9601	-1.7906	0.0500	-1.28
GRB201104808	2020-11-04 19:23:25.206	40.448	4.048	2.4556e-06	5.5618e-08	340.0843	12.0964	7.7100	-3.584
GRB140911012	2014-09-11 00:17:07.058	116.736	5.400	6.7844e-06	8.6314e-08	256.4393	2.0911	3.0800	-0.256
GRB231114388	2023-11-14 09:18:40.392	0.384	0.405	1.5715e-07	1.2953e-08	268.5479	14.6275	11.3800	-0.32
GRB120222119	2012-02-22 02:51:54.086	29.440	5.382	2.4509e-06	6.2101e-08	6.1917	-60.7281	5.7000	-5.12
GRB181224987	2018-12-24 23:41:47.453	1.088	0.487	1.5167e-07	2.1381e-08	303.0495	26.5716	12.5200	-0.192
GRB190411407	2019-04-11 09:45:48.597	18.688	2.636	4.0735e-06	3.4070e-08	0.7496	-17.9728	4.8000	-14.848
GRB190323548	2019-03-23 13:09:04.842	1.280	1.864	3.9163e-07	2.9748e-08	129.1567	-66.6322	12.1300	-0.512
GRB230724049	2023-07-24 01:10:29.451	0.416	0.273	9.2377e-08	1.0959e-08	354.4892	-5.8093	17.3500	-0.416
GRB140110263	2014-01-10 06:18:37.936	9.472	1.619	5.4260e-06	4.5332e-08	250.7631	-73.6146	0.5000	-0.256
GRB150726877	2015-07-26 21:02:30.541	46.849	1.717	6.8193e-06	5.4915e-08	352.9294	-2.3880	3.1700	-23.296
GRB210917157	2021-09-17 03:45:47.224	7.040	3.666	3.7459e-07	3.1642e-08	239.3510	-36.8451	5.5900	-2.432
GRB231014102	2023-10-14 02:26:59.271	8.448	5.776	5.3541e-07	4.2685e-08	248.3316	-10.2548	5.4000	-4.608
GRB250101968	2025-01-01 23:14:12.652	4.544	0.231	2.5135e-06	1.4644e-08	200.2631	-29.7167	3.6100	0.128
GRB141128962	2014-11-28 23:05:53.838	0.272	0.926	1.7603e-07	1.5132e-08	8.4392	-46.0863	8.7500	-0.096
GRB150118409	2015-01-18 09:48:17.774	40.193	0.572	1.4114e-04	1.0972e-07	340.7090	12.8661	0.5000	7.68
GRB210318131	2021-03-18 03:08:46.504	24.320	5.081	9.9110e-07	2.6245e-08	353.1850	-2.0794	0.0500	-6.144
GRB120908873	2012-09-08 20:57:30.954	46.849	2.611	1.2703e-05	8.5373e-08	355.0801	-5.1464	1.5000	0.576
GRB240603423	2024-06-03 10:09:11.346	36.865	0.572	8.3135e-06	2.3423e-08	356.6321	-7.9181	2.8500	1.792
GRB250910993	2025-09-10 23:50:11.341	12.800	2.290	1.0294e-06	3.7893e-08	237.9966	-59.3243	10.9500	-7.424
GRB210712405	2021-07-12 09:43:10.982	7.168	1.810	1.1935e-06	5.5520e-08	243.4999	-19.5035	0.0006	-0.512
GRB180311074	2018-03-11 01:45:53.301	0.960	0.528	7.5439e-07	3.3679e-08	237.2861	-54.1714	5.9600	-0.448
GRB220304228	2022-03-04 05:28:58.787	31.489	0.572	6.9942e-05	9.3838e-08	343.5692	10.2406	1.0000	3.328
GRB180606730	2018-06-06 17:31:38.616	6.080	0.689	1.2997e-06	4.7018e-08	352.1646	-0.2475	23.6000	-0.448
GRB150527662	2015-05-27 15:53:43.662	63.233	5.184	5.0398e-06	4.4666e-08	314.1328	-81.3484	3.0300	-15.36
GRB141121414	2014-11-21 09:56:08.482	3.840	0.572	8.7914e-07	4.1745e-08	338.0444	15.2804	6.9600	-2.816
GRB240115698	2024-01-15 16:45:37.623	163.076	4.375	8.5121e-06	6.5398e-08	302.0481	27.2991	0.0580	-121.091
GRB250317824	2025-03-17 19:47:02.947	55.297	0.724	1.1383e-05	5.9333e-08	238.4340	-38.3386	1.3800	-1.536
GRB200101861	2020-01-01 20:39:26.451	9.984	0.326	9.1089e-05	7.6102e-08	350.6807	2.9168	1.0000	4.928
GRB241223506	2024-12-23 12:08:46.632	30.465	0.724	6.2659e-05	4.9236e-08	274.3665	20.8649	1.0000	5.952
GRB111025078	2011-10-25 01:52:45.742	51.712	2.202	2.9813e-06	3.1326e-08	9.0087	-49.1762	2.7300	-0.512
GRB131216081	2013-12-16 01:56:32.063	19.262	3.598	6.7779e-06	3.9900e-08	242.0253	-23.9780	2.2400	0.003
GRB150711766	2015-07-11 18:23:00.158	82.177	6.192	9.4843e-06	1.1396e-07	327.9013	21.7755	0.0005	-27.904
GRB170923101	2017-09-23 02:25:00.800	46.080	14.956	2.4551e-06	5.5859e-08	251.6711	-2.7654	4.8900	-3.072
GRB230330018	2023-03-30 00:26:04.892	18.944	4.344	1.0837e-06	2.1155e-08	236.7497	-45.1289	8.6100	-9.216
GRB171227000	2017-12-27 00:00:13.402	37.633	0.572	2.8962e-04	8.4625e-08	0.2480	-13.5415	1.0000	7.744
GRB230102015	2023-01-02 00:22:12.967	0.176	0.036	1.1508e-06	9.8569e-09	357.2801	-7.7633	3.9500	-0.032
GRB250521242	2025-05-21 05:48:18.816	3.584	1.639	5.1467e-07	5.0447e-08	307.4432	27.5703	10.8700	-3.584
GRB180910352	2018-09-10 08:27:32.007	0.256	0.842	8.6434e-07	1.5023e-07	353.6853	-1.2300	3.5400	-0.064
GRB121225417	2012-12-25 10:00:53.583	58.497	0.820	6.9580e-05	1.9110e-07	8.2097	-36.7829	1.5000	9.472
GRB160225809	2016-02-25 19:24:25.394	64.257	1.145	1.7677e-05	6.5721e-08	267.4765	16.1580	1.0000	2.56
GRB180809485	2018-08-09 11:38:12.076	236.036	10.746	7.9810e-06	5.6600e-08	5.6696	-26.6143	0.0900	-62.209
GRB241013936	2024-10-13 22:27:42.035	29.121	3.482	4.6047e-06	3.1618e-08	264.6773	17.0073	2.4700	-1.408
GRB170718152	2017-07-18 03:39:30.168	40.192	4.136	3.0268e-06	5.1382e-08	244.6694	-15.6073	7.3500	-9.984
GRB221016986	2022-10-16 23:39:22.709	12.736	1.145	5.1056e-06	3.5050e-08	237.9232	-66.4672	0.0500	-0.384
GRB251118855	2025-11-18 20:31:30.090	46.593	0.362	1.0291e-04	3.9106e-08	274.3362	20.9499	0.0006	14.848
GRB260207238	2026-02-07 05:42:33.653	15.488	1.431	2.6572e-06	4.1497e-08	274.6286	21.2098	3.2900	-0.768
GRB251211112	2025-12-11 02:40:59.185	182.531	8.002	1.2214e-05	1.1104e-07	292.3292	29.6417	6.4200	-50.689
GRB120707800	2012-07-07 19:12:17.429	40.960	4.238	9.3550e-05	7.0713e-07	4.0819	-21.2583	1.0000	1.52
GRB240320831	2024-03-20 19:56:15.019	9.728	1.557	1.6411e-06	2.3110e-08	359.0171	-9.0887	3.1400	-0.256
GRB221216473	2022-12-16 11:21:18.184	184.324	4.238	6.8631e-06	5.9411e-08	10.7381	-49.4598	0.0500	-12.544
GRB250121983	2025-01-21 23:36:05.779	5.184	0.389	5.6747e-06	1.9809e-08	331.1755	21.3244	0.2400	0.128
GRB200112395	2020-01-12 09:28:27.478	38.912	4.222	8.6972e-07	2.3431e-08	297.4075	28.3089	15.4500	-6.4
GRB200929204	2020-09-29 04:53:12.267	2.048	1.086	1.9463e-07	1.8765e-08	325.1053	24.3314	11.5100	-1.024
GRB230129246	2023-01-29 05:53:50.853	72.961	7.209	2.2208e-06	4.3617e-08	254.8799	3.9011	11.7900	-4.352
GRB150214293	2015-02-14 07:01:22.650	0.192	0.286	2.3705e-07	1.4042e-08	10.2843	-63.1258	10.4700	-0.128
GRB191205741	2019-12-05 17:46:20.441	2.048	3.620	9.8095e-08	2.9116e-08	294.9971	-82.9054	21.4300	-4.096
GRB141110232	2014-11-10 05:33:23.557	36.608	1.810	2.4307e-06	3.8613e-08	349.2793	6.3114	3.8000	-27.392
GRB220305481	2022-03-05 11:33:20.478	172.803	1.493	1.6196e-05	3.1003e-08	285.9108	26.3808	1.5400	7.68
GRB160310291	2016-03-10 06:59:11.550	23.613	1.864	2.5374e-06	6.1689e-08	345.1492	11.0384	4.4500	0.003
GRB190821716	2019-08-21 17:10:34.084	59.904	5.152	3.6154e-06	4.7350e-08	347.6956	8.2950	0.0500	-34.816
GRB161206064	2016-12-06 01:32:28.077	33.537	1.280	3.7214e-05	3.8705e-08	356.1150	-77.6528	1.0000	-5.376
GRB110616648	2011-06-16 15:33:25.235	12.544	2.611	1.2947e-06	5.0912e-08	358.9245	-8.4667	11.9600	-4.608
GRB170726249	2017-07-26 05:58:15.420	1.792	0.923	6.0235e-07	1.6762e-08	279.1125	23.9336	2.8300	-0.768
GRB110509142	2011-05-09 03:24:38.793	68.864	2.757	3.7606e-06	4.3101e-08	291.6479	27.8135	4.6000	-11.008
GRB120119354	2012-01-19 08:29:29.816	16.896	3.278	2.7930e-06	7.8377e-08	235.0319	-44.2569	4.4200	-7.168
GRB230803977	2023-08-03 23:27:18.234	27.905	1.864	3.4323e-06	8.5781e-08	234.2005	-58.5238	4.4000	-1.024
GRB220609063	2022-06-09 01:30:54.349	11.520	2.290	8.4055e-07	5.2412e-08	331.6941	21.5834	13.9400	-2.048
GRB130614997	2013-06-14 23:56:09.744	9.280	1.972	6.7209e-06	9.6617e-08	11.3718	-47.9069	1.2200	-0.064
GRB211109028	2021-11-09 00:39:44.168	8.960	5.425	1.1623e-06	2.4163e-08	254.6090	4.1241	5.4700	-2.048
GRB230425230	2023-04-25 05:30:39.360	0.528	0.740	7.9281e-08	2.0009e-08	267.2565	17.0663	11.4900	-0.016
GRB130819394	2013-08-19 09:27:34.099	82.689	4.536	8.6817e-06	6.9009e-08	252.4179	1.2668	4.9300	-1.536
GRB231001015	2023-10-01 00:20:56.585	39.937	1.810	5.9303e-06	5.6393e-08	355.2126	-1.4134	7.1200	0.256
GRB180810278	2018-08-10 06:40:46.744	15.104	1.493	2.2246e-06	5.4713e-08	239.2805	-72.0741	7.7600	-1.792
GRB180405169	2018-04-05 04:02:53.061	28.477	2.834	7.3004e-06	4.9838e-08	251.6904	0.6526	2.2500	0.003
GRB240521631	2024-05-21 15:08:57.058	33.792	4.782	2.8044e-06	4.3300e-08	4.7214	-73.8198	0.0500	-16.64
GRB120506128	2012-05-06 03:05:02.115	2.304	1.379	2.8721e-07	2.5126e-08	283.8804	26.0792	9.3300	-0.768
GRB141031998	2014-10-31 23:57:20.923	0.160	0.865	8.3510e-08	2.0706e-08	256.5230	6.8863	15.6200	-0.064
GRB180724807	2018-07-24 19:22:31.548	58.113	0.810	2.7823e-05	8.5006e-08	3.0672	-16.4694	1.0000	1.024
GRB211116586	2021-11-16 14:03:53.348	19.968	1.810	1.1156e-05	6.9340e-08	359.9810	-9.6068	2.0100	0.32
GRB220715934	2022-07-15 22:24:42.740	39.680	1.305	1.5233e-06	4.6245e-08	350.5721	5.4814	0.0005	1.024
GRB220222808	2022-02-22 19:24:07.136	10.752	1.846	1.1132e-06	4.3176e-08	301.2983	29.3001	8.2400	-0.768
GRB171223818	2017-12-23 19:38:15.073	0.384	0.295	1.8888e-06	2.2335e-08	248.2750	-4.8646	6.2000	-0.032
GRB201012233	2020-10-12 05:35:38.502	64.001	1.639	8.5926e-06	3.6769e-08	8.4227	-31.0108	3.4200	0.768
GRB220905478	2022-09-05 11:28:43.697	12.544	0.724	1.3025e-05	3.7978e-08	11.6700	-63.9745	1.0000	0.768
GRB230921112	2023-09-21 02:41:32.615	108.546	1.145	1.0191e-05	5.5376e-08	341.7886	15.0327	6.9000	1.792
GRB231030050	2023-10-30 01:12:23.740	34.049	2.673	3.7821e-06	5.8126e-08	249.0144	-3.6050	7.9100	-1.792
GRB111022854	2011-10-22 20:29:23.704	0.192	0.707	1.2600e-07	1.2141e-08	243.6293	-13.1640	9.3200	-0.128
GRB150805746	2015-08-05 17:54:12.510	1.408	0.466	3.8213e-07	1.1208e-08	12.2859	-49.4489	13.1400	-0.576
GRB180411546	2018-04-11 13:06:53.793	29.696	8.452	9.7653e-06	4.6558e-07	2.9717	-15.5070	10.0800	-8.96
GRB111109453	2011-11-09 10:52:32.247	4.864	2.757	3.0487e-07	3.2271e-08	256.6128	7.5145	7.3800	-2.56
GRB241211100	2024-12-11 02:23:21.875	0.576	0.810	2.3657e-07	1.2257e-08	356.3926	-2.4491	10.2000	-0.256
GRB240305928	2024-03-05 22:16:36.550	0.320	0.779	4.8708e-07	1.3460e-08	19.6393	17.6757	9.1400	-0.064
GRB180804554	2018-08-04 13:17:41.437	43.517	2.636	1.0306e-05	5.0832e-08	258.1649	9.4791	2.7800	0.004
GRB131209547	2013-12-09 13:07:56.968	13.568	1.145	1.3674e-05	8.8332e-08	258.0167	9.3738	0.9000	2.816
GRB160512199	2016-05-12 04:45:59.731	78.081	3.566	9.8679e-06	4.6208e-08	342.8368	14.5793	2.0500	-47.617
GRB140919636	2014-09-19 15:15:13.536	108.546	1.619	1.0749e-05	2.4070e-08	328.9785	23.8294	0.0010	1.792
GRB190409901	2019-04-09 21:38:05.455	1.600	2.673	4.6128e-07	4.1160e-08	335.5034	20.1908	13.6500	-0.96
GRB211102587	2021-11-02 14:05:35.140	19.712	0.724	1.0345e-05	2.1052e-08	38.9599	-17.2192	1.7700	-0.768
GRB160519060	2016-05-19 01:26:39.188	17.664	1.950	3.1730e-06	4.3691e-08	258.8070	10.4981	3.1200	-1.28
GRB240727994	2024-07-27 23:51:46.069	11.773	1.305	4.0138e-06	1.4273e-08	247.7157	-4.8960	6.0400	0.003
GRB171117515	2017-11-17 12:21:38.868	105.922	2.429	1.0845e-05	6.3029e-08	306.7481	29.7546	2.7600	-4.224
GRB201221591	2020-12-21 14:11:43.014	0.032	0.369	2.2792e-07	1.2419e-08	186.3639	20.0992	4.0600	-0.016
GRB210723615	2021-07-23 14:46:07.295	42.753	2.862	1.4503e-05	2.9064e-07	250.3067	-0.3418	0.0005	0.512
GRB200801650	2020-08-01 15:35:46.754	63.745	1.557	1.2034e-05	6.7253e-08	234.5854	-40.3559	1.3000	0.512
GRB250205893	2025-02-05 21:25:33.715	105.472	2.757	6.3164e-06	4.1782e-08	186.8963	22.4805	0.0750	-48.64
GRB211207416	2021-12-07 09:59:09.093	120.322	3.167	2.0117e-05	5.2355e-08	232.2637	-53.8668	2.3100	-23.552
GRB160111115	2016-01-11 02:45:03.291	26.880	6.676	2.6274e-06	5.0292e-08	10.6745	-36.2281	5.6800	-0.512
GRB170429799	2017-04-29 19:11:12.597	220.163	1.379	3.7615e-05	1.0740e-07	353.6479	2.7162	1.8200	-131.842
GRB140901821	2014-09-01 19:41:37.575	0.176	0.036	5.1230e-06	3.1497e-08	279.1685	-83.8124	0.3200	-0.016
GRB170106968	2017-01-06 23:13:49.825	31.232	10.524	1.0747e-06	1.2183e-07	233.0693	-66.3877	27.1600	-0.768
GRB260308837	2026-03-08 20:05:52.451	1.024	0.231	9.7836e-07	3.3375e-08	348.8679	9.1133	3.6400	-0.128
GRB250617876	2025-06-17 21:01:28.188	31.745	2.896	3.4789e-06	5.1596e-08	88.0578	-19.1024	0.0010	-2.304
GRB220627901	2022-06-27 21:36:56.390	126.978	7.672	1.0839e-05	2.3651e-07	311.0403	29.8459	0.2000	-12.544
GRB230207021	2023-02-07 00:30:44.274	22.528	5.327	2.6441e-06	1.1781e-07	338.9816	18.5467	4.9200	-13.312
GRB150122960	2015-01-22 23:02:28.320	53.249	13.827	3.1678e-06	5.6373e-08	266.8020	18.3458	3.3000	-0.512
GRB240112742	2024-01-12 17:48:07.463	1.280	0.572	7.6637e-07	5.2033e-08	326.0430	25.7914	3.4400	-0.256
GRB140701833	2014-07-01 19:59:35.257	6.912	0.923	2.6090e-06	5.1773e-08	4.1661	-16.2223	4.3300	-1.792
GRB230306673	2023-03-06 16:09:01.529	0.640	0.604	3.2852e-06	3.8048e-06	273.5482	22.8130	20.5600	-0.64
GRB151120349	2015-11-20 08:22:53.704	28.416	4.615	9.6457e-06	2.5431e-08	271.1082	21.4032	0.0250	0.512
GRB220627890	2022-06-27 21:21:00.086	136.706	1.280	4.5358e-05	5.2980e-08	311.0403	29.8459	0.2000	44.801
GRB140720158	2014-07-20 03:47:25.368	0.320	0.262	1.9970e-07	1.2266e-08	285.8587	28.1863	28.1900	-0.128
GRB191111347	2019-11-11 08:19:09.572	5.376	0.923	8.0049e-07	1.5918e-08	254.2384	5.9699	6.4300	-1.024
GRB110505203	2011-05-05 04:52:56.432	4.096	0.545	2.0341e-06	6.9418e-08	270.3316	-83.7950	3.0900	-0.384
GRB180710062	2018-07-10 01:28:38.710	90.112	3.208	4.3350e-06	3.5984e-08	310.5625	30.1690	6.7300	-9.216
GRB120526303	2012-05-26 07:16:40.770	43.649	1.002	1.1619e-04	2.2796e-07	232.7483	-43.7758	1.0400	3.072
GRB120429484	2012-04-29 11:37:03.736	15.360	1.619	2.3678e-06	1.7472e-08	255.3678	7.7756	5.3400	-1.024
GRB140329295	2014-03-29 07:04:38.330	21.248	1.056	6.7004e-05	3.3216e-08	262.8427	15.5880	0.2000	5.648
GRB210807525	2021-08-07 12:36:42.844	8.704	0.810	2.2806e-06	3.2429e-08	352.3928	5.4455	3.8100	-0.768
GRB250331070	2025-03-31 01:40:52.270	20.992	1.619	1.2484e-06	3.0271e-08	241.8845	-15.2643	9.2600	-15.104
GRB240607459	2024-06-07 11:01:14.310	20.224	0.572	9.2723e-05	4.3267e-08	263.1314	-83.4410	1.0000	1.024
GRB120711446	2012-07-11 10:42:54.571	87.552	3.874	1.8621e-06	2.0411e-08	252.3693	4.5496	11.0300	-1.28
GRB230812395	2023-08-12 09:28:32.442	25.600	2.111	2.3004e-06	2.6662e-08	7.3244	-23.0085	4.5300	-8.192
GRB191111364	2019-11-11 08:44:29.948	88.066	0.923	1.4549e-05	5.9670e-08	299.4178	30.6543	3.7200	4.608
GRB201016136	2020-10-16 03:16:21.143	165.123	9.148	4.5372e-06	8.3223e-08	343.9132	-83.6727	4.6000	-126.722
GRB141105358	2014-11-05 08:35:48.875	19.200	4.261	1.8375e-06	3.0209e-08	312.4828	30.1482	5.6700	-7.424
GRB130112353	2013-01-12 08:27:47.795	2.048	1.557	1.2393e-06	2.9823e-08	306.3225	30.8414	5.7600	-0.768
GRB200325138	2020-03-25 03:18:31.742	0.960	0.143	1.4803e-06	4.6226e-08	233.3998	-72.9499	0.0700	-0.064
GRB190129515	2019-01-29 12:21:41.873	8.704	1.379	1.1022e-06	3.5662e-08	316.9573	-85.0878	0.1600	-1.28
GRB190808498	2019-08-08 11:56:27.791	47.360	4.830	1.1310e-06	6.2901e-08	3.8450	-13.3934	16.1000	-3.584
GRB260208214	2026-02-08 05:07:28.243	35.329	0.724	1.3432e-04	1.0314e-07	69.1463	77.9291	0.1500	6.4
GRB111010660	2011-10-10 15:50:21.797	8.704	2.111	8.7058e-07	3.3439e-08	293.7300	30.5048	7.0800	-1.024
GRB120811014	2012-08-11 00:20:30.288	0.448	0.091	2.2744e-06	1.9404e-08	230.0253	-62.8779	1.4000	-0.128
GRB170826819	2017-08-26 19:38:56.479	11.008	0.724	3.2272e-05	7.4419e-08	14.9397	-50.6823	1.0000	1.28
GRB120710100	2012-07-10 02:23:17.051	131.840	1.056	5.3384e-06	2.1200e-08	248.2285	-0.3641	4.7600	0.0
GRB210401970	2021-04-01 23:17:04.029	301.061	4.404	7.4899e-05	3.1777e-07	356.2273	1.0258	1.8100	2.816
GRB180413118	2018-04-13 02:49:43.233	57.857	2.360	7.5520e-06	2.3618e-08	279.4476	26.7709	1.2400	-22.273
GRB180718763	2018-07-18 18:18:24.464	98.306	4.891	1.4900e-05	4.9558e-08	229.6133	-62.0138	0.6500	1.6
GRB260305112	2026-03-05 02:41:38.186	41.473	0.810	1.3579e-05	3.4419e-08	57.5397	68.5989	2.3600	0.768
GRB190608009	2019-06-08 00:12:18.394	85.250	6.026	8.2514e-06	7.1342e-08	333.2973	23.5853	2.2100	2.304
GRB211121434	2021-11-21 10:24:53.132	333.064	3.482	2.5829e-05	1.6022e-07	239.4189	-17.9846	1.0000	10.24
GRB230225618	2023-02-25 14:49:19.501	51.200	3.338	3.4959e-06	4.5688e-08	228.9320	-60.8760	5.2400	-29.696
GRB230430368	2023-04-30 08:50:32.330	57.600	3.482	5.4429e-06	4.1685e-08	245.4368	-5.2161	3.0200	-0.256
GRB190817953	2019-08-17 22:52:25.502	8.448	4.636	8.8033e-07	5.4597e-08	1.7929	-7.6938	11.5700	-1.024
GRB191022341	2019-10-22 08:11:06.253	77.824	5.030	4.6118e-06	5.9814e-08	280.2451	27.5051	6.6600	-53.248
GRB220715368	2022-07-15 08:49:40.342	13.312	1.280	1.7985e-06	4.0598e-08	281.9728	28.1997	7.4500	-1.024
GRB120219563	2012-02-19 13:31:23.110	8.128	0.429	5.5777e-07	1.4019e-08	1.6935	-7.4364	10.9400	-1.152
GRB130715906	2013-07-15 21:44:09.642	47.873	1.145	4.1079e-05	1.7042e-07	6.2977	-17.1667	1.0000	5.888
GRB141209131	2014-12-09 03:07:59.542	78.081	4.971	5.5484e-06	5.9198e-08	236.5077	-23.5685	3.5000	2.304
GRB190707285	2019-07-07 06:50:05.127	36.353	2.429	1.1372e-05	4.8668e-08	266.9062	20.4807	2.0200	1.024
GRB130701761	2013-07-01 18:15:30.713	1.600	0.143	4.9175e-06	2.6378e-08	16.0983	-49.0916	1.6800	-0.064
GRB190719113	2019-07-19 02:42:21.537	84.738	3.114	9.1711e-06	4.7389e-08	249.5981	2.3645	5.2200	-8.96
GRB251208536	2025-12-08 12:52:32.548	0.096	0.045	7.9000e-07	1.2287e-08	13.7336	-37.9330	4.8400	-0.032
GRB151218857	2015-12-18 20:33:31.902	3.328	2.064	6.6057e-07	1.9860e-08	341.7613	-85.3234	10.7700	-0.768
GRB170711019	2017-07-11 00:26:52.776	15.104	2.769	7.4943e-07	1.9982e-08	230.7273	-43.1896	15.0000	-1.28
GRB211219622	2021-12-19 14:55:22.567	31.741	0.571	6.4637e-06	4.2807e-08	229.3547	-48.4494	3.3000	0.003
GRB230111797	2023-01-11 19:07:42.899	7.936	1.448	9.9546e-07	2.1919e-08	15.5213	-44.1539	0.2200	-4.096
GRB140223495	2014-02-23 11:53:06.119	17.408	2.064	1.9792e-06	3.3490e-08	258.6279	14.1582	5.5500	-0.768
GRB171023097	2017-10-23 02:19:46.319	64.257	23.830	3.6446e-06	9.2623e-08	16.7395	-48.5341	6.2500	-3.888
GRB250320969	2025-03-20 23:15:22.023	86.018	0.724	7.4681e-05	5.8789e-08	347.2958	14.1411	0.3000	5.12
GRB170127634	2017-01-27 15:13:28.769	1.728	1.346	3.0558e-07	1.2706e-08	241.9831	-82.9754	0.0030	-0.064
GRB150511362	2015-05-11 08:41:57.502	31.232	4.419	3.3516e-06	5.6793e-08	236.5790	-22.6981	5.0500	-0.256
GRB191213254	2019-12-13 06:05:33.022	18.944	2.919	3.2597e-06	4.5256e-08	306.1976	32.3406	2.1200	-8.192
GRB220306306	2022-03-06 07:20:00.522	4.925	0.889	1.7222e-06	3.3049e-08	294.7136	32.3900	6.5200	0.003
GRB160625240	2016-06-25 05:45:55.906	10.752	2.611	1.2778e-06	3.0144e-08	250.7140	4.9450	5.4900	-0.256
GRB150426594	2015-04-26 14:15:31.223	22.528	3.167	1.0847e-05	8.1284e-08	250.5458	-84.7846	1.4600	0.832
GRB150318521	2015-03-18 12:29:53.024	94.720	7.534	4.3291e-06	6.0206e-08	0.0730	-2.6332	2.1900	0.768
GRB250620558	2025-06-20 13:22:56.937	23.296	5.976	1.2685e-06	4.4800e-08	230.1039	-42.7843	6.0400	0.0
GRB210815100	2021-08-15 02:23:49.635	7.168	1.305	3.7770e-06	3.4016e-08	18.6348	-71.2643	2.8800	0.0
GRB201213746	2020-12-13 17:54:05.752	46.336	5.655	2.0446e-06	6.4367e-08	345.5235	18.3868	8.2100	-25.088
GRB150227702	2015-02-27 16:51:29.540	17.408	1.379	2.4563e-06	4.3628e-08	300.2903	32.8892	8.1500	-1.536
GRB140511095	2014-05-11 02:17:11.560	1.408	0.889	3.7066e-07	3.2128e-08	18.0061	-52.2644	8.8400	-0.064
GRB230911132	2023-09-11 03:09:32.876	35.840	1.448	4.4447e-06	2.8252e-08	227.7430	-50.9083	0.0009	-2.816
GRB111221739	2011-12-21 17:43:30.806	27.136	7.186	3.0585e-06	5.7239e-08	344.2347	-86.4489	1.9200	-0.512
GRB170730133	2017-07-30 03:11:44.587	6.656	0.923	2.4063e-06	2.7336e-08	17.4266	-47.1982	4.2300	-1.28
GRB120703726	2012-07-03 17:25:17.032	8.960	1.379	8.3292e-06	9.8273e-08	19.8843	-60.5239	0.0010	0.768
GRB170910368	2017-09-10 08:50:00.358	27.392	2.985	2.5834e-06	9.6307e-08	307.8922	32.9771	6.5500	-3.84
GRB180703949	2018-07-03 22:46:51.317	1.536	0.091	8.8488e-06	1.8159e-08	237.9491	-17.8795	0.4000	0.128
GRB181126413	2018-11-26 09:54:09.943	2.112	0.405	6.2075e-07	2.8261e-08	265.6751	21.2222	0.0400	-1.92
GRB161117066	2016-11-17 01:35:31.357	122.178	0.659	3.1218e-05	1.0679e-07	17.2459	-45.5810	0.0200	4.096
GRB260104243	2026-01-04 05:49:57.623	31.488	4.672	1.3609e-06	2.4850e-08	230.5000	-38.0468	12.9400	-3.584
GRB240715239	2024-07-15 05:44:03.256	0.160	0.045	1.4955e-06	1.4371e-08	1.6782	-85.4458	2.9700	-0.016
GRB260223174	2026-02-23 04:11:09.811	38.913	2.360	1.6964e-05	3.9780e-08	242.7450	-6.4892	0.0010	-1.536
GRB210903021	2021-09-03 00:30:46.047	1.344	1.558	3.2043e-08	9.7379e-09	41.8683	17.4687	26.0800	-1.024
GRB110703557	2011-07-03 13:22:15.581	6.720	1.619	9.7388e-07	2.2273e-08	267.6996	23.1318	3.7600	-4.224
GRB160401065	2016-04-01 01:34:02.509	20.992	0.923	9.3138e-06	4.5139e-08	9.3416	-18.6498	2.7300	0.768
GRB220513865	2022-05-13 20:46:08.559	1.856	0.898	4.3770e-07	1.9132e-08	233.2140	-28.3453	12.1200	-0.768
GRB140901262	2014-09-01 06:17:22.787	65.025	14.083	2.9293e-06	3.2713e-08	243.0077	-5.5465	0.1000	-0.512
GRB241117125	2024-11-17 03:00:43.231	8.896	0.580	8.8657e-06	4.1767e-08	108.0952	-45.2913	1.7400	0.0
GRB161220605	2016-12-20 14:31:36.429	41.729	2.611	8.9475e-06	4.2020e-08	255.7998	13.0124	2.0900	1.024
GRB170130302	2017-01-30 07:14:44.681	50.177	4.382	4.0892e-06	4.0813e-08	1.9000	-3.5945	5.4400	-0.256
GRB110904163	2011-09-04 03:54:36.019	51.457	4.128	3.4640e-06	2.6843e-08	300.3342	33.9721	6.1100	-1.28
GRB201208252	2020-12-08 06:03:23.248	44.801	5.971	6.6853e-06	6.2048e-08	269.6691	24.9993	0.1600	-11.52
GRB250113273	2025-01-13 06:33:41.591	39.169	1.864	4.4970e-06	2.8486e-08	240.2477	-10.0092	6.0200	-4.864
GRB250624817	2025-06-24 19:36:21.850	99.586	2.862	9.3658e-06	4.4363e-08	119.8185	-46.1773	5.2700	-0.512
GRB180516229	2018-05-16 05:29:47.141	13.824	4.672	1.7834e-06	6.8170e-08	0.8304	-1.0184	6.1100	-0.512
GRB231020790	2023-10-20 18:56:58.300	9.344	0.181	3.7536e-05	2.7578e-08	17.4378	-41.5523	1.0000	2.88
GRB120830297	2012-08-30 07:07:03.533	0.896	0.231	3.0693e-06	2.7188e-08	234.0521	-24.3660	0.0020	0.0
GRB140701567	2014-07-01 13:36:11.074	25.088	3.328	2.6478e-06	3.9289e-08	23.3033	-71.0414	3.8200	-7.68
GRB200224212	2020-02-24 05:05:49.279	299.525	2.862	3.6841e-05	5.7831e-08	287.4385	32.1951	3.0800	-41.985
GRB230217912	2023-02-17 21:53:10.689	0.896	0.143	1.7254e-05	7.6256e-08	6.0304	-11.0494	0.0500	0.096
GRB200405394	2020-04-05 09:27:21.555	14.848	3.114	2.1665e-06	5.3272e-08	226.3610	-48.7669	5.5300	-0.256
GRB110731465	2011-07-31 11:09:29.954	7.485	0.572	2.2892e-05	5.7035e-08	6.2233	-10.7021	0.0001	0.003
GRB160709826	2016-07-09 19:49:03.512	5.440	0.453	2.2817e-06	1.1337e-08	342.9745	20.6161	0.1800	0.0
GRB250321908	2025-03-21 21:47:36.176	8.960	1.619	8.8998e-07	3.2976e-08	234.0888	-23.5896	4.9600	-1.024
GRB170114833	2017-01-14 19:59:12.488	29.184	0.572	1.3898e-05	3.7066e-08	255.2142	13.4246	1.3900	0.32
GRB201108645	2020-11-08 15:28:23.267	68.864	2.111	2.0048e-06	2.4084e-08	67.8219	10.9650	9.6800	-0.768
GRB170906039	2017-09-06 00:55:40.851	11.520	1.379	3.0308e-06	5.4518e-08	340.2735	22.9785	0.0006	-0.256
GRB160221993	2016-02-21 23:49:45.218	11.520	0.923	1.7522e-06	2.5175e-08	340.0634	22.9038	0.0400	-1.792
GRB180420031	2018-04-20 00:45:09.919	59.392	1.280	3.0334e-06	4.0640e-08	235.2742	-20.0961	4.0200	-1.28
GRB170829414	2017-08-29 09:56:30.579	51.457	2.064	7.7780e-06	5.0183e-08	23.0377	-61.0392	3.1800	-4.608
GRB121029350	2012-10-29 08:24:19.934	15.808	0.572	7.8146e-06	5.8005e-08	336.0374	25.8148	1.6500	-0.896
GRB251126665	2025-11-26 15:57:02.799	15.104	1.864	3.6924e-07	1.9510e-08	18.9480	-44.5552	14.3200	-0.256
GRB190102258	2019-01-02 06:11:31.125	122.112	7.442	6.4560e-06	1.0217e-07	190.4883	-6.3574	4.7300	-0.512
GRB130406334	2013-04-06 08:00:36.766	88.832	3.444	3.2110e-06	1.0552e-07	240.7722	-6.8873	7.6600	-5.12
GRB220624124	2022-06-24 02:58:35.159	285.190	3.338	1.7720e-04	1.4089e-07	250.0016	73.7111	0.0667	3.072
GRB250702880	2025-07-02 21:06:43.102	53.505	2.360	1.0042e-05	6.5421e-08	7.7617	68.7006	0.0500	-8.448
GRB210731931	2021-07-31 22:21:07.203	25.857	5.278	3.0532e-06	6.3118e-08	13.4387	-26.7393	0.0016	1.792
GRB131102622	2013-11-02 14:55:44.623	62.976	7.886	1.4220e-06	4.6356e-08	229.0919	-36.3124	14.8200	0.0
GRB191011192	2019-10-11 04:35:58.582	25.088	4.352	8.5225e-07	4.5496e-08	221.8551	-61.8007	0.0050	-3.84
GRB150430015	2015-04-30 00:21:05.647	111.618	2.360	1.5615e-05	6.5411e-08	20.7187	-49.1120	0.0014	-4.096
GRB110921912	2011-09-21 21:52:45.092	17.664	0.345	3.6311e-05	7.8966e-08	221.9105	-85.4223	1.0000	0.896
GRB171230955	2017-12-30 22:55:29.755	70.401	0.923	1.5006e-05	3.0709e-08	233.3960	-23.1974	1.0800	4.352
GRB200308941	2020-03-08 22:35:15.791	43.008	2.560	1.2521e-06	2.8799e-08	21.1793	-49.9210	11.8600	-2.816
GRB251124540	2025-11-24 12:58:03.470	77.314	2.360	2.5213e-05	4.4262e-08	37.9048	29.2371	1.0000	92.674
GRB180402481	2018-04-02 11:32:11.626	0.256	0.181	5.3497e-07	1.9738e-08	23.5807	-59.7222	7.7000	-0.256
GRB240602419	2024-06-02 10:03:07.154	25.374	0.819	4.4949e-06	2.8145e-08	307.4044	35.0882	3.6800	0.003
GRB241024337	2024-10-24 08:05:48.050	31.233	0.572	6.1263e-06	3.3764e-08	243.8012	-0.8629	2.3200	0.512
GRB130209961	2013-02-09 23:03:41.793	9.790	0.408	6.1237e-06	1.8749e-08	219.1261	-71.6035	1.0000	0.003
GRB251005671	2025-10-05 16:06:54.005	5.568	1.797	9.8146e-07	1.2096e-08	184.6585	-14.8733	0.0500	-0.128
GRB110920546	2011-09-20 13:05:43.812	160.771	5.221	1.7233e-04	2.4062e-07	320.8789	32.9364	1.0000	5.12
GRB150118927	2015-01-18 22:14:32.661	0.288	0.097	6.9773e-07	1.0975e-08	270.3657	26.8996	0.1000	0.0
GRB240513307	2024-05-13 07:22:02.551	6.941	1.063	8.4832e-07	3.1595e-08	273.1773	28.4772	0.4000	0.003
GRB180210991	2018-02-10 23:46:28.386	48.129	0.572	1.1605e-05	2.9050e-08	241.6849	-4.2621	2.3800	0.576
GRB220927234	2022-09-27 05:36:20.950	76.801	1.056	8.4762e-06	2.7542e-08	235.6212	-16.9964	1.1400	-35.265
GRB210411146	2021-04-11 03:30:56.435	42.497	0.810	4.0725e-06	4.1995e-08	357.8966	6.0122	3.0500	4.096
GRB251028143	2025-10-28 03:26:31.860	29.953	0.724	2.7508e-05	4.7292e-08	216.8851	48.5247	0.2400	3.072
GRB160419637	2016-04-19 15:16:35.389	24.320	6.964	1.5154e-06	6.1084e-08	217.6229	-86.8235	0.0500	-20.48
GRB240404110	2024-04-04 02:38:04.631	0.704	0.516	1.9106e-07	1.3671e-08	356.6879	7.8177	13.3500	-0.64
GRB180423266	2018-04-23 06:23:40.761	3.328	1.619	5.7854e-07	2.3336e-08	230.3070	-29.9717	5.7400	-0.512
GRB260125435	2026-01-25 10:25:45.226	8.960	2.996	1.1675e-06	4.5245e-08	184.8322	-13.3544	11.6400	-3.584
GRB150831930	2015-08-31 22:19:27.158	13.760	2.064	2.7153e-06	3.4493e-08	3.5109	-2.6641	0.0500	-1.664
GRB230702527	2023-07-02 12:38:53.062	2.432	0.286	1.8713e-06	3.7268e-08	234.0829	-20.5046	4.2500	-0.064
GRB140304849	2014-03-04 20:22:30.144	232.708	1.145	8.3213e-06	5.2375e-08	28.9857	-73.3833	3.3100	1.024
GRB240420190	2024-04-20 04:33:45.572	18.688	2.111	1.7458e-06	3.7542e-08	356.4907	8.6237	5.6600	-2.816
GRB241228165	2024-12-28 03:57:10.174	8.320	0.181	5.1237e-06	1.3476e-08	89.1302	-36.8008	0.0500	0.32
GRB230201236	2023-02-01 05:39:33.405	1.280	1.012	5.3534e-07	4.8842e-08	103.5026	-15.0805	9.7000	-0.448
GRB140907429	2014-09-07 10:18:16.890	27.392	7.322	1.3461e-06	1.7600e-07	273.2641	29.0966	9.5300	-7.424
GRB110509475	2011-05-09 11:24:15.579	0.640	0.779	5.2569e-07	1.4622e-08	228.0177	-35.5757	8.3000	-0.32
GRB210502295	2021-05-02 07:05:17.885	4.992	0.730	1.1873e-06	2.7649e-08	30.3323	-73.8149	4.1300	-0.064
GRB260303559	2026-03-03 13:24:20.457	20.992	0.810	1.7739e-05	3.5729e-08	40.3384	-86.7929	1.5600	1.792
GRB210602865	2021-06-02 20:46:02.339	14.592	1.950	1.1488e-06	3.8601e-08	322.2312	33.2085	9.3700	-0.768
GRB190114873	2019-01-14 20:57:02.626	116.354	2.563	4.4325e-04	4.9926e-07	222.4611	-53.0756	0.0500	0.704
GRB140405033	2014-04-05 00:47:02.521	39.936	3.874	2.5992e-06	3.3001e-08	244.0179	0.9030	3.9200	-0.512
GRB110522633	2011-05-22 15:11:56.606	58.112	2.828	3.0438e-06	2.4797e-08	289.5585	34.7819	12.5000	-0.256
GRB250510279	2025-05-10 06:41:54.056	35.584	7.748	2.9003e-06	7.1449e-08	248.5495	7.9503	2.6900	0.512
GRB250612519	2025-06-12 12:27:56.190	10.752	0.923	5.5282e-06	2.7531e-08	339.2821	25.5369	0.0056	-0.256
GRB180709099	2018-07-09 02:22:03.465	11.008	1.280	3.8771e-06	2.7546e-08	23.3141	-51.2529	3.7000	-4.096
GRB210402920	2021-04-02 22:04:16.979	76.032	0.923	1.6993e-06	7.7729e-09	110.3332	72.0832	0.0010	-59.648
GRB171013350	2017-10-13 08:24:42.108	39.425	1.716	1.5590e-05	4.1146e-08	280.0269	32.3639	1.0000	0.256
GRB180720933	2018-07-20 22:23:53.152	23.296	1.493	2.8286e-06	4.8621e-08	1.6080	1.7877	0.0016	-8.448
GRB131006367	2013-10-06 08:48:21.365	0.128	0.389	1.2686e-07	1.4835e-08	22.3210	-47.9088	18.4800	-0.128
GRB180313978	2018-03-13 23:28:17.529	0.080	0.410	1.8732e-07	1.0567e-08	20.2283	-41.0314	5.6600	0.0
GRB200809211	2020-08-09 05:04:31.565	64.512	7.907	2.2935e-06	5.2674e-08	316.3987	35.2160	5.2200	-33.024
GRB160428412	2016-04-28 09:53:17.762	0.576	1.270	1.7793e-07	3.3479e-08	213.8770	-76.3141	8.8300	-0.384
GRB160218711	2016-02-18 17:03:39.419	20.224	3.482	1.2715e-06	2.5985e-08	215.4816	-71.7341	9.6900	-9.472
GRB150629564	2015-06-29 13:32:40.688	1.920	1.223	3.6879e-07	1.4798e-08	17.4437	-32.4942	11.1800	-0.96
GRB170621784	2017-06-21 18:49:28.380	32.000	5.894	1.6691e-06	6.4928e-08	227.8007	-34.2169	10.3500	-5.888
GRB120817168	2012-08-17 04:02:29.723	0.160	0.113	1.7866e-06	1.0167e-08	41.6836	-85.8787	0.0500	-0.032
GRB170926782	2017-09-26 18:46:05.164	0.896	0.181	4.5632e-07	1.0066e-08	28.2853	-64.3633	5.0700	-0.128
GRB210622064	2021-06-22 01:32:35.940	40.704	1.379	3.1420e-06	5.3653e-08	342.3521	24.0749	0.0417	0.256
GRB170825307	2017-08-25 07:22:01.419	6.656	0.923	2.2479e-06	2.2048e-08	5.9282	-4.8273	3.2000	-0.512
GRB130925173	2013-09-25 04:09:26.734	215.555	1.810	8.4767e-05	2.6184e-07	217.1823	-64.7151	0.0010	11.008
GRB130925164	2013-09-25 03:56:23.286	6.400	2.429	6.3406e-07	2.7480e-08	217.1823	-64.7151	0.0014	-3.84
GRB120920003	2012-09-20 00:04:32.728	28.160	4.382	1.0033e-06	3.1506e-08	211.6419	-77.2187	7.8400	-1.792
GRB180912274	2018-09-12 06:34:13.806	41.217	0.810	1.6271e-05	3.3081e-08	313.0666	35.9212	2.1100	-0.512
GRB220606025	2022-06-06 00:35:39.282	19.712	1.619	8.6772e-07	4.1238e-08	358.4596	7.6704	15.5500	-2.56
GRB120608489	2012-06-08 11:43:51.831	0.960	1.611	4.8345e-07	2.1445e-08	339.9626	25.8761	2.5200	-0.192
GRB260104999	2026-01-04 23:57:57.418	35.000	8.246	1.8480e-06	1.1678e-07	19.3661	-36.7878	9.2800	-10.0
GRB191227723	2019-12-27 17:21:44.144	0.208	0.066	2.8361e-06	1.7183e-08	358.4199	7.7086	2.4100	-0.016
GRB180128215	2018-01-28 05:09:56.598	0.208	0.400	3.7752e-07	1.2982e-08	95.2669	-88.8405	5.7200	-0.096
GRB220101930	2022-01-01 22:18:30.632	34.560	7.684	6.1199e-06	7.7596e-08	213.2315	-73.9370	3.9100	-0.256
GRB210117458	2021-01-17 10:58:52.032	12.544	1.639	4.0870e-06	3.9427e-08	336.8395	27.9436	3.0000	0.32
GRB131008858	2013-10-08 20:36:02.793	36.349	3.367	8.2276e-06	7.0163e-08	24.0308	-50.0723	2.5000	0.003
GRB140905454	2014-09-05 10:53:45.717	110.082	1.086	2.7462e-05	5.6012e-08	27.8338	-61.1042	2.8200	5.888
GRB251009666	2025-10-09 15:58:56.607	0.320	0.547	3.2368e-08	1.0210e-08	225.8793	-37.5177	25.2200	-0.192
GRB220107793	2022-01-07 19:01:33.520	24.833	0.362	2.6107e-05	4.7990e-08	19.7678	67.2331	0.2800	0.832
GRB140628626	2014-06-28 15:01:36.122	12.544	3.665	1.4664e-06	6.2329e-08	336.8883	28.1550	13.0400	-11.776
GRB180828790	2018-08-28 18:57:26.577	8.256	0.091	3.3204e-05	3.3125e-08	3.7463	-0.1539	0.0016	1.6
GRB120908938	2012-09-08 22:31:00.024	66.945	2.988	5.1596e-06	1.1179e-07	340.7098	25.7830	0.4600	-4.608
GRB200816486	2020-08-16 11:39:31.527	31.488	1.639	9.1985e-07	4.6438e-08	17.4830	-30.3031	6.5500	-3.584
GRB171004672	2017-10-04 16:07:16.421	48.125	0.921	1.0863e-05	4.1007e-08	228.9265	-28.7423	1.6100	0.003
GRB230911329	2023-09-11 07:53:09.730	45.569	0.362	1.1262e-04	2.9386e-08	262.8096	23.8632	0.2400	4.864
GRB250720343	2025-07-20 08:13:44.043	48.641	4.558	5.2480e-06	5.7712e-08	177.5013	-17.3732	4.4800	-6.656
GRB211212532	2021-12-12 12:46:26.439	21.504	1.379	3.1028e-06	2.8906e-08	216.1916	-64.0830	5.7100	-0.256
GRB150815604	2015-08-15 14:29:59.314	24.576	5.591	2.2456e-06	5.5094e-08	12.5248	-17.1755	7.0100	-2.048
GRB181029892	2018-10-29 21:24:46.328	18.688	2.757	4.4762e-06	5.4434e-08	6.4274	-4.3998	2.2100	-0.512
GRB250210230	2025-02-10 05:31:40.126	24.576	2.996	4.3891e-06	2.1190e-08	261.2497	23.3063	2.7900	3.6
GRB190904174	2019-09-04 04:11:00.737	7.680	6.192	4.6986e-07	3.5485e-08	212.3511	-69.2105	12.6600	-7.424
GRB170405777	2017-04-05 18:39:22.886	78.593	0.572	7.3963e-05	6.6154e-08	331.6824	31.5408	0.0500	7.424
GRB250317004	2025-03-17 00:05:29.522	17.664	2.896	1.0841e-06	2.8795e-08	259.7299	22.0974	6.3000	-6.912
GRB160612842	2016-06-12 20:12:47.549	0.288	0.231	9.0991e-07	1.5460e-08	31.9399	-67.9957	0.0500	-0.128
GRB180925407	2018-09-25 09:46:30.545	0.896	0.923	1.2619e-07	1.5689e-08	290.6094	36.4616	9.6500	-0.576
GRB210421455	2021-04-21 10:54:44.812	11.008	2.673	9.7389e-07	2.6545e-08	85.2535	28.8992	0.0830	-1.536
GRB131021352	2013-10-21 08:26:45.451	17.664	3.258	1.3970e-06	4.6166e-08	25.3358	-50.9249	6.3900	-0.768
GRB170514180	2017-05-14 04:18:38.885	103.938	0.923	2.2537e-05	3.5605e-08	244.0948	4.0302	2.2100	1.28
GRB200415367	2020-04-15 08:48:05.564	0.144	0.036	5.0136e-06	1.6154e-08	97.5990	-87.9400	0.1200	-0.016
GRB180420107	2018-04-20 02:33:54.627	62.977	4.222	5.1139e-06	3.2907e-08	228.7340	-27.7052	4.5100	-19.456
GRB140311453	2014-03-11 10:52:04.868	14.912	1.619	3.6991e-06	5.4037e-08	214.2514	-66.4707	5.2900	-1.024
GRB110725236	2011-07-25 05:39:42.059	20.224	1.056	1.3087e-06	2.9277e-08	4.9075	-0.9650	9.0600	-1.024
GRB250621052	2025-06-21 01:14:55.204	13.373	0.602	5.7819e-06	2.6356e-08	247.9087	9.8143	1.9100	0.003
GRB181116484	2018-11-16 11:36:47.288	68.609	0.810	1.7756e-05	2.4301e-08	57.6368	-82.3311	1.6700	3.328
GRB240718270	2024-07-18 06:29:00.434	58.625	0.810	5.5816e-05	2.5700e-08	358.9557	8.5164	0.2300	0.32
GRB130907760	2013-09-07 18:14:46.587	3.136	2.691	2.6084e-07	2.8261e-08	345.7653	22.8648	7.3700	-0.32
GRB220228438	2022-02-28 10:30:05.923	12.032	2.415	8.9381e-07	3.1342e-08	22.8917	-34.4528	0.7000	-6.912
GRB130611538	2013-06-11 12:54:20.870	66.816	6.700	7.4433e-06	9.9974e-08	347.2577	21.4133	2.9700	0.256
GRB140511995	2014-05-11 23:53:09.495	59.136	1.379	6.7460e-06	4.1536e-08	205.4828	-77.7704	3.5800	-1.024
GRB121028280	2012-10-28 06:43:13.087	11.008	2.360	9.9778e-07	2.8314e-08	218.7867	-54.4347	7.6800	-1.792
GRB120619884	2012-06-19 21:13:16.913	0.960	0.960	4.2425e-07	3.0169e-08	300.5007	37.8117	2.7900	-0.256
GRB250823840	2025-08-23 20:10:10.668	13.056	1.280	9.7246e-07	2.2467e-08	15.7498	-23.3740	0.0500	-8.192
GRB201019069	2020-10-19 01:40:02.642	16.896	1.305	9.6602e-06	2.8279e-08	335.4806	29.9671	2.3200	0.256
GRB251103699	2025-11-03 16:46:36.441	47.553	1.775	5.4049e-06	6.5716e-08	236.5452	-8.5877	0.0006	-14.08
GRB220131236	2022-01-31 05:40:28.513	84.738	2.919	9.8514e-06	2.4898e-08	225.8449	-34.1492	5.1500	4.608
GRB251116083	2025-11-16 02:00:04.245	10.752	1.619	1.6641e-06	2.5139e-08	206.0183	-76.8379	4.4900	-1.792
GRB190501794	2019-05-01 19:03:42.592	424.967	13.440	6.0339e-06	7.1103e-08	263.5497	29.4668	11.0400	-230.66
GRB170901345	2017-09-01 08:16:54.377	29.696	3.665	4.0413e-07	1.9975e-08	250.8438	14.1157	12.1600	-8.192
GRB250619984	2025-06-19 23:36:17.168	28.928	1.493	1.4878e-06	2.8512e-08	203.7880	-78.5067	13.4000	-1.024
GRB260120168	2026-01-20 04:01:54.956	3.840	0.932	3.7940e-06	8.8456e-08	32.5156	-65.6804	2.5200	-0.128
GRB250607584	2025-06-07 14:00:55.637	5.888	1.145	9.5054e-07	2.4190e-08	351.0517	18.5664	10.1500	-1.792
GRB240905053	2024-09-05 01:16:17.094	6.208	0.231	6.7103e-06	3.7357e-08	5.4815	-0.9824	6.1200	0.192
GRB120412055	2012-04-12 01:18:42.148	9.728	3.566	1.2463e-06	8.5753e-08	207.2803	-74.8953	13.4700	-4.096
GRB151202565	2015-12-02 13:33:49.808	0.704	1.159	6.9835e-07	2.8489e-08	25.5204	-48.4493	7.9400	-0.064
GRB130604033	2013-06-04 00:48:11.322	26.880	0.923	1.7465e-05	1.3070e-07	13.9978	-18.8130	1.2100	-0.256
GRB240226236	2024-02-26 05:40:04.580	20.224	2.985	9.3345e-07	4.5033e-08	31.0891	-62.2652	11.3000	-4.352
GRB140711691	2014-07-11 16:35:24.567	80.896	21.601	2.3913e-06	1.1311e-07	273.9170	32.1512	8.4600	-3.072
GRB161228405	2016-12-28 09:43:25.579	50.176	3.444	3.2743e-06	6.9125e-08	40.7215	-76.7714	5.6300	-0.256
GRB211018697	2021-10-18 16:43:27.608	15.104	5.030	1.4139e-06	4.9633e-08	253.4261	17.3962	9.7900	-3.584
GRB180314030	2018-03-14 00:43:19.898	22.016	0.572	1.3308e-05	3.5807e-08	233.6223	-13.8771	0.0005	0.768
GRB220612013	2022-06-12 00:18:46.568	15.872	1.145	2.3420e-06	2.8716e-08	260.3293	24.2702	8.1700	-1.536
GRB250403636	2025-04-03 15:15:22.830	16.384	1.280	2.8774e-06	2.0687e-08	304.9487	38.4684	0.0451	-2.56
GRB200920651	2020-09-20 15:36:47.161	1.472	1.864	1.5387e-07	2.2493e-08	323.4869	35.5993	13.8900	-1.536
GRB211130636	2021-11-30 15:16:27.028	218.629	0.572	1.6520e-05	3.7941e-08	184.3795	-84.3236	1.4500	2.048
GRB110909116	2011-09-09 02:46:58.190	20.736	1.639	4.9196e-05	1.4373e-05	34.4141	-66.8570	1.6800	-12.288
GRB120504945	2012-05-04 22:40:08.601	5.760	0.779	1.6674e-06	2.7126e-08	311.5501	38.1745	6.7400	-2.304
GRB220903511	2022-09-03 12:16:18.167	7.424	0.572	8.9212e-06	2.7461e-08	285.1993	36.6022	3.9100	0.0
GRB240305162	2024-03-05 03:52:49.305	7.424	1.056	4.2240e-06	2.3008e-08	98.6623	-84.3763	3.0500	-0.512
GRB210108424	2021-01-08 10:10:10.464	7.168	2.862	1.0125e-06	3.1251e-08	20.2582	-32.1591	8.7000	-1.024
GRB131119781	2013-11-19 18:44:47.874	34.816	0.810	1.8487e-06	2.4469e-08	215.2597	-58.2851	7.3500	-2.56
GRB230827762	2023-08-27 18:17:52.931	83.201	0.724	2.8936e-05	7.8686e-08	24.1541	-41.7558	1.0000	2.112
GRB110828575	2011-08-28 13:48:14.720	44.673	7.534	2.7210e-06	3.6999e-08	237.5457	-4.2838	1.0400	-1.12
GRB250204311	2025-02-04 07:28:17.410	39.425	2.111	4.7970e-06	2.7097e-08	236.5255	-6.1791	1.0800	-0.768
GRB190830023	2019-08-30 00:32:48.260	12.288	1.280	2.0560e-06	6.6930e-08	238.0800	-3.1992	7.4900	-1.792
GRB160222070	2016-02-22 01:41:23.835	18.176	1.280	1.2666e-06	2.9950e-08	21.1107	-33.3683	9.5700	-5.632
GRB190805106	2019-08-05 02:32:30.450	9.216	1.619	4.3952e-06	6.6688e-08	275.0291	33.5905	3.1900	-0.256
GRB190813520	2019-08-13 12:29:09.943	0.192	0.873	4.9947e-08	1.2120e-08	235.2998	-7.4660	10.3700	-0.064
GRB251221782	2025-12-21 18:46:21.998	10.752	3.338	2.9740e-06	3.1897e-08	10.2999	-2.7849	7.2200	-0.256
GRB230310031	2023-03-10 00:45:01.131	52.224	4.857	3.5643e-06	6.8908e-08	0.2274	9.5632	7.1700	-14.592
GRB170817529	2017-08-17 12:41:06.475	2.048	0.466	2.7914e-07	1.7403e-08	308.3790	39.2960	0.0000	-0.192
GRB251202769	2025-12-02 18:27:03.111	0.512	0.091	7.2430e-07	1.1159e-08	36.5044	-66.5332	4.5000	-0.064
GRB190623461	2019-06-23 11:03:27.095	9.728	0.923	2.3770e-06	2.7775e-08	30.9075	-56.1048	4.1200	-2.56
GRB200919964	2020-09-19 23:08:22.645	48.129	0.572	5.5972e-05	5.2105e-08	8.0852	-2.6205	1.1900	3.84
GRB120102416	2012-01-02 09:59:01.273	20.224	2.769	2.5531e-06	5.7428e-08	33.7170	-61.0989	3.5800	-10.24
GRB191022285	2019-10-22 06:50:05.074	12.288	2.919	3.4222e-06	5.7198e-08	8.0763	-2.3323	3.1800	-3.328
GRB181010247	2018-10-10 05:55:59.391	9.728	2.187	7.7576e-07	7.3545e-08	215.4037	-53.9598	0.0500	-8.704
GRB110730008	2011-07-30 00:11:54.743	28.416	2.919	1.2570e-06	3.6850e-08	3.6323	5.8041	4.2800	-7.936
GRB251001595	2025-10-01 14:17:19.051	19.200	2.896	1.6159e-06	6.9573e-08	210.9061	-62.7698	0.0005	-2.048
GRB200313071	2020-03-13 01:41:36.621	13.568	0.572	6.9136e-05	6.4567e-08	181.3697	-12.4679	1.0000	0.768
GRB160603719	2016-06-03 17:15:56.076	0.384	0.231	1.9732e-07	4.1496e-08	305.9914	39.8511	8.8000	-0.128
GRB180724984	2018-07-24 23:36:18.298	4.608	2.064	7.4495e-07	5.8136e-08	217.5705	-48.6677	8.1300	-2.304
GRB150513856	2015-05-13 20:33:15.254	158.978	2.862	7.5426e-06	8.5053e-08	213.7245	-57.0385	0.0400	-157.186
GRB250808768	2025-08-08 18:25:12.485	48.641	1.145	2.6597e-06	3.1826e-08	219.3593	-44.1708	0.1800	-2.56
GRB190507970	2019-05-07 23:16:29.638	36.352	2.862	1.1429e-05	4.9447e-08	14.3434	-14.3462	1.1900	1.536
GRB220405258	2022-04-05 06:11:39.121	8.192	1.305	3.1365e-06	3.3063e-08	200.4314	-74.4247	1.2100	-0.256
GRB160921087	2016-09-21 02:05:12.252	48.897	0.810	3.9127e-06	2.2383e-08	0.5166	10.5440	6.3500	-0.512
GRB240106265	2024-01-06 06:21:20.929	33.024	1.493	3.2986e-06	2.9847e-08	349.9527	22.7667	5.4000	-2.304
GRB180826055	2018-08-26 01:19:15.542	290.565	3.999	2.6227e-05	6.8827e-08	218.3483	-45.0098	6.9400	-84.482
GRB190831693	2019-08-31 16:38:37.978	17.920	4.007	1.9870e-06	7.0588e-08	276.5104	35.7618	5.9200	-2.304
GRB220915218	2022-09-15 05:13:40.898	18.048	1.557	9.9208e-06	4.0539e-08	14.9936	-15.2594	1.2100	-0.336
GRB111230819	2011-12-30 19:39:32.142	12.736	1.145	3.5117e-06	3.9502e-08	352.2371	21.1624	2.0200	-0.64
GRB160819852	2016-08-19 20:27:35.489	33.536	1.493	1.6877e-05	8.0161e-08	237.8239	-0.7086	0.0500	5.376
GRB130722990	2013-07-22 23:46:11.713	2.304	1.379	5.9884e-07	2.5743e-08	43.0035	-70.8352	2.7000	-0.768
GRB130219197	2013-02-19 04:44:07.575	168.003	2.172	3.1857e-05	1.0252e-07	275.8513	35.6156	2.2000	5.376
GRB220624316	2022-06-24 07:34:56.053	2.176	1.946	1.3592e-07	2.4150e-08	85.2275	14.3673	17.3400	-0.832
GRB230808699	2023-08-08 16:46:11.382	20.992	2.636	4.2712e-06	5.1012e-08	317.1527	39.3503	2.4200	-1.536
GRB160123095	2016-01-23 02:17:25.583	37.632	3.167	8.9552e-07	3.4009e-08	24.5689	-36.9442	10.7500	-3.84
GRB190107050	2019-01-07 01:12:40.035	67.584	4.924	1.9413e-06	3.4628e-08	44.5691	-71.8467	18.7000	-2.304
GRB160315739	2016-03-15 17:44:50.341	3.328	1.086	3.0532e-07	2.2664e-08	26.7229	-41.9458	23.0500	-2.816
GRB200625532	2020-06-25 12:45:49.143	63.488	1.619	6.2780e-06	3.5707e-08	276.3199	36.0649	8.8200	-0.512
GRB111203609	2011-12-03 14:36:45.379	22.016	6.734	6.9480e-07	4.3865e-08	352.3632	20.9933	13.3000	-2.816
GRB130606497	2013-06-06 11:55:33.631	52.225	0.724	2.0087e-04	2.0452e-07	332.2447	34.8195	0.1000	5.376
GRB181028590	2018-10-28 14:09:42.530	29.697	0.810	3.1137e-05	7.3049e-08	227.3544	-21.7081	0.4000	2.048
GRB160219289	2016-02-19 06:56:18.138	3.520	0.181	1.1074e-06	7.5187e-08	56.7382	-78.3329	20.0000	0.0
GRB240507006	2024-05-07 00:08:35.944	58.625	5.278	1.4551e-06	5.0837e-08	293.3879	40.3507	8.4000	-1.28
GRB230101095	2023-01-01 02:16:38.999	83.202	4.672	1.4263e-05	3.9401e-08	319.0948	39.2385	2.7900	-13.056
GRB170705200	2017-07-05 04:48:30.104	27.648	0.724	3.2621e-06	1.9165e-08	53.1794	-76.8045	2.1100	-0.256
GRB190919764	2019-09-19 18:20:02.656	41.985	0.810	1.4694e-05	5.0783e-08	50.2002	-74.9421	2.4900	3.584
GRB131202633	2013-12-02 15:12:10.851	19.968	7.748	8.1695e-07	5.2580e-08	38.3926	-63.2660	0.0008	-4.352
GRB220618761	2022-06-18 18:15:34.963	0.064	0.885	2.4288e-08	1.9714e-08	227.8093	-20.1391	14.9400	0.0
GRB150203545	2015-02-03 13:04:30.398	23.808	1.619	3.6398e-06	2.1161e-08	263.9183	29.9497	2.6700	-1.536
GRB220401429	2022-04-01 10:17:40.891	39.169	2.064	6.3738e-06	3.6521e-08	121.1418	-10.1213	4.5500	-2.56
GRB190308923	2019-03-08 22:09:46.740	45.568	2.828	1.4427e-06	3.5419e-08	278.3530	37.1158	10.2900	0.0
GRB230204906	2023-02-04 21:44:27.198	216.068	0.572	7.1478e-05	3.5737e-08	308.8194	40.9365	0.0020	3.328
GRB250905344	2025-09-05 08:14:40.871	14.592	2.636	1.9714e-06	4.2908e-08	245.0187	12.3062	11.9500	-4.352
GRB150604434	2015-06-04 10:24:43.802	0.896	0.143	3.9739e-07	1.2386e-08	220.9398	-35.9299	4.4500	-0.064
GRB210803497	2021-08-03 11:55:44.403	9.216	0.528	1.0593e-05	5.2939e-08	332.7952	35.4301	1.0000	0.192
GRB150630223	2015-06-30 05:20:46.538	22.784	1.864	1.0775e-05	5.6127e-08	238.1520	1.9588	1.4600	0.56
GRB221005757	2022-10-05 18:10:05.105	8.960	4.579	4.0610e-07	2.2424e-08	243.7891	10.8197	9.2000	-2.048
GRB171209671	2017-12-09 16:06:35.208	13.824	2.111	3.1995e-06	2.8440e-08	350.4030	24.1317	3.6400	-1.024
GRB200319323	2020-03-19 07:44:40.320	20.480	3.167	2.9040e-06	1.4390e-07	217.8407	-42.1456	3.3600	-0.512
GRB230707141	2023-07-07 03:22:51.960	28.928	0.572	7.2330e-06	3.9512e-08	277.7479	37.1411	0.0500	0.256
GRB250714302	2025-07-14 07:15:13.011	17.920	0.923	4.7761e-06	2.6053e-08	228.7024	-16.4290	2.7200	0.768
GRB190220844	2019-02-20 20:15:31.492	108.544	1.280	6.2547e-06	2.7117e-08	352.9039	21.9464	0.0333	-49.664
GRB200326517	2020-03-26 12:24:47.903	96.512	4.419	3.9271e-06	4.3425e-08	354.8763	19.9907	6.8800	-15.616
GRB130707505	2013-07-07 12:07:48.926	76.545	3.083	1.0461e-05	1.0688e-07	213.0453	-51.7169	5.3700	-2.048
GRB171022085	2017-10-22 02:03:03.653	37.633	6.720	1.8042e-06	4.3112e-08	0.4866	13.3774	3.6600	-8.704
GRB150912443	2015-09-12 10:37:38.705	33.537	5.843	3.4323e-06	5.7353e-08	356.9047	17.8091	0.0330	-7.424
GRB120805706	2012-08-05 16:56:21.720	1.856	1.296	1.8790e-07	1.9566e-08	197.0140	-73.3084	10.1100	-0.96
GRB151229285	2015-12-29 06:50:27.954	3.456	1.032	1.1088e-06	1.5782e-08	32.4275	-49.9333	0.0006	-0.128
GRB231106981	2023-11-06 23:33:07.404	3.840	0.859	3.3631e-07	2.0064e-08	165.1228	34.1286	8.0200	-0.64
GRB131123543	2013-11-23 13:01:58.134	3.136	0.716	4.0835e-07	2.7357e-08	212.2375	-52.7453	8.3400	0.0
GRB150422703	2015-04-22 16:52:33.993	36.865	0.572	2.9897e-05	9.2066e-08	329.3701	37.4025	1.0700	1.536
GRB230904347	2023-09-04 08:19:31.334	0.336	0.480	5.0105e-09	8.2505e-09	12.4089	-5.6556	21.7200	-0.352
GRB130909817	2013-09-09 19:36:08.897	33.792	7.322	1.9770e-06	5.8364e-08	309.6104	41.8056	17.2400	-14.848
GRB141223240	2014-12-23 05:45:37.970	94.208	3.974	1.8207e-06	4.5684e-08	255.5563	24.9895	7.4800	-3.584
GRB130507545	2013-05-07 13:04:37.981	60.160	5.938	4.2657e-06	4.6707e-08	28.6688	-41.3086	3.2900	0.0
GRB220426285	2022-04-26 06:49:51.234	5.632	0.362	1.0331e-04	4.1675e-08	35.8383	-55.5910	1.0000	0.832
GRB210807687	2021-08-07 16:29:19.536	7.680	1.864	3.6790e-06	5.6395e-08	12.2642	-4.5835	2.8800	-1.28
GRB240213841	2024-02-13 20:11:09.783	43.009	0.572	2.5094e-05	4.8539e-08	271.8418	35.9424	1.6100	0.768
GRB160925221	2016-09-25 05:18:56.451	50.944	7.718	2.3202e-06	2.4223e-08	44.3375	-66.6527	5.4500	-1.792
GRB150904479	2015-09-04 11:30:20.956	23.296	3.692	1.0272e-06	3.1295e-08	217.4447	-40.2834	10.8900	-4.096
GRB190117369	2019-01-17 08:50:43.596	35.585	3.974	2.8053e-06	6.9840e-08	232.3996	-7.1903	6.3500	-1.024
GRB190511302	2019-05-11 07:14:24.358	27.648	1.145	2.0998e-05	8.3911e-08	242.0728	10.1468	0.0011	2.56
GRB180712651	2018-07-12 15:38:02.457	54.272	3.114	1.2863e-06	4.0664e-08	22.3487	-26.1054	13.9200	-0.512
GRB220907587	2022-09-07 14:05:26.481	8.704	2.721	7.0445e-07	2.2290e-08	8.5541	2.4907	0.0500	-1.792
GRB240523401	2024-05-23 09:38:08.794	8.704	2.187	9.7147e-07	2.8814e-08	27.7680	-38.6033	13.1900	-3.84
GRB180306973	2018-03-06 23:20:33.933	39.680	0.724	3.6850e-06	5.3495e-08	173.1319	-79.7145	5.9200	-6.144
GRB200420106	2020-04-20 02:32:58.598	0.320	1.036	5.6547e-08	1.0096e-08	23.1749	-27.8623	27.3000	-0.224
GRB120922939	2012-09-22 22:32:09.474	182.275	19.777	8.2080e-06	1.6867e-07	347.9788	27.6812	0.0001	-113.666
GRB150528656	2015-05-28 15:44:04.556	13.056	1.278	4.7587e-06	4.3066e-08	47.5809	-68.7639	2.5000	0.256
GRB240328798	2024-03-28 19:09:10.666	78.593	1.999	3.7794e-06	8.1933e-08	338.2052	34.3080	11.6100	-9.216
GRB231204833	2023-12-04 20:00:04.000	44.801	4.615	6.9477e-06	3.3086e-08	97.2578	1.7447	2.3700	0.224
GRB230119558	2023-01-19 13:23:36.319	114.434	2.360	1.7279e-05	3.3305e-08	34.8897	-52.4539	3.0800	-3.072
GRB150324319	2015-03-24 07:39:08.884	13.056	0.724	7.8092e-06	5.9463e-08	19.8442	-19.5780	1.7000	-0.256
GRB120712571	2012-07-12 13:42:25.606	22.528	5.431	4.4305e-06	4.5111e-08	274.9450	37.7287	0.0010	-1.792
GRB141122087	2014-11-22 02:05:26.172	1.280	0.945	2.5893e-07	2.1984e-08	100.1810	-82.3291	10.9000	-0.704
GRB200503721	2020-05-03 17:18:33.570	92.930	16.512	7.0539e-06	1.2283e-07	359.0916	16.8480	4.0800	-24.32
GRB220223094	2022-02-23 02:15:16.995	8.704	5.043	7.3543e-07	7.9817e-08	186.0364	-75.9544	14.5600	-3.072
GRB111114233	2011-11-14 05:35:45.351	22.016	2.673	1.1122e-06	2.5991e-08	8.4428	3.2848	5.7200	-1.536
GRB151122709	2015-11-22 17:00:45.006	51.200	15.496	2.2850e-06	9.4054e-08	21.7025	-23.4344	0.0500	-4.352
GRB180722120	2018-07-22 02:53:21.076	12.544	2.187	1.5244e-06	2.3786e-08	233.2560	-3.9187	12.5100	-7.168
GRB160605847	2016-06-05 20:19:29.764	5.504	0.842	2.7295e-06	4.2858e-08	234.2007	-2.0873	4.9500	-0.064
GRB211002740	2021-10-02 17:45:21.634	4.861	1.280	3.4300e-06	1.1638e-07	279.0255	39.4368	3.9100	0.003
GRB240215670	2024-02-15 16:05:31.581	28.672	2.415	2.1279e-06	4.7983e-08	230.8668	-8.3801	6.7300	-8.704
GRB171030729	2017-10-30 17:29:45.122	0.096	1.016	1.9641e-07	2.6366e-08	219.2192	-33.7956	23.3900	-0.064
GRB180806665	2018-08-06 15:57:58.302	8.448	0.923	4.0182e-07	1.2965e-08	191.9912	-72.2228	11.5000	-2.56
GRB161218222	2016-12-18 05:19:23.178	0.320	0.516	7.2576e-07	2.5648e-08	231.5409	-6.8832	5.7500	-0.064
GRB150326542	2015-03-26 13:00:35.198	4.096	1.056	1.3606e-06	2.2020e-08	34.8691	-51.1554	5.9400	-0.768
GRB231123114	2023-11-23 02:44:04.777	3.520	1.180	5.8406e-07	1.1393e-08	222.9727	-25.2677	9.1600	-0.704
GRB200224416	2020-02-24 09:58:44.567	0.064	1.922	6.9752e-08	9.7433e-09	295.4015	42.9800	12.5200	-0.032
GRB180417689	2018-04-17 16:32:45.654	0.256	1.218	1.6176e-07	2.7496e-08	25.7445	-31.6349	8.0500	-0.064
GRB200501435	2020-05-01 10:25:44.847	1.536	0.905	6.4673e-07	1.6228e-08	205.9050	-58.8306	8.2800	-0.128
GRB140513724	2014-05-13 17:22:12.278	17.152	2.111	4.1056e-06	6.2325e-08	358.1017	18.8423	3.9300	-0.512
GRB170723076	2017-07-23 01:49:10.405	20.224	2.429	1.8645e-06	6.7128e-08	246.8295	17.8374	12.8900	-4.096
GRB150415029	2015-04-15 00:41:07.531	34.557	4.104	3.8467e-06	4.1502e-08	335.9919	36.3014	3.5900	0.003
GRB210827424	2021-08-27 10:10:16.144	35.585	3.620	7.4982e-06	5.4052e-08	25.7719	-31.2131	2.4500	-0.256
GRB220714582	2022-07-14 13:58:06.273	28.160	0.724	7.0896e-06	2.8147e-08	206.3486	-57.7094	0.0014	-1.28
GRB251022940	2025-10-22 22:34:15.264	99.586	0.572	2.0811e-05	2.9529e-08	215.4132	-41.4416	0.3200	2.56
GRB190307151	2019-03-07 03:37:16.537	75.521	2.187	1.6794e-05	6.3286e-08	164.6848	-79.2713	1.6900	4.096
GRB141229492	2014-12-29 11:48:59.836	13.824	6.661	5.5962e-06	7.0209e-08	218.2025	-35.1576	0.0013	0.0
GRB120916085	2012-09-16 02:02:15.905	1.280	1.493	7.3336e-08	1.0412e-08	221.9417	-26.6668	11.1300	-0.256
GRB160818198	2016-08-18 04:44:52.897	6.400	0.923	1.6843e-06	1.3638e-08	230.7722	-7.4108	4.8100	-1.28
GRB221212278	2022-12-12 06:40:59.300	28.160	3.908	1.1357e-06	1.9114e-08	251.1627	22.9942	15.8200	-4.352
GRB130514560	2013-05-14 13:26:32.530	17.408	3.435	2.2702e-06	4.5786e-08	254.3626	26.3727	0.0200	-0.512
GRB140717827	2014-07-17 19:50:58.982	80.640	3.278	5.7864e-06	5.8940e-08	273.1312	38.2241	6.0000	-48.128
GRB240603102	2024-06-03 02:27:33.484	2.496	1.032	1.5722e-06	2.1752e-08	32.6188	-44.7097	3.0600	0.0
GRB131014215	2013-10-14 05:09:00.202	3.200	0.091	1.9793e-04	1.5013e-07	229.0861	-10.5929	0.4500	0.96
GRB150603823	2015-06-03 19:45:40.512	102.144	1.864	4.7120e-06	6.3984e-08	12.5215	-1.3174	5.9100	0.0
GRB130325203	2013-03-25 04:51:54.298	6.912	0.724	7.4368e-06	2.9360e-08	239.0068	8.0006	0.2500	0.768
GRB151130160	2015-11-30 03:50:50.019	20.224	4.360	2.3814e-06	2.4033e-08	246.5224	18.4670	5.8000	-0.512
GRB121123442	2012-11-23 10:35:55.712	42.497	1.999	1.4232e-05	1.0312e-07	189.4671	-71.7538	1.6100	2.304
GRB190217188	2019-02-17 04:31:26.137	11.520	2.187	8.8193e-07	2.2668e-08	272.2581	38.0820	8.9600	-8.448
GRB170115662	2017-01-15 15:52:36.933	120.320	4.871	5.6362e-06	4.2204e-08	221.1821	-26.8874	7.1900	-1.024
GRB230625767	2023-06-25 18:24:10.711	63.233	4.382	5.5607e-06	3.1625e-08	31.6399	-41.9869	3.4500	-0.256
GRB160220059	2016-02-20 01:25:26.968	8.768	1.231	6.1910e-07	1.3457e-08	350.9371	27.4366	0.0011	-0.512
GRB260317835	2026-03-17 20:01:51.979	0.032	0.036	1.9786e-08	4.6943e-09	3.2546	13.9764	13.3300	-0.048
GRB221205022	2022-12-05 00:31:56.981	49.152	2.896	1.8628e-06	1.9101e-08	94.4529	56.1833	7.6700	-12.288
GRB250116524	2025-01-16 12:33:59.533	15.872	0.362	9.3130e-05	1.1798e-07	10.5839	2.6480	1.0000	2.368
GRB200808469	2020-08-08 11:15:57.405	27.904	1.619	3.2016e-06	2.2373e-08	127.0690	-7.1886	5.3200	-5.376
GRB211229930	2021-12-29 22:18:43.097	24.256	1.379	6.7829e-06	2.9056e-08	292.5733	43.8185	1.0900	-16.256
GRB171219279	2017-12-19 06:42:17.079	1.152	1.190	1.7404e-07	1.7536e-08	10.8898	3.0200	8.6800	-0.896
GRB210926869	2021-09-26 20:51:18.648	6.912	1.810	1.3784e-06	2.8569e-08	48.2530	-65.2973	6.9700	-0.256
GRB210606945	2021-06-06 22:40:25.321	243.717	2.573	7.0138e-05	2.1213e-07	223.2364	-21.5899	1.2000	42.497
GRB181215110	2018-12-15 02:38:38.088	37.438	4.364	5.0621e-06	5.6803e-08	242.4299	13.9731	3.6300	0.003
GRB150727793	2015-07-27 19:01:56.348	49.409	3.974	4.4241e-06	5.8594e-08	317.5006	43.2487	0.0500	-1.536
GRB210726106	2021-07-26 02:32:56.804	47.872	7.718	1.7140e-06	5.3274e-08	278.6115	40.9083	7.2700	-0.256
GRB130416770	2013-04-16 18:28:53.296	0.192	0.425	9.3854e-07	1.7924e-08	207.0317	-53.6726	4.8600	-0.048
GRB140118064	2014-01-18 01:32:07.848	90.112	2.202	3.9593e-06	4.6004e-08	37.3319	-50.4559	0.0500	-71.168
GRB111207512	2011-12-07 12:17:16.205	0.768	1.145	2.6214e-07	2.6569e-08	268.7508	37.3942	9.9800	-0.896
GRB210928084	2021-09-28 02:00:31.006	23.808	0.362	4.6363e-05	4.9933e-08	357.8305	21.6573	0.1500	2.56
GRB250127635	2025-01-27 15:14:38.583	52.481	2.172	3.7655e-06	2.7397e-08	240.6275	12.2984	3.4300	-4.608
GRB121231445	2012-12-31 10:41:23.249	32.768	5.152	2.9369e-06	7.2247e-08	40.1485	-54.3492	6.4600	-5.632
GRB220724988	2022-07-24 23:43:03.456	35.585	2.534	1.8896e-06	5.0165e-08	351.6461	28.2292	3.8700	-1.024
GRB120212383	2012-02-12 09:11:23.498	9.216	0.724	1.1489e-06	2.5897e-08	201.2323	-60.7154	0.0500	-2.048
GRB151228129	2015-12-28 03:05:12.462	0.256	2.268	4.6306e-07	3.6417e-08	329.8936	40.7131	0.0500	-0.064
GRB251031306	2025-10-31 07:21:00.486	44.801	1.619	9.9256e-06	3.0103e-08	299.4677	45.2129	3.2900	-0.256
GRB251211548	2025-12-11 13:09:39.094	34.560	3.692	1.8181e-06	6.6797e-08	16.9651	-6.5239	18.4300	-8.448
GRB130418844	2013-04-18 20:14:45.486	169.472	2.560	5.9823e-06	3.3945e-08	332.8061	39.7765	8.4600	-45.056
GRB220418720	2022-04-18 17:16:21.651	2.432	0.859	1.7770e-07	1.8727e-08	340.8630	35.8927	0.0500	-0.768
GRB191225309	2019-12-25 07:25:16.497	112.384	11.310	2.9286e-06	3.0220e-08	225.4155	-14.1783	6.6600	-5.632
GRB211231292	2021-12-31 07:00:31.787	9.216	0.923	1.0876e-05	4.7548e-08	20.1633	-13.4033	1.6800	2.56
GRB240403498	2024-04-03 11:57:30.576	35.585	0.810	3.6420e-05	3.1210e-08	90.8278	-78.5585	1.7700	3.648
GRB180805543	2018-08-05 13:02:36.516	0.960	0.590	3.6620e-07	1.2009e-08	176.7892	-74.6491	0.0500	-0.448
GRB120130699	2012-01-30 16:47:10.881	27.776	0.694	6.6122e-06	1.4081e-07	255.0354	29.0797	3.6900	-0.64
GRB141102112	2014-11-02 02:41:16.339	0.016	0.066	7.3632e-08	1.3966e-08	339.8616	36.5934	15.6100	-0.032
GRB230511945	2023-05-11 22:40:18.198	0.192	0.143	8.9175e-08	1.4295e-08	352.2489	27.8986	21.7000	-0.448
GRB211102338	2021-11-02 08:06:03.219	48.897	0.923	1.0875e-05	3.4567e-08	132.6696	-4.6681	4.1000	-3.072
GRB230710826	2023-07-10 19:50:00.794	47.616	6.085	1.2936e-06	3.5351e-08	177.4261	-74.2330	4.7800	-0.512
GRB130310840	2013-03-10 20:09:41.503	16.000	2.561	1.1295e-05	6.7067e-08	249.1816	23.9167	0.4500	4.096
GRB151023104	2015-10-23 02:29:25.137	10.240	3.874	1.3359e-06	2.3352e-08	69.6722	-74.2968	16.4000	-2.304
GRB210925800	2021-09-25 19:12:27.965	229.124	1.557	1.8476e-05	5.7890e-08	50.6671	-64.4815	3.3300	4.864
GRB220917614	2022-09-17 14:44:25.604	26.368	6.542	1.0885e-06	2.0576e-08	65.1640	-72.4575	11.6700	-11.52
GRB161201342	2016-12-01 08:12:57.471	12.800	1.846	1.7666e-06	2.7947e-08	52.1090	-65.5649	4.0400	-3.328
GRB130127743	2013-01-27 17:50:23.934	0.144	0.804	2.3203e-07	1.1280e-08	1.7826	18.3363	8.4600	-0.112
GRB130811186	2013-08-11 04:28:01.687	44.801	10.780	6.3819e-06	7.8857e-08	302.9738	45.8317	3.3600	-2.304
GRB120410585	2012-04-10 14:02:00.192	1.088	1.180	2.9072e-07	2.1109e-08	262.9512	35.3531	8.6000	-1.024
GRB161218356	2016-12-18 08:32:40.647	25.857	0.362	8.5674e-05	3.3245e-08	67.7388	-73.3714	1.0000	1.536
GRB121119579	2012-11-19 13:53:14.134	2.304	0.429	8.8147e-07	2.3576e-08	29.5928	-32.8730	8.1300	-0.256
GRB130723092	2013-07-23 02:12:34.122	8.192	2.064	8.7076e-07	3.0543e-08	334.5832	39.8099	8.1600	-0.768
GRB180822423	2018-08-22 10:08:27.091	8.448	0.724	2.2138e-06	2.1099e-08	325.0470	43.1382	4.5600	-0.512
GRB140627401	2014-06-27 09:37:59.916	7.424	2.611	9.0019e-07	5.9810e-08	212.7634	-39.5554	13.5900	-3.584
GRB200716060	2020-07-16 01:26:37.759	45.057	0.362	5.9102e-05	4.5496e-08	246.7395	22.0716	0.0830	2.816
GRB191227069	2019-12-27 01:39:24.721	25.089	0.724	6.8927e-05	6.0265e-08	33.1409	-39.4823	0.0500	9.472
GRB150911588	2015-09-11 14:06:03.606	46.081	3.620	9.0896e-06	7.8408e-08	188.5716	-68.6867	3.8000	1.024
GRB260127835	2026-01-27 20:02:32.568	1.024	0.707	1.6694e-06	3.7839e-08	125.6139	60.1974	5.2100	-0.896
GRB150809516	2015-08-09 12:22:55.119	47.361	3.338	6.0928e-06	4.5334e-08	55.9711	-67.2162	2.1500	0.512
GRB230911686	2023-09-11 16:28:28.330	16.384	2.862	1.0120e-06	3.1883e-08	202.4543	-55.9758	4.4100	-1.024
GRB160720275	2016-07-20 06:35:19.627	14.336	4.810	2.2196e-06	5.6115e-08	38.6751	-49.2330	4.7900	-6.144
GRB201111323	2020-11-11 07:45:45.984	3.584	3.221	2.9595e-07	3.1511e-08	218.6453	-27.0106	12.0800	-0.768
GRB170715878	2017-07-15 21:04:13.314	12.800	1.864	7.2167e-07	5.8971e-08	19.8983	-11.2558	7.8100	-2.816
GRB240102125	2024-01-02 03:00:02.459	26.621	3.874	6.3772e-06	5.0969e-08	287.0443	44.8245	1.6100	0.003
GRB251006561	2025-10-06 13:27:35.028	1.408	0.345	4.2005e-07	1.0876e-08	11.9336	4.1577	12.0000	-1.216
GRB180522607	2018-05-22 14:34:38.668	6.912	2.429	1.3373e-06	4.7374e-08	25.2403	-22.4955	5.5900	-1.024
GRB210312169	2021-03-12 04:04:04.895	65.281	12.710	2.7056e-06	7.6383e-08	212.9545	-37.8387	9.8700	-35.585
GRB180205323	2018-02-05 07:45:04.143	47.360	2.919	3.9590e-06	4.7995e-08	319.0531	44.8841	4.8300	-16.384
GRB110526715	2011-05-26 17:09:01.809	0.448	0.045	5.1951e-07	8.6032e-09	227.4665	-7.7326	5.8400	-0.048
GRB180701469	2018-07-01 11:15:04.510	25.601	1.619	4.3789e-06	3.5303e-08	313.4488	45.8792	2.0800	2.304
GRB170803729	2017-08-03 17:30:27.112	3.584	0.320	1.8854e-06	2.4381e-08	279.0257	43.2068	0.0010	-0.192
GRB160515819	2016-05-15 19:38:41.037	84.481	3.208	5.9999e-06	9.1345e-08	218.3323	-26.8741	3.4300	-0.768
GRB210528586	2021-05-28 14:03:46.163	1.024	0.091	3.8199e-06	2.2229e-08	243.0467	18.3446	1.9000	0.0
GRB200909168	2020-09-09 04:01:22.387	28.097	1.448	5.9553e-06	3.2804e-08	44.8922	-56.7200	5.2300	-3.456
GRB150424403	2015-04-24 09:39:59.679	36.096	5.954	3.8455e-06	7.9191e-08	289.0135	45.5651	0.1300	-8.96
GRB120831901	2012-08-31 21:37:31.875	0.384	0.547	2.5147e-07	2.9489e-08	249.5182	25.7971	8.5400	-0.256
GRB190204627	2019-02-04 15:02:50.914	41.216	0.923	3.9989e-06	2.9554e-08	224.0310	-14.2291	8.8000	-22.272
GRB221210108	2022-12-10 02:35:38.437	18.176	0.572	1.5584e-06	2.6572e-08	12.1614	4.7650	12.6900	-0.256
GRB200904085	2020-09-04 02:02:55.282	37.632	10.085	1.2025e-06	4.0314e-08	137.3990	-78.5789	11.6200	-13.312
GRB170430204	2017-04-30 04:54:19.747	0.384	0.773	1.2047e-07	1.7563e-08	187.1117	-66.2962	62.3800	-0.192
GRB210821291	2021-08-21 06:58:24.476	51.712	3.566	1.6063e-06	2.9850e-08	89.1549	-76.7969	10.8600	-3.328
GRB110624906	2011-06-24 21:44:25.565	3.520	1.134	2.7198e-07	2.4795e-08	211.0924	-40.5604	17.3400	-1.472
GRB111117526	2011-11-17 12:38:00.759	23.808	1.717	1.4234e-06	2.4897e-08	176.1291	-72.7600	6.2200	-1.28
GRB190610834	2019-06-10 20:00:23.685	3.072	2.360	4.0032e-07	2.5475e-08	32.0818	-35.3302	11.2300	-2.304
GRB200716316	2020-07-16 07:34:28.480	51.457	2.862	1.2520e-05	4.2704e-08	50.0502	-61.3169	4.2500	1.088
GRB250918522	2025-09-18 12:32:18.093	103.170	2.187	1.6354e-05	5.1006e-08	339.4698	38.6290	3.3800	-51.457
GRB230414334	2023-04-14 08:00:48.984	0.800	0.744	5.5773e-07	1.2698e-08	325.5541	44.1113	10.2100	-0.048
GRB110901230	2011-09-01 05:31:44.058	22.528	5.620	1.5063e-06	5.7456e-08	247.2612	24.0865	3.3700	-7.68
GRB250702618	2025-07-02 14:49:31.915	0.512	0.607	1.5455e-07	2.5729e-08	229.2511	-2.7643	11.1200	-0.448
GRB241119350	2024-11-19 08:23:20.183	20.992	3.898	1.1484e-06	5.1690e-08	1.7163	21.7936	5.1500	0.512
GRB260318942	2026-03-18 22:35:47.457	24.576	0.923	1.2746e-05	3.0803e-08	91.5556	12.1636	1.0000	-5.632
GRB210529677	2021-05-29 16:15:24.720	2.368	0.781	5.0004e-07	4.5371e-08	137.1175	-78.2121	10.9500	-1.344
GRB220103877	2022-01-03 21:03:12.889	6.912	0.572	1.5677e-06	2.5340e-08	190.6829	-64.9715	8.4000	-1.024
GRB170816258	2017-08-16 06:11:11.880	61.440	8.816	2.0629e-06	4.1095e-08	112.6152	-78.3084	4.0400	-14.336
GRB200928290	2020-09-28 06:57:59.000	0.128	0.516	1.7771e-07	9.9677e-09	205.9889	-45.4094	11.7200	-0.128
GRB120524134	2012-05-24 03:12:54.679	0.704	0.466	2.5274e-07	1.5086e-08	70.0816	-72.1324	10.4500	-0.128
GRB150501017	2015-05-01 00:24:08.145	9.728	0.923	1.4610e-06	2.8210e-08	202.1019	-53.6894	3.2500	-0.256
GRB240527297	2024-05-27 07:07:25.988	9.728	2.429	7.9829e-07	1.9648e-08	29.4655	-28.6824	10.2900	-2.816
GRB181007385	2018-10-07 09:14:23.980	46.336	8.452	2.2738e-06	4.7558e-08	27.5948	-25.3076	3.8600	-26.624
GRB110523344	2011-05-23 08:15:54.581	44.544	2.611	2.2273e-06	4.5509e-08	336.8978	40.4478	4.5000	-1.28
GRB230511145	2023-05-11 03:28:07.466	234.245	2.521	7.7799e-06	1.1962e-07	11.3649	10.9247	9.2100	-1.28
GRB210701834	2021-07-01 20:01:09.899	68.864	5.101	1.1218e-06	4.9404e-08	32.1365	-34.0510	17.6300	-1.024
GRB111001804	2011-10-01 19:17:58.576	0.384	1.361	1.9005e-07	1.2396e-08	47.3145	-57.3123	15.1100	-0.256
GRB130114019	2013-01-14 00:27:04.549	8.704	1.846	1.1132e-06	7.5281e-08	30.7109	-30.9687	10.8600	-2.048
GRB241013041	2024-10-13 00:58:34.358	12.544	1.448	7.0314e-07	2.6868e-08	15.6093	-0.5584	0.0420	-5.376
GRB240604594	2024-06-04 14:15:58.991	0.384	0.286	6.4371e-08	1.1209e-08	274.0649	44.7548	13.9800	-0.128
GRB180402406	2018-04-02 09:44:59.367	0.448	0.326	1.3125e-06	2.7751e-08	4.0838	18.9363	0.0500	-0.32
GRB190425089	2019-04-25 02:07:43.545	7.680	4.167	4.2721e-07	5.0273e-08	33.1700	-35.5886	14.8800	-4.096
GRB170419898	2017-04-19 21:33:46.807	24.064	0.572	2.2480e-06	1.8932e-08	207.7977	-44.2646	0.0500	0.0
GRB140512814	2014-05-12 19:31:42.502	147.970	2.360	2.9345e-05	8.1353e-08	22.1933	-12.4876	0.0500	2.048
GRB180119837	2018-01-19 20:04:52.293	3.008	0.231	2.2341e-06	1.7463e-08	56.3515	-64.5053	2.5200	-0.256
GRB111010899	2011-10-10 21:34:13.677	18.560	2.988	9.5878e-07	5.1674e-08	215.4172	-29.5027	7.6800	-14.656
GRB130515430	2013-05-15 10:18:30.169	20.480	5.120	1.0078e-06	4.3155e-08	32.2849	-33.1827	5.3700	-3.584
GRB180922734	2018-09-22 17:36:51.080	16.896	5.684	7.4239e-07	6.0959e-08	52.8968	-61.8462	12.7500	-12.032
GRB240525697	2024-05-25 16:43:39.111	21.760	0.810	1.5988e-06	2.6799e-08	318.9046	48.2924	9.9900	-2.048
GRB220527387	2022-05-27 09:17:15.731	10.496	0.362	5.1774e-05	3.2562e-08	37.5029	-42.7042	0.0800	2.624
GRB200707072	2020-07-07 01:44:02.537	17.152	2.828	2.5323e-06	3.6312e-08	216.9446	-26.1393	3.1400	0.0
GRB240421405	2024-04-21 09:42:41.913	12.288	0.362	1.2646e-05	1.6999e-08	26.7036	-21.4739	0.0500	2.304
GRB110717319	2011-07-17 07:39:55.862	90.369	0.810	4.2450e-05	5.2030e-08	32.4059	-33.1399	1.2000	5.376
GRB150105257	2015-01-05 06:10:00.463	80.641	1.379	3.3542e-05	7.0366e-08	236.2750	11.4500	1.0000	3.584
GRB241008917	2024-10-08 22:00:04.348	52.737	2.111	1.9368e-05	3.5510e-08	230.3578	2.0503	1.0000	1.024
GRB240527586	2024-05-27 14:03:51.504	24.832	0.810	1.1766e-05	2.2470e-08	238.0612	14.6810	0.1900	0.512
GRB220115943	2022-01-15 22:37:50.514	36.608	0.810	3.2811e-06	3.1050e-08	34.7976	-37.5006	6.6900	-0.256
GRB120913997	2012-09-13 23:55:58.770	130.050	3.566	2.0280e-05	7.5478e-08	331.3040	43.7093	0.0500	-32.001
GRB221119627	2022-11-19 15:02:53.640	66.049	0.724	3.5192e-05	5.1101e-08	248.5085	27.3532	0.6000	1.536
GRB130704560	2013-07-04 13:26:07.253	6.400	0.572	2.4271e-05	5.4195e-08	209.5640	-39.5011	1.0000	0.512
GRB130131511	2013-01-31 12:15:13.385	147.459	1.145	3.9205e-05	7.1551e-08	298.2311	48.2738	1.0000	3.584
GRB241207869	2024-12-07 20:51:01.746	0.256	0.716	2.4031e-07	1.2373e-08	352.6621	31.8941	8.0100	-0.128
GRB240913836	2024-09-13 20:03:39.964	0.744	0.656	1.8495e-07	7.9608e-09	219.9509	-18.3331	12.0300	-0.008
GRB220826218	2022-08-26 05:13:16.969	10.496	4.971	1.1728e-06	4.5451e-08	34.5841	-35.7089	7.6100	-3.84
GRB220403424	2022-04-03 10:10:02.661	6.912	1.493	4.0796e-07	2.2233e-08	177.8167	-69.2142	9.4300	-1.792
GRB191031635	2019-10-31 15:14:54.816	9.984	3.415	5.5399e-07	2.4850e-08	180.3326	-68.1212	14.3500	-3.072
GRB180306479	2018-03-06 11:29:27.951	63.488	5.753	2.2269e-06	1.1778e-07	299.0413	48.6517	9.9200	-7.168
GRB150811849	2015-08-11 20:22:13.749	0.640	0.143	3.4265e-06	4.2438e-08	293.4183	48.2850	0.9900	-0.064
GRB110809461	2011-08-09 11:03:34.004	12.544	4.615	3.9051e-06	9.5480e-08	274.3065	44.2935	1.8400	-4.352
GRB220407167	2022-04-07 04:00:42.152	1.408	0.231	2.3840e-07	3.9968e-08	206.5512	-43.2511	8.8200	-1.472
GRB231024556	2023-10-24 13:20:34.421	0.048	2.416	8.1665e-08	1.4710e-08	133.5869	-76.7136	12.6100	-0.064
GRB240710643	2024-07-10 15:25:37.713	8.448	0.810	1.0126e-05	2.7010e-08	357.5457	27.9164	1.6200	0.256
GRB140426515	2014-04-26 12:21:32.740	37.568	3.535	2.2827e-06	3.1715e-08	277.1978	45.2187	12.5200	-4.736
GRB191213784	2019-12-13 18:49:07.969	9.216	4.615	6.4239e-07	5.7491e-08	43.0563	-48.9188	6.6700	-2.048
GRB250411762	2025-04-11 18:17:09.189	268.805	1.717	1.7734e-05	6.3095e-08	1.0822	24.3470	3.4100	-13.056
GRB260208412	2026-02-08 09:52:44.910	145.411	1.448	9.2123e-05	2.6345e-07	223.9086	-9.0681	0.0600	4.096
GRB160101030	2016-01-01 00:43:53.610	4.669	0.602	1.7611e-05	2.3713e-08	338.6921	41.4970	0.0008	0.003
GRB141114687	2014-11-14 16:29:16.089	44.800	4.222	3.5928e-06	4.0557e-08	99.1086	-75.1496	3.8900	0.512
GRB220426299	2022-04-26 07:10:36.182	87.554	9.812	3.0789e-06	5.4529e-08	243.6847	23.2112	5.1500	-0.512
GRB160521839	2016-05-21 20:07:53.873	15.872	0.923	2.6183e-06	3.8767e-08	212.0396	-33.0170	4.4400	-0.768
GRB120426585	2012-04-26 14:02:22.355	30.973	3.620	3.6585e-06	4.1717e-08	21.8477	-8.4836	3.8300	0.003
GRB140211091	2014-02-11 02:10:41.163	3.456	0.724	7.3661e-07	3.1895e-08	230.9826	5.0007	3.9900	-0.896
GRB130717734	2013-07-17 17:36:20.111	55.296	3.125	1.8706e-06	4.6551e-08	8.0115	16.0167	12.1000	-3.328
GRB231214329	2023-12-14 07:53:55.520	39.424	1.619	3.0645e-06	4.2467e-08	243.0276	23.0530	6.2500	-1.024
GRB180128881	2018-01-28 21:09:19.457	1.792	0.923	3.3083e-07	2.5572e-08	38.9636	-41.8116	9.2200	-0.512
GRB160523919	2016-05-23 22:03:37.128	71.424	2.111	7.4714e-06	3.6267e-08	10.6016	12.3720	3.6900	0.512
GRB180116678	2018-01-16 16:16:03.655	122.624	2.290	1.6335e-05	1.4983e-07	197.3008	-54.2821	2.9000	0.768
GRB190727846	2019-07-27 20:17:56.447	35.073	0.572	6.2153e-05	2.0753e-08	236.1256	14.0307	0.0500	3.072
GRB170901255	2017-09-01 06:07:47.453	8.960	1.280	8.4979e-07	2.3312e-08	231.4771	6.5902	7.6200	-4.864
GRB210622440	2021-06-22 10:33:01.760	16.128	2.415	3.4954e-06	6.6464e-08	236.0381	14.1538	5.3000	-1.792
GRB191125206	2019-11-25 04:56:43.136	77.313	0.810	4.9669e-05	3.8327e-08	359.9331	26.8053	1.0000	1.792
GRB200903113	2020-09-03 02:42:40.872	80.897	4.720	7.9891e-06	3.7074e-08	201.0525	-49.2215	4.8000	-22.784
GRB150723608	2015-07-23 14:35:14.137	33.024	2.318	2.4539e-06	2.8152e-08	251.1909	32.1655	6.0100	0.0
GRB140302342	2014-03-02 08:12:58.888	67.584	5.655	5.9576e-06	4.4491e-08	7.0395	18.6024	0.0006	0.256
GRB180712358	2018-07-12 08:35:42.435	37.120	9.441	1.1738e-06	4.4743e-08	236.8134	15.8876	10.3400	-2.304
GRB230418883	2023-04-18 21:11:33.494	0.256	0.072	2.3673e-06	1.2482e-08	195.4486	-54.4765	5.8900	-0.032
GRB190507270	2019-05-07 06:28:23.301	84.993	3.899	4.4352e-06	4.0427e-08	256.2847	36.3706	4.8200	-2.304
GRB260122398	2026-01-22 09:33:43.420	66.561	2.429	3.3285e-06	4.5536e-08	32.3063	-27.8168	6.4500	0.512
GRB211115688	2021-11-15 16:31:22.410	8.960	1.810	9.8831e-07	3.6773e-08	231.9901	10.0925	6.8700	-1.024
GRB170121614	2017-01-21 14:44:22.414	46.337	2.187	2.0734e-05	1.2421e-07	211.0550	-32.2969	1.7800	-11.264
GRB140408553	2014-04-08 13:15:55.242	7.680	3.367	6.5710e-07	5.4178e-08	25.0861	-12.6003	0.0010	-1.024
GRB170114917	2017-01-14 22:01:09.495	12.032	1.305	1.8164e-05	6.1750e-08	119.9115	-75.4035	1.0000	0.512
GRB230330191	2023-03-30 04:34:29.478	56.061	2.521	4.4931e-06	4.7189e-08	21.6687	-5.5732	3.9900	0.004
GRB240118725	2024-01-18 17:23:23.929	30.721	0.572	1.2158e-05	3.3232e-08	31.6156	-25.4724	1.8000	1.024
GRB251211856	2025-12-11 20:32:04.268	4.096	0.810	1.2569e-06	1.5838e-08	278.0172	48.0641	4.4500	-0.256
GRB111011094	2011-10-11 02:15:09.895	1.472	0.771	4.2049e-07	1.9841e-08	186.0410	-62.3344	6.7700	-0.064
GRB250109262	2025-01-09 06:17:08.596	15.104	3.083	6.3002e-07	1.2440e-08	218.0287	-18.0392	0.0300	-6.656
GRB150126868	2015-01-26 20:50:35.778	96.513	3.114	2.5227e-05	5.7864e-08	63.7107	-64.3767	0.5100	6.4
GRB250505339	2025-05-05 08:08:39.540	13.568	1.145	2.9059e-06	1.8857e-08	222.9132	-3.1803	3.4400	-0.256
GRB171230119	2017-12-30 02:51:26.141	1.280	0.528	2.7100e-07	2.8749e-08	41.6200	-43.1651	14.7700	-1.216
GRB150329288	2015-03-29 06:55:19.123	28.928	1.864	1.7166e-06	3.6180e-08	262.7641	41.0542	11.7300	-2.56
GRB120820585	2012-08-20 14:02:21.987	107.522	9.159	6.9808e-06	2.9282e-08	293.4335	50.1024	4.8100	-17.408
GRB200713919	2020-07-13 22:02:40.092	5.120	2.172	8.1291e-07	4.9398e-08	351.1422	35.9015	3.2800	-1.792
GRB251026305	2025-10-26 07:18:53.329	6.016	0.572	7.2116e-07	1.9869e-08	238.5149	19.3524	8.0400	-2.432
GRB250207053	2025-02-07 01:16:03.152	19.712	0.724	7.9300e-06	3.3103e-08	135.0036	-74.7314	0.0016	0.512
GRB150817087	2015-08-17 02:05:08.400	35.584	1.145	1.1668e-05	5.6654e-08	5.1887	22.4235	0.0500	-0.768
GRB130821674	2013-08-21 16:10:28.011	87.041	1.145	5.6070e-05	9.1521e-08	36.0994	-33.1131	0.1000	3.584
GRB121229533	2012-12-29 12:47:33.356	23.037	1.810	3.5082e-06	3.7060e-08	36.8995	-34.4115	4.5800	0.003
GRB220510147	2022-05-10 03:31:06.351	1.472	0.916	3.0999e-07	1.5450e-08	226.4267	0.2717	8.7500	-0.64
GRB121123421	2012-11-23 10:06:00.586	102.338	31.849	2.1978e-05	7.8803e-07	33.0520	-27.0217	0.0015	3.84
GRB250208211	2025-02-08 05:03:59.558	52.225	1.145	6.2060e-06	2.7008e-08	300.6603	51.0260	6.7700	1.536
GRB190627481	2019-06-27 11:31:59.942	8.960	3.566	3.9631e-07	3.4196e-08	72.1976	-63.3220	23.6500	-0.512
GRB221223997	2022-12-23 23:56:06.759	0.320	0.115	3.7662e-07	1.9065e-08	69.5671	-66.3369	8.1900	-0.032
GRB220114585	2022-01-14 14:01:47.413	0.704	0.373	3.6504e-07	1.6362e-08	318.2605	49.8850	2.3600	-0.256
GRB130919173	2013-09-19 04:09:40.261	0.960	0.143	3.6832e-07	1.1070e-08	28.7556	-18.1040	5.3200	-0.064
GRB230918412	2023-09-18 09:52:36.505	0.640	3.029	4.3430e-08	2.2193e-08	343.4234	41.8177	17.0700	-0.256
GRB130306991	2013-03-06 23:47:25.569	120.578	5.515	1.2460e-04	7.1963e-07	20.9957	-2.3506	0.0500	-17.664
GRB200216380	2020-02-16 09:07:25.031	8.192	1.639	8.7060e-07	5.3634e-08	35.1816	-30.6036	0.0500	-6.4
GRB230603525	2023-06-03 12:35:29.446	20.480	3.620	3.5151e-06	5.8725e-08	27.6320	-15.5474	3.5900	-0.512
GRB250126208	2025-01-26 04:58:50.992	100.610	1.145	1.7333e-05	4.4764e-08	50.9378	-53.3074	2.2000	2.56
GRB200928552	2020-09-28 13:14:39.150	14.848	1.379	4.4728e-06	3.9459e-08	210.7149	-30.3803	2.8000	-0.256
GRB130509839	2013-05-09 20:08:43.355	31.488	2.673	1.5157e-06	2.0810e-08	238.8248	20.9885	8.7800	-4.864
GRB130503214	2013-05-03 05:08:28.949	0.880	0.910	3.8581e-08	8.8838e-09	334.5391	45.8869	21.4800	-0.864
GRB230628233	2023-06-28 05:35:36.158	0.256	0.202	7.0874e-08	1.6808e-08	242.2196	25.1752	16.8400	-0.256
GRB151129333	2015-11-29 08:00:06.085	52.224	7.455	3.9498e-06	7.5475e-08	203.4203	-42.4433	5.6700	-32.768
GRB201011837	2020-10-11 20:04:36.171	56.576	1.717	1.9859e-06	4.1725e-08	26.1446	-12.1114	9.5900	-0.768
GRB110803783	2011-08-03 18:47:25.428	186.883	2.986	2.9511e-06	5.0470e-08	30.3781	-20.7093	7.4900	-156.675
GRB130420343	2013-04-20 08:14:02.257	38.913	2.111	8.9181e-06	6.0589e-08	232.5082	11.8544	1.1900	-15.872
GRB180801276	2018-08-01 06:37:03.514	0.320	0.551	5.1128e-07	1.2535e-08	359.8437	29.5156	8.8300	-0.064
GRB191028174	2019-10-28 04:10:01.398	4.864	3.482	1.0338e-06	6.8234e-08	39.4850	-37.3337	8.7500	-0.768
GRB220317534	2022-03-17 12:48:30.664	14.336	3.482	6.7312e-07	2.2325e-08	272.3444	46.5672	13.3400	-7.168
GRB250702682	2025-07-02 16:21:33.072	422.919	3.238	2.2277e-05	6.5995e-08	26.7352	-5.1998	0.0006	-251.908
GRB170419983	2017-04-19 23:36:14.876	12.541	4.359	1.4362e-06	3.2697e-08	14.4701	10.4164	5.6600	0.003
GRB150703149	2015-07-03 03:34:06.199	50.176	5.152	5.0155e-06	6.8097e-08	239.7364	22.7218	5.1300	-16.896
GRB140320092	2014-03-20 02:12:46.113	2.304	1.527	1.0165e-07	9.7106e-09	22.5216	-4.1922	0.0500	-1.216
GRB190315512	2019-03-15 12:17:42.138	29.184	0.923	9.3871e-06	4.2772e-08	247.0845	31.0041	2.1100	1.792
GRB240625957	2024-06-25 22:58:35.439	26.625	8.002	1.6022e-06	4.2893e-08	217.2490	-16.3798	10.3000	-1.792
GRB250702548	2025-07-02 13:09:02.034	63.745	1.846	1.6943e-06	5.5183e-08	26.7352	-5.1998	0.0006	-55.553
GRB181203880	2018-12-03 21:06:32.086	41.217	2.573	3.3163e-06	4.3210e-08	287.9372	50.7093	5.7200	-0.256
GRB200201040	2020-02-01 00:57:20.322	12.544	1.379	1.0943e-06	3.1049e-08	25.2114	-9.2754	6.6600	-3.328
GRB190923617	2019-09-23 14:48:02.751	3.584	0.779	1.6599e-06	2.2032e-08	106.8166	-73.3059	4.9200	-0.64
GRB250702581	2025-07-02 13:56:05.766	230.404	14.910	9.2747e-06	6.2289e-08	26.7352	-5.1998	0.0006	-57.345
GRB121004211	2012-10-04 05:03:18.192	1.536	0.572	3.7942e-07	1.0625e-08	240.6372	24.1357	9.4400	-0.512
GRB200529039	2020-05-29 00:56:39.278	84.992	1.145	4.8477e-06	2.9704e-08	358.5484	31.3453	0.0014	-2.56
GRB200724213	2020-07-24 05:06:18.985	228.352	3.482	4.9411e-06	1.2204e-07	231.4756	11.3745	6.1000	3.584
GRB151021791	2015-10-21 18:59:28.923	7.229	0.602	1.2258e-05	3.8029e-08	223.3685	-3.6762	1.2000	0.003
GRB150101641	2015-01-01 15:23:34.468	0.080	0.928	2.3809e-07	1.5091e-08	295.2330	51.6249	0.0400	-0.016
GRB140526571	2014-05-26 13:42:54.719	0.064	0.834	1.5784e-07	1.2786e-08	244.2984	28.4614	6.1800	-0.064
GRB170109137	2017-01-09 03:17:35.378	293.637	2.360	1.4006e-05	6.2748e-08	229.3243	7.5074	2.8500	1.024
GRB110503145	2011-05-03 03:28:26.122	7.936	1.145	1.8652e-06	3.6763e-08	208.0199	-33.6315	4.2900	-0.256
GRB110923835	2011-09-23 20:01:58.134	46.398	11.279	4.0919e-06	7.8498e-08	42.2843	-40.8596	3.6900	0.003
GRB130123843	2013-01-23 20:14:19.595	22.016	1.448	1.4887e-06	3.3363e-08	37.5540	-33.0519	12.3400	-3.328
GRB250309318	2025-03-09 07:38:30.663	6.400	0.389	7.5911e-06	3.0751e-08	329.6354	48.3024	1.2000	0.64
GRB220404741	2022-04-04 17:47:23.327	82.176	2.673	4.1898e-06	3.5238e-08	161.6405	-69.7833	7.5000	-30.208
GRB250226938	2025-02-26 22:30:23.123	25.857	1.056	8.9924e-06	3.4538e-08	23.9681	-6.2810	1.8700	0.576
GRB220825082	2022-08-25 01:57:48.503	14.080	1.086	2.4349e-06	4.1693e-08	215.9979	-18.1177	5.7200	-6.656
GRB170923566	2017-09-23 13:35:34.051	27.648	10.546	7.7694e-07	2.9521e-08	349.9200	38.8296	14.7600	-3.328
GRB230415867	2023-04-15 20:48:48.632	40.449	3.566	4.5480e-06	5.9224e-08	249.0801	33.4491	3.6400	-3.328
GRB230304918	2023-03-04 22:01:39.796	17.152	0.810	1.4955e-06	2.5186e-08	22.3975	-3.0217	5.1900	-1.792
GRB220705282	2022-07-05 06:45:53.343	22.016	2.919	9.4669e-07	3.1785e-08	249.2308	33.6276	11.1900	-0.256
GRB140712706	2014-07-12 16:57:01.352	28.928	3.916	2.5834e-06	1.0277e-07	40.1725	-37.1561	9.2300	-0.768
GRB170402285	2017-04-02 06:50:54.391	7.229	0.602	6.2484e-06	3.2048e-08	46.9885	-46.8048	1.6400	0.003
GRB170915520	2017-09-15 12:28:16.266	0.640	0.870	5.1357e-07	1.5163e-08	12.4205	14.9932	5.7900	-0.064
GRB111103441	2011-11-03 10:35:13.390	11.968	6.426	2.9768e-06	7.8500e-08	44.9568	-43.9583	0.0010	-0.128
GRB171010792	2017-10-10 19:00:50.576	107.266	0.810	6.3279e-04	9.8525e-08	205.4795	-36.9178	0.0233	16.64
GRB140129499	2014-01-29 11:59:01.631	0.128	0.707	2.2354e-07	1.5326e-08	287.8963	51.4438	9.0600	-0.064
GRB140916234	2014-09-16 05:36:49.805	31.233	3.780	6.0945e-06	7.1503e-08	201.4496	-42.5852	5.6200	-14.336
GRB221221915	2022-12-21 21:57:43.788	0.192	0.181	5.4972e-07	2.6680e-08	203.4981	-39.9144	6.6200	-0.064
GRB120402669	2012-04-02 16:04:00.758	20.224	0.810	3.7475e-06	2.6093e-08	345.6994	41.9929	2.6100	-2.08
GRB200619252	2020-06-19 06:03:22.367	15.104	1.864	2.3436e-06	5.2638e-08	347.1681	41.1308	3.3400	-0.256
GRB151001348	2015-10-01 08:20:35.169	377.862	8.083	2.0203e-05	1.3895e-07	5.0176	25.8585	1.6900	-0.64
GRB240821775	2024-08-21 18:36:02.602	1.728	0.516	4.1938e-06	2.5480e-08	73.3744	-65.5982	0.2167	0.0
GRB231004350	2023-10-04 08:23:35.108	6.080	0.516	2.8008e-06	3.8644e-08	205.8615	-35.1291	3.3700	-0.128
GRB190228973	2019-02-28 23:21:16.317	50.944	6.085	3.7981e-06	4.8055e-08	18.6532	5.7622	3.7700	-7.68
GRB161207224	2016-12-07 05:22:47.698	8.192	3.258	2.9390e-07	3.0406e-08	29.3414	-15.0795	18.0100	-2.56
GRB130510877	2013-05-10 21:03:22.382	29.440	4.261	3.2106e-06	7.1797e-08	223.0106	-1.9804	4.9800	-4.096
GRB120119170	2012-01-19 04:04:25.064	55.297	6.229	3.8673e-05	1.3587e-07	229.7275	10.4427	0.0013	3.072
GRB190707308	2019-07-07 07:23:01.216	34.304	9.148	2.8303e-06	3.5254e-08	289.0512	52.4298	4.8800	-5.632
GRB171011162	2017-10-11 03:52:44.786	101.888	4.375	5.4559e-06	6.2916e-08	246.8959	32.8632	5.5000	-39.168
GRB140619475	2014-06-19 11:24:40.520	2.816	0.810	1.5459e-06	6.9537e-08	236.5351	21.0810	0.1000	-0.256
GRB141011282	2014-10-11 06:46:20.361	0.080	0.036	9.3785e-07	1.0545e-08	12.1617	17.0368	0.7000	-0.016
GRB151011136	2015-10-11 03:15:27.254	25.344	2.996	7.5527e-06	9.2546e-08	12.4244	16.7164	2.7300	0.768
GRB180225417	2018-02-25 10:00:54.175	0.896	1.134	2.9542e-07	1.1796e-08	283.8474	51.6123	7.4700	-0.448
GRB130626452	2013-06-26 10:51:03.814	1.728	0.771	2.3408e-07	8.3938e-09	19.9904	4.1763	0.0500	-0.064
GRB150216415	2015-02-16 09:57:57.462	33.792	2.919	2.2936e-06	3.8839e-08	229.8073	11.1397	10.0800	-0.768
GRB181225489	2018-12-25 11:44:10.534	41.473	2.862	2.8051e-06	2.9599e-08	65.2604	-60.6974	0.1300	-0.992
GRB130720582	2013-07-20 13:57:40.489	199.172	5.221	9.9969e-05	1.5331e-07	54.6040	-52.6756	1.0000	-13.568
GRB191119261	2019-11-19 06:16:07.175	8.448	3.566	2.7818e-07	2.8175e-08	36.5666	-27.7611	29.8500	-5.888
GRB160621497	2016-06-21 11:55:55.842	251.136	6.734	4.6507e-06	4.8434e-08	35.5649	-26.2091	9.1000	1.024
GRB180128252	2018-01-28 06:03:22.687	38.913	0.362	4.5224e-06	3.0432e-08	206.4233	-32.1357	2.6000	0.512
GRB120907017	2012-09-07 00:24:24.511	5.760	1.778	8.0914e-07	4.0838e-08	208.4679	-29.1832	0.0000	-1.92
GRB160225720	2016-02-25 17:16:40.202	70.144	1.493	1.4483e-04	2.0020e-06	211.1485	-23.9393	1.2500	-32.256
GRB251115139	2025-11-15 03:20:02.667	12.800	1.619	3.6201e-06	4.2240e-08	48.6980	-45.9429	0.3600	-0.512
GRB251214377	2025-12-14 09:02:18.028	15.360	4.104	8.1261e-07	2.6765e-08	48.7406	-45.9611	0.0005	-0.512
GRB230112829	2023-01-12 19:53:47.440	2.432	0.960	1.4182e-07	1.5422e-08	212.5267	-21.1992	14.3000	-1.28
GRB230930917	2023-09-30 22:00:25.136	12.800	1.493	7.3344e-07	2.2458e-08	222.3068	-1.7741	6.7700	-0.512
GRB190512611	2019-05-12 14:39:59.722	28.160	1.810	2.0890e-06	4.8726e-08	210.4421	-21.5862	0.0500	-0.512
GRB160710233	2016-07-10 05:35:34.804	57.856	5.526	1.5797e-06	3.0541e-08	184.5363	-57.4796	10.3200	-58.112
GRB120817057	2012-08-17 01:22:09.775	36.864	4.672	1.0398e-06	2.9563e-08	13.8087	15.6616	7.1400	-6.4
GRB230814788	2023-08-14 18:54:56.037	69.377	0.572	1.4680e-05	3.1297e-08	29.0365	-12.3524	1.2100	0.512
GRB161230511	2016-12-30 12:16:08.269	48.896	4.382	2.6151e-06	5.2662e-08	44.9469	-40.6018	3.9900	-0.256
GRB190829830	2019-08-29 19:55:53.126	59.393	0.572	1.5434e-05	3.5385e-08	187.6810	-54.9949	0.0006	0.512
GRB250926015	2025-09-26 00:21:23.966	2.432	0.202	3.6994e-06	2.3430e-08	210.1642	-20.8605	1.8200	0.064
GRB180929453	2018-09-29 10:52:33.919	2.944	0.345	5.6485e-07	2.7300e-08	4.7088	28.1881	8.4000	-0.256
GRB251005602	2025-10-05 14:27:19.128	57.601	9.273	3.1709e-06	5.2073e-08	31.9894	-18.0300	6.5000	-2.304
GRB230402314	2023-04-02 07:32:35.956	62.465	1.810	2.2339e-05	4.1465e-08	217.9970	-9.7567	0.4000	0.576
GRB170208940	2017-02-08 22:33:36.532	22.016	1.639	1.0339e-05	2.5440e-08	232.7765	16.8533	0.0010	-7.936
GRB140104731	2014-01-04 17:32:03.150	187.137	2.996	2.3284e-05	5.8431e-08	341.4703	46.0604	0.2200	11.008
GRB120429003	2012-04-29 00:04:07.264	1.664	0.968	2.7937e-07	2.3649e-08	263.1949	45.6538	15.4000	-0.192
GRB140106345	2014-01-06 08:16:43.357	33.024	7.241	2.4567e-06	8.3633e-08	92.5444	-69.1012	15.8100	-0.512
GRB210328865	2021-03-28 20:45:16.970	54.785	3.727	1.1056e-05	8.0972e-08	327.2030	51.4600	2.0900	-0.512
GRB190226515	2019-02-26 12:21:45.676	0.192	0.132	3.0964e-07	2.0553e-08	347.9480	42.9576	5.1100	-0.032
GRB220724457	2022-07-24 10:58:03.670	67.328	4.167	3.9043e-06	3.6234e-08	42.8095	-36.5212	6.0400	-7.424
GRB200525611	2020-05-25 14:40:28.486	93.440	10.424	8.8589e-06	1.7260e-07	145.8814	-69.9982	5.6900	-9.728
GRB140206275	2014-02-06 06:36:12.843	146.690	4.419	1.2308e-04	2.7822e-07	40.4217	-32.6278	0.2300	7.488
GRB120129312	2012-01-29 07:29:14.054	1.280	0.689	8.9315e-08	1.2526e-08	160.2407	-67.3342	15.0400	-0.64
GRB220909286	2022-09-09 06:52:13.823	14.592	1.639	1.5274e-06	2.8054e-08	338.3790	47.8314	0.0500	-6.912
GRB180511364	2018-05-11 08:43:35.786	0.128	1.207	1.5261e-07	2.1448e-08	9.1151	24.0580	15.0700	-0.032
GRB150127398	2015-01-27 09:32:44.137	52.736	3.620	1.1347e-05	5.7257e-08	26.7495	-6.3336	2.7800	0.256
GRB160104918	2016-01-04 22:01:26.729	44.288	1.493	2.7282e-06	5.5638e-08	24.4049	-1.6510	6.0000	-5.12
GRB210801649	2021-08-01 15:34:44.860	5.376	1.639	1.5775e-06	4.2285e-08	53.6964	-49.6423	9.1600	-1.28
GRB130213905	2013-02-13 21:43:55.959	15.360	6.557	9.8741e-07	4.9718e-08	218.4664	-7.0176	10.6200	-5.632
GRB190822705	2019-08-22 16:55:29.116	0.768	0.389	2.1310e-07	1.5647e-08	234.8361	21.6300	12.4900	-0.128
GRB220222098	2022-02-22 02:21:17.836	9.152	0.923	5.0682e-06	2.8516e-08	160.7251	-66.6481	2.3000	-0.384
GRB260114486	2026-01-14 11:40:26.310	0.320	0.143	4.6507e-06	2.1646e-08	207.0592	-28.7416	0.0010	-0.064
GRB190429743	2019-04-29 17:49:50.579	22.272	4.291	1.1269e-06	4.5539e-08	315.1617	54.1874	8.0000	-1.024
GRB190407788	2019-04-07 18:54:41.578	2.432	0.779	3.1166e-06	3.4237e-08	319.5891	53.6387	2.6600	0.0
GRB161013948	2016-10-13 22:44:40.102	34.816	2.769	1.1549e-06	2.7870e-08	222.8693	2.1026	5.0200	-1.024
GRB200402824	2020-04-02 19:46:23.077	33.792	6.517	2.6790e-06	5.3997e-08	350.4478	42.0525	8.9500	-17.152
GRB130802730	2013-08-02 17:31:52.803	0.064	0.258	3.2575e-07	1.5953e-08	209.4603	-23.5264	12.8800	-0.064
GRB110717180	2011-07-17 04:19:50.660	0.112	0.072	2.5120e-07	1.1782e-08	37.6482	-26.3192	7.4500	-0.016
GRB141205763	2014-12-05 18:18:27.659	5.437	0.407	6.4061e-06	7.7621e-08	33.0971	-17.6830	1.7300	0.003
GRB240916058	2024-09-16 01:22:55.772	32.001	0.810	1.2788e-05	3.1260e-08	359.2756	35.6440	0.0009	0.768
GRB191130507	2019-11-30 12:09:34.900	61.953	1.145	4.2318e-06	2.6531e-08	68.5872	-59.9302	2.1900	1.504
GRB230511548	2023-05-11 13:08:30.719	63.489	0.572	1.4127e-04	3.7976e-08	347.1866	44.6180	1.1800	6.144
GRB160804968	2016-08-04 23:13:33.821	0.192	0.643	2.8080e-07	1.8747e-08	215.4672	-11.9976	6.1300	-0.16
GRB251125041	2025-11-25 00:59:38.783	1.856	0.607	4.3386e-07	1.4626e-08	257.7102	44.1187	7.5900	-0.448
GRB111113410	2011-11-13 09:50:11.759	15.360	1.639	3.1028e-06	6.9452e-08	98.9273	-68.7847	3.9600	-1.024
GRB200416295	2020-04-16 07:05:17.385	9.344	0.320	1.6631e-06	1.4086e-08	55.0856	-49.7149	0.0010	-1.792
GRB210507778	2021-05-07 18:40:38.042	2.816	1.557	7.7674e-07	2.0854e-08	27.6033	-6.0633	4.8500	-0.256
GRB110618760	2011-06-18 18:14:16.307	89.601	4.291	9.7807e-06	5.4356e-08	244.1581	33.7606	2.1000	-0.512
GRB120223933	2012-02-23 22:23:48.943	14.336	2.360	3.8791e-06	8.7982e-08	343.6091	46.7866	2.7400	-0.512
GRB190319375	2019-03-19 09:00:37.980	21.760	1.557	9.8107e-06	2.9324e-08	26.2540	-3.4881	1.1700	0.32
GRB170705244	2017-07-05 05:50:45.357	5.888	1.379	8.4654e-07	2.2574e-08	0.9336	34.5955	8.5800	-2.304
GRB120604220	2012-06-04 05:16:31.312	10.496	5.615	1.2347e-06	5.1016e-08	259.6400	45.5014	9.3400	-2.816
GRB170611937	2017-06-11 22:29:35.424	27.904	1.999	2.2116e-06	2.7714e-08	271.7478	50.7728	5.6100	-3.84
GRB200703341	2020-07-03 08:11:39.611	0.704	0.580	6.3167e-07	2.2748e-08	6.9648	28.1687	8.9200	-0.064
GRB200211310	2020-02-11 07:26:28.826	78.594	0.362	3.9243e-05	4.1994e-08	65.1231	-57.0249	1.0000	2.048
GRB230806168	2023-08-06 04:02:32.374	0.576	0.604	1.3130e-07	5.3131e-09	199.9675	-38.4985	18.1000	-0.32
GRB210821320	2021-08-21 07:40:28.595	7.168	1.056	4.3950e-06	2.8385e-08	189.3596	-49.9077	2.0100	0.256
GRB120411925	2012-04-11 22:12:25.650	38.912	1.493	1.4643e-06	2.7543e-08	177.8204	-58.8994	8.4500	0.0
GRB211201863	2021-12-01 20:42:52.881	54.785	3.780	5.3995e-06	3.8228e-08	58.8373	-52.5610	2.1600	-10.496
GRB251222712	2025-12-22 17:05:51.266	86.978	3.692	1.2055e-05	1.5510e-07	207.5546	-26.0823	0.0001	-10.112
GRB230301687	2023-03-01 16:28:43.235	0.768	0.516	1.8447e-07	8.9256e-09	201.6201	-35.3188	9.5500	-0.64
GRB130908677	2013-09-08 16:14:23.342	66.048	30.551	2.9241e-06	1.5084e-07	343.2995	47.2580	8.8400	-1.792
GRB120118709	2012-01-18 17:00:22.944	37.825	12.586	2.6631e-06	4.6680e-08	229.9067	15.8944	0.0500	-3.328
GRB130924255	2013-09-24 06:06:49.080	37.120	7.534	3.7282e-06	6.1855e-08	162.9036	-64.9492	6.0400	-21.76
GRB160310016	2016-03-10 00:22:58.468	25.857	2.828	5.2488e-06	4.1381e-08	217.4359	-6.8498	0.1000	-0.256
GRB191225735	2019-12-25 17:37:51.867	82.690	2.919	8.3971e-06	3.9146e-08	242.9374	32.9938	2.8400	-1.792
GRB150613995	2015-06-13 23:52:36.481	46.593	1.639	6.3756e-06	4.7374e-08	353.4342	41.3992	6.5300	-2.816
GRB170409112	2017-04-09 02:42:00.490	64.001	0.724	2.9474e-04	7.5099e-08	68.1943	-58.7336	0.2250	29.44
GRB111017657	2011-10-17 15:45:23.719	11.072	0.410	2.0710e-05	5.6441e-08	109.4081	-69.3803	1.0000	0.256
GRB211024065	2021-10-24 01:34:11.399	0.064	0.036	9.2381e-08	1.7840e-08	161.2871	-65.2146	0.1000	-0.016
GRB140404900	2014-04-04 21:36:17.620	22.784	1.864	4.5474e-06	3.8557e-08	218.6512	-4.0919	2.5900	-1.024
GRB250628802	2025-06-28 19:15:16.340	15.360	2.757	1.0450e-06	2.4757e-08	266.4338	49.3007	3.7400	-1.28
GRB181206970	2018-12-06 23:16:28.960	89.088	2.919	3.6037e-06	6.1805e-08	5.3746	30.7387	6.7300	-4.608
GRB230618227	2023-06-18 05:26:11.930	48.641	0.572	2.3685e-05	4.7730e-08	14.6075	18.9956	1.0000	1.536
GRB140825980	2014-08-25 23:30:52.876	16.384	2.769	9.9490e-07	4.0874e-08	18.0773	12.9142	16.3200	-13.056
GRB210101861	2021-01-01 20:39:23.613	19.456	1.864	3.9104e-06	5.8125e-08	115.6126	-69.6361	5.1800	-0.512
GRB110528624	2011-05-28 14:58:44.300	69.633	5.526	4.5954e-06	5.7306e-08	185.0549	-53.5566	2.4800	-1.024
GRB180914522	2018-09-14 12:31:47.248	122.370	0.572	8.1869e-05	4.6027e-08	192.2667	-46.6997	0.0500	9.984
GRB160726065	2016-07-26 01:34:07.718	0.768	0.345	1.0120e-06	1.6419e-08	217.0349	-6.6045	0.0500	-0.064
GRB150705588	2015-07-05 14:07:11.608	0.704	0.730	2.0708e-07	2.3248e-08	201.2370	-35.1824	12.6000	-0.256
GRB200506208	2020-05-06 04:59:44.716	11.776	3.093	4.1665e-07	2.3139e-08	209.5397	-21.4022	15.1000	-5.376
GRB210605622	2021-06-05 14:55:58.076	110.338	1.086	8.1690e-06	3.4241e-08	131.0013	-69.1197	0.0010	1.024
GRB200402688	2020-04-02 16:30:29.655	23.808	1.999	2.2306e-06	2.9546e-08	297.9867	56.1653	6.5000	-2.304
GRB230305570	2023-03-05 13:40:29.283	11.008	0.923	3.3433e-06	1.9501e-08	179.6314	-56.8518	2.1800	-2.048
GRB250626926	2025-06-26 22:13:53.961	2.112	0.898	1.2475e-07	1.0950e-08	173.3716	-60.2202	19.9400	-0.064
GRB240624251	2024-06-24 06:01:11.371	2.048	0.572	5.4832e-07	3.1698e-08	218.5730	-3.3463	0.0500	-1.28
GRB190212482	2019-02-12 11:33:31.888	17.920	0.923	1.3827e-06	5.6910e-08	165.4542	-63.3911	13.9800	-0.256
GRB251023248	2025-10-23 05:57:43.662	33.537	2.200	2.6826e-06	6.0808e-08	179.1020	-57.1003	3.1200	0.512
GRB170516808	2017-05-16 19:24:06.004	11.008	6.802	3.5736e-07	3.6000e-08	121.2484	-69.2739	14.4900	-5.12
GRB240624805	2024-06-24 19:19:45.263	92.162	0.923	3.7705e-06	2.9910e-08	2.5605	34.6157	4.3900	-0.256
GRB210722871	2021-07-22 20:54:40.875	61.953	11.337	4.3665e-06	6.3820e-08	158.4329	-65.2334	0.0010	-0.512
GRB131214705	2013-12-14 16:55:55.596	80.065	0.871	7.2171e-05	2.1205e-07	287.1711	55.4362	1.0000	2.048
GRB140327065	2014-03-27 01:33:05.848	11.520	7.286	8.7854e-07	4.2226e-08	27.5718	-3.0309	5.3100	-4.864
GRB151026169	2015-10-26 04:03:06.559	53.248	2.172	1.7974e-06	3.7242e-08	353.8289	42.4209	5.4200	-2.304
GRB240215648	2024-02-15 15:33:00.409	56.576	8.975	2.6250e-06	5.0681e-08	233.3050	22.5193	0.3000	-1.28
GRB110921444	2011-09-21 10:38:48.202	149.507	10.691	5.8971e-06	1.1950e-07	104.8924	-67.7484	7.3100	-68.609
GRB190714573	2019-07-14 13:44:39.039	66.049	0.810	1.1986e-05	3.5994e-08	203.2936	-30.8948	1.9500	0.256
GRB190930400	2019-09-30 09:36:06.502	185.860	1.086	1.5058e-05	4.4532e-08	2.6679	34.9968	2.5000	-3.84
GRB250623674	2025-06-23 16:11:12.080	13.568	3.208	9.1754e-07	3.9643e-08	358.8153	38.6951	10.1600	-5.632
GRB210627748	2021-06-27 17:57:20.742	13.824	0.572	8.7033e-06	1.4475e-08	0.0730	37.6313	2.1300	0.256
GRB240504217	2024-05-04 05:12:52.638	18.944	0.572	1.9125e-05	3.0179e-08	200.1294	-35.4321	3.3400	0.832
GRB250402964	2025-04-02 23:08:09.091	44.288	1.864	3.6439e-06	2.4630e-08	336.9825	51.4245	0.0001	-2.304
GRB210309999	2021-03-09 23:57:55.129	0.512	0.231	2.7439e-07	2.6501e-08	239.9084	31.8539	11.3600	-0.384
GRB181126729	2018-11-26 17:29:48.081	9.216	3.665	5.5055e-07	1.3211e-08	191.8589	-45.5486	11.4500	-4.608
GRB201011629	2020-10-11 15:06:24.659	126.210	1.493	7.4899e-06	4.4831e-08	27.0174	-1.0018	2.3800	-1.792
GRB221027173	2022-10-27 04:09:34.353	7.168	0.724	7.9666e-06	2.6643e-08	289.2610	56.3670	0.4000	0.256
GRB131127480	2013-11-27 11:31:00.589	59.648	8.964	4.2417e-06	5.3602e-08	187.9038	-49.1654	4.0700	0.768
GRB111008992	2011-10-08 23:49:01.292	42.496	4.128	3.0342e-06	2.6634e-08	346.5227	47.5368	4.3400	-4.096
GRB170926528	2017-09-26 12:39:41.225	15.360	0.362	3.0375e-06	1.7655e-08	241.9750	34.5681	8.1800	-0.256
GRB231122531	2023-11-22 12:44:22.684	58.113	1.619	6.6306e-06	4.7770e-08	220.4160	2.4229	3.8200	1.536
GRB130504314	2013-05-04 07:32:03.386	0.384	0.181	4.8136e-06	3.3903e-08	70.5144	-58.0771	1.5000	0.0
GRB150303516	2015-03-03 12:22:51.372	4.864	0.810	6.2496e-07	1.7043e-08	223.3991	8.0134	5.1200	-0.256
GRB170813051	2017-08-13 01:13:08.803	111.872	4.871	3.6264e-06	3.5609e-08	317.8072	56.4309	0.0008	-0.512
GRB150922234	2015-09-22 05:37:29.076	0.144	0.036	9.5696e-07	1.6923e-08	33.2594	-12.7408	0.1800	-0.016
GRB201231550	2020-12-31 13:12:41.630	21.184	0.860	7.0485e-06	5.1679e-08	5.5093	32.9918	1.9000	-0.128
GRB180906988	2018-09-06 23:42:34.164	3.328	0.362	5.5168e-07	1.2171e-08	45.4173	-33.9829	9.6300	-0.256
GRB221209877	2022-12-09 21:03:27.788	15.616	3.566	1.4853e-06	2.5461e-08	238.4867	31.3165	10.6200	-2.56
GRB250522918	2025-05-22 22:01:59.780	0.256	1.159	3.9891e-07	7.1155e-09	174.3119	-58.1987	16.9000	-0.064
GRB180227211	2018-02-27 05:04:16.561	0.288	1.438	1.3592e-07	2.2258e-08	215.8576	-6.2507	6.8800	-0.224
GRB240331997	2024-03-31 23:55:19.677	26.817	3.331	5.3137e-06	4.0187e-08	163.0208	-62.7844	9.0333	-0.128
GRB131030791	2013-10-30 18:59:45.772	27.392	5.431	3.5072e-06	3.2787e-08	290.8870	56.9159	4.2800	-2.56
GRB230723488	2023-07-23 11:42:33.035	6.144	1.810	2.5496e-06	4.0365e-08	11.6934	25.6922	0.0500	-0.256
GRB260217388	2026-02-17 09:18:12.011	11.520	2.429	1.7784e-06	6.7937e-08	26.1966	1.5048	11.5930	-0.768
GRB170520202	2017-05-20 04:51:12.700	6.144	5.081	4.0795e-07	1.2631e-08	7.9747	30.4936	16.5100	-4.096
GRB230215612	2023-02-15 14:41:18.650	55.808	4.924	1.1209e-06	2.7521e-08	78.6406	-60.9725	10.0600	-5.632
GRB150213001	2015-02-13 00:01:48.704	4.096	0.091	2.8758e-05	1.8170e-08	213.8249	-8.9382	1.0000	0.48
GRB181125092	2018-11-25 02:12:00.487	9.216	4.871	5.7191e-07	2.6811e-08	330.4528	54.2228	12.7700	-5.632
GRB230112342	2023-01-12 08:12:32.498	0.160	0.145	1.7881e-07	6.6857e-09	204.4179	-26.9548	13.2800	-0.016
GRB221022815	2022-10-22 19:33:33.552	6.912	4.419	5.1039e-07	5.4851e-08	224.7369	11.3009	0.0800	-2.816
GRB250103415	2025-01-03 09:57:46.559	117.955	3.840	3.6396e-06	7.4646e-08	146.3138	-66.2784	0.0770	-6.272
GRB130628531	2013-06-28 12:44:02.121	21.504	1.619	8.8681e-06	6.0388e-08	105.9241	-67.0700	1.7100	-0.256
GRB250902782	2025-09-02 18:45:34.099	17.664	0.572	9.5286e-06	2.6674e-08	207.8677	-20.5451	1.3600	0.512
GRB240318119	2024-03-18 02:51:01.819	8.384	1.379	2.0785e-06	3.3758e-08	24.9524	4.6362	4.7700	-0.384
GRB240625314	2024-06-25 07:32:40.631	0.152	0.058	8.1133e-07	1.1410e-08	224.7752	11.7334	9.4300	-0.008
GRB190319353	2019-03-19 08:28:17.514	13.886	0.831	7.6259e-06	3.8190e-08	302.4431	58.0608	3.2600	0.003
GRB211002338	2021-10-02 08:06:34.268	13.568	3.874	2.4343e-06	3.4415e-08	201.4138	-31.0960	3.3600	-1.28
GRB190613449	2019-06-13 10:47:00.049	4.864	0.923	4.5143e-06	3.7974e-08	39.2563	-22.1744	0.0050	-1.792
GRB200916812	2020-09-16 19:28:39.957	108.800	0.572	3.1367e-06	2.3754e-08	178.5181	-54.6791	7.9500	-108.8
GRB200811632	2020-08-11 15:10:42.684	40.193	0.724	1.4110e-05	6.3207e-08	225.3709	13.0633	1.7300	3.328
GRB240814164	2024-08-14 03:56:12.406	14.589	1.305	3.7554e-06	3.7805e-08	185.6779	-49.3255	2.1400	0.003
GRB200506020	2020-05-06 00:28:41.053	116.994	2.636	5.2346e-06	7.5495e-08	23.8294	7.8239	3.8600	-4.096
GRB131011741	2013-10-11 17:47:34.987	77.057	2.996	8.8767e-06	6.4368e-08	165.9453	-60.5363	0.0010	-4.624
GRB131229277	2013-12-29 06:39:24.483	12.992	0.231	2.6418e-05	6.6699e-08	208.7517	-17.6777	0.0014	2.144
GRB141112828	2014-11-12 19:52:03.846	63.745	2.919	2.1037e-06	3.6931e-08	204.9701	-23.6206	7.4200	-6.656
GRB121023322	2012-10-23 07:44:16.946	0.512	0.181	7.7268e-07	3.8266e-08	43.9363	-29.4636	4.7600	-0.128
GRB180623849	2018-06-23 20:22:30.250	15.872	0.810	2.0269e-05	3.3972e-08	315.3033	57.9820	1.0000	1.856
GRB170423719	2017-04-23 17:15:08.351	46.593	1.145	2.4096e-05	6.6790e-08	67.9351	-54.4594	1.1700	3.072
GRB200327873	2020-03-27 20:56:48.165	0.640	0.590	1.2625e-06	1.9140e-08	3.1407	37.4716	3.6000	-0.064
GRB201116035	2020-11-16 00:49:47.692	6.784	0.202	1.9741e-05	5.9166e-08	242.9466	37.7146	1.0000	1.28
GRB220729429	2022-07-29 10:17:31.511	0.960	0.916	1.7880e-07	9.4427e-09	45.7482	-31.8256	11.3400	-0.512
GRB140526449	2014-05-26 10:47:04.839	79.104	1.379	6.7860e-06	4.0732e-08	230.6577	22.8792	3.7100	0.512
GRB130518551	2013-05-18 13:13:08.614	4.096	2.573	3.7280e-06	4.9140e-08	32.3487	-7.9918	2.7000	0.0
GRB170616047	2017-06-16 01:07:42.906	9.216	1.619	8.4181e-07	2.9853e-08	230.9798	23.8466	6.9600	-1.536
GRB200604833	2020-06-04 20:00:05.010	11.008	1.999	8.9136e-07	5.7625e-08	278.2293	56.4093	10.1300	-8.704
GRB150507026	2015-05-07 00:37:29.216	63.489	7.209	1.5185e-05	9.9039e-08	138.4208	-65.9146	1.3500	24.832
GRB240328515	2024-03-28 12:21:22.517	0.448	0.668	1.5361e-08	1.3151e-08	359.7160	41.2323	15.9400	-0.384
GRB210303425	2021-03-03 10:11:38.358	13.056	1.639	2.5454e-06	8.0691e-08	180.8378	-51.8008	5.2400	-1.792
GRB211210937	2021-12-10 22:29:51.290	11.776	3.665	1.2716e-06	2.3159e-08	41.4161	-24.4753	7.1900	-2.56
GRB260312407	2026-03-12 09:46:46.055	15.360	0.724	6.0869e-06	2.1137e-08	153.4698	-63.6156	1.8900	1.024
GRB120204054	2012-02-04 01:17:07.832	49.089	0.429	9.6000e-05	8.7126e-08	34.1794	-10.2748	1.0000	10.176
GRB200509958	2020-05-09 22:59:04.499	13.312	4.720	1.2529e-06	6.0730e-08	43.0093	-26.6363	9.3300	-8.704
GRB140723067	2014-07-23 01:36:30.728	56.320	4.222	1.4857e-05	9.7186e-08	334.7318	54.6927	0.3500	0.0
GRB170302719	2017-03-02 17:15:43.520	87.808	5.526	4.7917e-06	3.2599e-08	313.7557	58.6993	9.8500	-66.816
GRB181212693	2018-12-12 16:37:46.048	57.601	1.305	2.0270e-05	4.0596e-08	36.7640	-15.4992	2.2800	0.832
GRB201105215	2020-11-05 05:09:32.233	4.608	2.996	1.1475e-06	2.3146e-08	2.2009	39.2053	7.8600	-2.048
GRB211018936	2021-10-18 22:28:13.944	123.906	0.362	1.5335e-04	2.6117e-08	139.5955	-65.5853	0.1900	4.384
GRB121031949	2012-10-31 22:47:15.267	242.436	4.404	1.4540e-05	1.3755e-07	264.6889	52.6736	0.0500	-27.392
GRB170228794	2017-02-28 19:03:00.710	60.673	2.111	2.0497e-05	3.7152e-08	6.0663	35.5017	0.3000	1.568
GRB110613631	2011-06-13 15:08:46.300	40.193	3.874	3.2560e-06	3.7333e-08	61.1146	-48.2708	2.7900	-0.256
GRB180917477	2018-09-17 11:26:41.804	4.864	1.810	6.3877e-07	1.8012e-08	252.2479	46.2660	14.4800	-3.072
GRB230404958	2023-04-04 23:00:07.327	65.793	1.810	5.4344e-06	3.1414e-08	235.2123	30.4119	3.4500	0.768
GRB150506972	2015-05-06 23:19:15.198	0.384	0.181	3.1253e-07	1.0278e-08	159.1679	-61.5397	15.9500	-0.192
GRB260112865	2026-01-12 20:45:51.636	17.920	2.611	1.2950e-06	2.0440e-08	5.4568	36.2929	7.8400	-0.256
GRB121008424	2012-10-08 10:10:50.658	3.456	0.345	3.9179e-07	1.0909e-08	65.6173	-51.1887	9.0000	-0.32
GRB210719164	2021-07-19 03:55:47.030	40.704	1.950	1.7769e-06	2.9724e-08	320.9983	58.2038	7.1200	-2.816
GRB220508939	2022-05-08 22:32:49.516	57.601	10.509	2.5739e-06	5.7860e-08	69.2433	-53.7854	3.0200	0.768
GRB150127589	2015-01-27 14:08:26.677	60.929	0.810	5.7789e-05	7.8301e-08	236.6756	32.7435	1.0000	2.56
GRB110605780	2011-06-05 18:42:49.045	1.536	1.056	4.3852e-07	2.1171e-08	8.3413	33.7333	10.1300	-0.256
GRB221115018	2022-11-15 00:25:28.800	147.459	1.280	1.2801e-05	6.4239e-08	171.9142	-56.1936	2.1200	-0.512
GRB221202904	2022-12-02 21:41:52.069	26.113	1.379	1.5890e-05	8.2966e-08	71.8093	-55.1322	1.2000	2.56
GRB131004904	2013-10-04 21:41:03.682	1.152	0.590	5.0994e-07	1.9109e-08	36.3734	-13.1407	0.0010	-0.192
GRB250305645	2025-03-05 15:28:57.919	1.856	0.231	1.7415e-06	1.0162e-08	352.4735	47.6959	5.0000	-0.448
GRB260125317	2026-01-25 07:36:58.079	11.776	2.064	2.3016e-06	4.8244e-08	241.0686	37.8960	8.9400	-3.328
GRB180720598	2018-07-20 14:21:39.654	48.897	0.362	2.9853e-04	9.0258e-08	94.8399	-63.0664	0.0014	4.352
GRB150911315	2015-09-11 07:32:54.363	41.728	6.542	2.8023e-06	4.5631e-08	85.1484	-60.5060	7.3200	-18.432
GRB241209458	2024-12-09 10:59:44.093	44.545	1.145	1.0964e-05	7.1346e-08	297.4620	59.8649	0.0833	1.536
GRB251011925	2025-10-11 22:11:20.841	8.960	1.557	2.5730e-06	2.0586e-08	256.3509	49.5094	4.5800	-0.768
GRB110730660	2011-07-30 15:50:43.762	33.856	1.811	7.9689e-06	9.2023e-08	60.1957	-46.5279	3.8000	-8.704
GRB160226913	2016-02-26 21:54:21.280	105.472	2.560	4.9740e-06	4.6887e-08	210.6633	-10.7033	6.0700	-2.048
GRB200903902	2020-09-03 21:38:58.576	7.168	4.891	5.3829e-07	6.0018e-08	115.4107	-65.5500	14.5500	-1.792
GRB120604343	2012-06-04 08:13:40.158	12.032	3.278	1.5097e-06	7.2318e-08	220.3653	8.2309	11.9100	-2.56
GRB181125371	2018-11-25 08:54:41.732	3.840	2.290	3.4955e-07	2.4831e-08	23.8744	11.5961	0.0500	-1.792
GRB130527627	2013-05-27 15:02:14.542	27.776	1.438	1.0903e-05	5.7627e-08	271.2211	56.0897	3.0800	-0.896
GRB130803419	2013-08-03 10:02:53.753	7.616	1.145	2.8228e-06	3.5823e-08	348.9802	50.3176	0.0013	-3.328
GRB131117766	2013-11-17 18:23:30.457	93.954	4.419	1.4376e-05	7.8045e-08	339.7572	54.4577	2.1300	-1.792
GRB220619207	2022-06-19 04:58:24.880	43.773	2.996	1.8731e-05	1.6414e-07	177.0076	-52.2186	1.2100	0.004
GRB130905377	2013-09-05 09:02:11.457	21.248	1.305	4.4426e-06	8.1592e-08	27.6806	5.1363	2.1800	-0.256
GRB211212394	2021-12-12 09:28:03.511	42.496	3.665	2.9902e-06	8.1623e-08	237.2249	34.8970	4.8500	-3.584
GRB211112607	2021-11-12 14:34:22.373	111.618	13.036	2.8394e-06	6.3364e-08	233.4379	29.7596	3.0200	-40.193
GRB120618919	2012-06-18 22:03:34.313	47.616	12.299	3.6287e-06	5.6892e-08	340.5266	54.5996	4.8000	-20.48
GRB180130049	2018-01-30 01:10:47.693	120.578	10.996	1.3925e-05	9.7467e-08	26.5182	7.4526	3.6600	-0.768
GRB201001416	2020-10-01 09:59:00.486	29.184	17.694	1.1822e-06	4.5318e-08	218.2119	5.4054	0.0010	-7.424
GRB141003788	2014-10-03 18:55:23.199	7.424	3.093	1.3441e-06	4.6978e-08	232.6548	29.3221	7.0200	-1.792
GRB241114960	2024-11-14 23:01:54.986	4.352	1.950	4.2503e-07	2.4936e-08	100.7516	-63.3699	11.6200	-1.28
GRB130815660	2013-08-15 15:50:52.217	37.889	1.056	1.1752e-05	4.7943e-08	219.2245	7.4604	1.0000	1.28
GRB231017337	2023-10-17 08:05:03.295	4.800	0.373	1.0395e-06	1.6669e-08	156.0062	15.4233	5.6600	-1.28
GRB171126216	2017-11-26 05:10:30.513	165.888	5.910	4.6705e-06	1.0385e-07	75.7102	-55.7306	3.8700	-1.792
GRB170830135	2017-08-30 03:14:01.949	117.250	2.318	8.2779e-06	4.9266e-08	23.8575	12.9151	0.0900	0.256
GRB241024647	2024-10-24 15:31:12.355	3.520	2.925	2.3804e-07	2.5527e-08	253.2739	48.9447	14.8100	-1.472
GRB201016019	2020-10-16 00:27:49.593	2.944	0.091	9.2778e-05	2.7843e-08	268.4096	55.8544	1.0000	6.304
GRB251125850	2025-11-25 20:23:45.880	15.040	1.950	3.6203e-06	4.7417e-08	89.7713	46.4377	3.0800	-8.592
GRB201021111	2020-10-21 02:39:55.415	20.480	2.290	5.7891e-06	6.8570e-08	268.5943	55.9148	2.5300	1.28
GRB200922718	2020-09-22 17:13:53.618	0.320	0.091	4.4763e-07	1.2801e-08	281.4684	59.0930	9.4500	-0.064
GRB121005030	2012-10-05 00:42:51.889	96.768	3.556	3.7314e-06	6.3501e-08	307.6537	60.6970	9.4800	-31.232
GRB221004622	2022-10-04 14:56:11.903	1.536	0.815	1.5883e-07	1.1898e-08	114.4273	-4.0991	9.9700	-0.96
GRB111024896	2011-10-24 21:30:02.244	0.960	1.032	3.7975e-07	1.5490e-08	209.1511	-11.1423	13.1500	-0.064
GRB160503567	2016-05-03 13:36:32.008	28.672	1.493	2.1269e-06	5.1707e-08	95.7507	-62.1726	0.5200	-2.56
GRB200510445	2020-05-10 10:41:16.959	9.981	1.055	5.3483e-06	5.9809e-08	245.4388	43.4458	1.5000	0.003
GRB170214649	2017-02-14 15:34:26.924	122.882	0.724	1.7692e-04	1.2722e-07	18.3422	22.4792	0.0800	12.544
GRB140724533	2014-07-24 12:47:48.975	0.896	0.820	1.2694e-07	1.3886e-08	46.9493	-28.9726	28.6800	-0.256
GRB130214137	2013-02-14 03:17:05.663	96.768	5.443	1.5855e-06	1.0737e-07	53.4643	-37.7071	12.7700	-3.328
GRB180927993	2018-09-27 23:49:20.193	4.608	3.208	1.0891e-06	6.7730e-08	5.2422	39.4122	5.7000	-1.024
GRB171025416	2017-10-25 09:59:00.108	19.712	2.064	1.4936e-06	4.6223e-08	212.2922	-5.1315	16.4200	-5.888
GRB131231198	2013-12-31 04:45:16.083	31.232	0.572	1.5194e-04	1.1938e-07	117.6701	-64.4290	0.0010	13.312
GRB150520893	2015-05-20 21:25:34.190	15.616	6.992	9.3890e-07	5.1923e-08	226.8203	21.8645	9.8700	-1.792
GRB210518033	2021-05-18 00:46:54.636	15.104	4.558	9.0726e-07	5.1317e-08	104.5047	-63.2966	7.8600	-3.84
GRB141020439	2014-10-20 10:31:31.155	1.600	0.951	8.4713e-08	1.2723e-08	23.2850	14.6082	18.3300	-1.344
GRB231219717	2023-12-19 17:12:22.778	7.936	1.810	5.9133e-07	2.8929e-08	92.5611	48.9686	14.2500	-0.256
GRB230124638	2023-01-24 15:18:46.699	11.520	1.379	2.8157e-06	2.8443e-08	196.2435	-32.0449	3.3400	-0.512
GRB170901007	2017-09-01 00:10:03.019	5.888	2.673	7.8226e-07	5.1981e-08	147.4456	-62.3376	18.3500	-0.768
GRB110923481	2011-09-23 11:32:44.457	1.664	0.264	1.2450e-07	9.7829e-09	280.0390	59.2137	22.7200	-1.664
GRB220910242	2022-09-10 05:48:21.553	4.224	0.143	4.5871e-05	3.0582e-08	114.4387	-63.7242	1.0000	4.992
GRB150220598	2015-02-20 14:21:35.600	144.643	1.619	2.4133e-05	8.4401e-08	230.7539	27.8451	0.5000	1.024
GRB251013336	2025-10-13 08:04:05.151	2.496	0.143	2.8627e-06	1.3776e-08	138.9836	-63.5769	2.5800	0.0
GRB220827896	2022-08-27 21:30:03.074	126.720	3.238	1.6444e-06	5.8848e-08	218.6044	8.5502	15.1300	-2.56
GRB250815492	2025-08-15 11:49:10.835	0.640	0.264	2.9752e-07	1.6459e-08	351.9713	50.5044	7.7900	-0.064
GRB131031482	2013-10-31 11:33:32.822	7.424	0.604	4.3829e-06	5.0330e-08	157.9000	-59.8226	0.0130	-0.256
GRB170101116	2017-01-01 02:47:17.867	12.800	0.362	1.3050e-05	4.7569e-08	198.4464	-29.1372	1.2000	0.32
GRB120218276	2012-02-18 06:37:02.371	256.260	5.221	1.1394e-05	8.0140e-08	213.6912	-1.5229	3.6400	-212.996
GRB130305526	2013-03-05 12:37:47.722	118.528	15.691	1.5196e-06	4.6084e-08	199.9498	-26.8102	1.7600	1.28
GRB170212034	2017-02-12 00:49:00.258	15.872	1.846	1.2031e-06	2.7749e-08	244.9892	43.7571	7.5900	-3.072
GRB140818781	2014-08-18 18:44:15.703	20.992	6.527	8.4905e-07	2.8227e-08	26.3084	9.7745	0.0500	-4.608
GRB120121251	2012-01-21 06:00:45.236	37.121	11.876	1.1544e-05	6.6510e-08	333.9771	57.6120	1.6100	-5.632
GRB190630257	2019-06-30 06:09:58.319	0.224	0.187	4.6949e-07	6.0651e-09	43.2207	-21.9740	7.6500	-0.16
GRB230709706	2023-07-09 16:56:14.471	22.272	0.810	8.2900e-06	2.4430e-08	208.1984	-11.9871	2.4800	0.32
GRB130830864	2013-08-30 20:44:49.549	83.968	7.455	1.8924e-06	4.8054e-08	234.5002	34.6794	7.7100	-2.048
GRB131029990	2013-10-29 23:45:53.933	50.944	5.976	4.4858e-06	9.2881e-08	217.5544	5.9700	5.7900	-7.936
GRB190708365	2019-07-08 08:45:11.798	27.392	8.002	1.6204e-06	2.8474e-08	335.5686	57.2013	7.2100	-8.448
GRB180814505	2018-08-14 12:06:54.073	100.608	2.919	1.7174e-06	3.7934e-08	29.7542	3.4270	11.1500	-50.432
GRB180511606	2018-05-11 14:32:18.985	9.216	1.619	1.3554e-06	5.1422e-08	21.9162	17.9248	8.2200	-1.024
GRB210626345	2021-06-26 08:16:15.992	34.048	1.950	3.8335e-06	2.4025e-08	351.8583	50.4936	0.0016	-3.328
GRB210725158	2021-07-25 03:47:03.541	47.104	21.773	1.2842e-06	7.2252e-08	344.0130	54.3855	0.0500	0.512
GRB120915474	2012-09-15 11:22:04.221	5.888	0.923	3.8288e-07	2.4656e-08	32.2633	-1.1295	6.5400	-2.304
GRB241209308	2024-12-09 07:22:54.596	10.752	1.145	3.5718e-06	1.8291e-08	219.8966	11.2021	4.2200	-2.304
GRB180715755	2018-07-15 18:07:05.061	0.704	0.286	1.0450e-06	2.2184e-08	5.2729	40.6745	0.0500	-0.192
GRB200103689	2020-01-03 16:32:23.473	68.096	5.400	1.5580e-06	9.7420e-08	221.0142	13.4414	16.7200	-0.256
GRB141005535	2014-10-05 12:49:57.621	11.264	3.208	7.1760e-07	4.2393e-08	24.7023	13.3066	19.5600	-1.28
GRB250821988	2025-08-21 23:42:00.658	78.337	1.846	3.6821e-06	2.6114e-08	214.5318	0.7537	15.0100	-4.096
GRB160826938	2016-08-26 22:30:50.878	1.792	0.773	2.9765e-07	1.4262e-08	214.5697	0.9590	14.4500	-1.344
GRB220309253	2022-03-09 06:04:43.984	62.208	7.030	1.3062e-06	5.7626e-08	237.3917	38.0053	11.4700	-2.048
GRB200418865	2020-04-18 20:45:00.278	38.145	7.371	2.1753e-06	8.8373e-08	198.9862	-27.1567	8.0600	-2.56
GRB180910156	2018-09-10 03:44:16.083	28.928	2.111	1.6293e-06	4.1623e-08	83.3654	-57.4593	10.4700	-0.768
GRB131006840	2013-10-06 20:09:52.707	41.984	5.120	1.8410e-06	5.5670e-08	232.4376	31.4939	5.8600	-4.096
GRB251013736	2025-10-13 17:39:41.942	12.285	1.055	1.8067e-06	1.5683e-08	74.4996	-52.6067	0.0010	0.003
GRB180506902	2018-05-06 21:38:58.905	23.296	2.429	2.0012e-06	2.4400e-08	191.7110	-36.7631	6.7200	-5.888
GRB190716917	2019-07-16 22:00:08.119	6.909	0.923	2.1945e-06	3.6195e-08	73.5598	-52.9284	6.4300	0.003
GRB131127592	2013-11-27 14:12:18.363	18.176	0.724	3.8494e-05	1.4426e-07	43.2485	-20.9437	1.0000	1.792
GRB230905656	2023-09-05 15:44:59.770	0.288	0.286	1.6169e-07	1.3468e-08	243.9244	43.9681	14.3800	-0.192
GRB241112076	2024-11-12 01:49:39.627	0.640	0.410	1.5405e-07	1.3360e-08	243.8869	43.9517	13.7700	-0.448
GRB180923931	2018-09-23 22:20:30.535	8.192	0.724	1.8808e-05	3.1532e-08	45.7553	-24.8307	1.0000	0.512
GRB190606080	2019-06-06 01:55:07.776	0.224	0.036	4.0181e-06	1.3400e-08	200.8654	-23.5771	3.0000	0.0
GRB150613420	2015-06-13 10:04:25.008	27.392	1.846	2.6097e-06	2.8538e-08	214.8342	2.7003	5.9600	-4.096
GRB180720213	2018-07-20 05:06:02.058	8.896	0.466	2.4585e-05	5.8318e-08	224.8955	21.1738	1.1700	0.704
GRB241115554	2024-11-15 13:18:24.733	3.072	0.264	1.6033e-06	1.3657e-08	206.0404	-14.5945	0.0500	0.0
GRB120629565	2012-06-29 13:34:11.681	0.704	1.026	5.1917e-08	1.2052e-08	270.1430	57.9550	8.8800	-0.384
GRB140624423	2014-06-24 10:08:40.895	0.096	0.093	2.4168e-07	9.5264e-09	145.0511	-61.6495	4.5700	-0.08
GRB140918379	2014-09-18 09:06:01.076	165.632	2.360	2.1200e-06	6.5672e-08	89.1114	-58.9594	17.2500	-3.84
GRB250128683	2025-01-28 16:22:53.773	1.120	0.862	1.3931e-07	1.0071e-08	2.5900	43.7523	0.0233	-0.768
GRB170203486	2017-02-03 11:40:25.855	0.336	0.506	1.2526e-07	1.5887e-08	12.9643	32.7534	14.0600	-0.064
GRB230903440	2023-09-03 10:33:01.608	122.114	2.064	7.5589e-06	7.5675e-08	90.8563	16.4450	4.6100	-4.096
GRB171103655	2017-11-03 15:43:50.770	25.600	4.720	2.7981e-06	7.0426e-08	107.3368	-62.3815	4.5600	-0.256
GRB190306943	2019-03-06 22:37:43.178	180.483	6.964	9.0930e-06	1.1384e-07	2.4434	44.1279	2.5500	-12.544
GRB200114153	2020-01-14 03:40:43.724	29.693	0.810	5.1020e-06	4.5881e-08	316.8572	61.8445	2.5800	0.003
GRB130214800	2013-02-14 19:12:22.000	13.760	1.639	5.9829e-06	9.1046e-08	188.0148	-39.9219	1.6000	-3.584
GRB141028455	2014-10-28 10:54:46.783	31.489	2.429	3.4781e-05	8.9141e-08	53.4605	-34.8079	0.0016	6.656
GRB220412713	2022-04-12 17:06:49.041	0.160	0.072	4.3263e-07	6.7839e-09	52.2742	-33.2916	0.0100	-0.032
GRB130903033	2013-09-03 00:47:32.375	68.608	7.241	2.5187e-06	5.7794e-08	203.2580	-18.4226	0.0010	-3.072
GRB180403565	2018-04-03 13:32:54.956	36.609	5.993	3.2174e-06	3.7176e-08	215.9599	5.4064	2.7400	-15.104
GRB240910167	2024-09-10 04:00:44.214	272.388	2.611	1.5801e-05	6.8812e-08	146.6266	-60.9915	0.0011	1.792
GRB220608211	2022-06-08 05:03:44.751	35.329	0.724	1.7249e-05	4.9069e-08	0.9907	45.6289	1.2100	0.576
GRB240905357	2024-09-05 08:34:13.795	5.952	0.143	7.4251e-06	1.2635e-08	265.3102	56.8885	1.0000	0.32
GRB250107482	2025-01-07 11:34:04.293	1.088	0.410	1.6332e-07	9.5902e-09	157.2067	27.1062	25.9300	-0.192
GRB200711461	2020-07-11 11:04:32.931	29.441	1.145	1.4063e-05	3.2644e-08	34.2334	-2.8364	0.0500	0.768
GRB180922461	2018-09-22 11:03:52.023	6.400	1.864	1.6049e-06	2.1135e-08	136.6441	-62.3268	4.4400	-0.512
GRB130502743	2013-05-02 17:50:30.741	3.328	2.064	6.2671e-07	3.4665e-08	231.2015	31.2306	0.0000	-0.512
GRB251016999	2025-10-16 23:59:00.722	7.104	0.286	2.2534e-05	3.8252e-08	131.4726	56.9126	1.0000	0.64
GRB170208553	2017-02-08 13:16:33.274	53.761	1.864	1.7487e-05	5.6303e-08	33.5457	-1.4390	2.5200	2.304
GRB130708488	2013-07-08 11:43:04.269	14.077	3.114	2.5305e-06	2.6993e-08	132.9688	-62.5085	0.0400	0.003
GRB251105958	2025-11-05 22:59:13.534	13.824	0.923	8.5103e-07	2.4775e-08	11.2435	35.8565	10.1100	-2.816
GRB130324042	2013-03-24 01:00:24.747	56.320	2.862	2.0614e-06	3.0496e-08	19.6649	24.2285	6.0300	-6.144
GRB210306162	2021-03-06 03:53:57.108	9.536	0.143	8.6447e-06	2.4062e-08	156.3995	36.6663	0.0001	0.128
GRB230626604	2023-06-26 14:30:22.246	15.360	0.362	2.2756e-05	1.5671e-08	236.2526	37.8484	1.0000	1.792
GRB210419882	2021-04-19 21:10:28.455	37.377	3.083	6.3785e-06	5.0261e-08	44.4219	-21.4910	1.3600	-1.024
GRB260311790	2026-03-11 18:57:55.422	9.088	3.314	1.7187e-06	1.2824e-07	31.2750	4.0840	11.7400	-0.384
GRB250922130	2025-09-22 03:07:21.460	14.080	1.145	1.0960e-06	2.4607e-08	85.7933	-56.7730	6.1300	-3.072
GRB250516608	2025-05-16 14:35:29.275	21.821	0.768	4.4904e-06	3.3567e-08	61.8677	-43.1370	8.5200	0.003
GRB250216848	2025-02-16 20:20:43.868	4.608	1.557	3.2820e-07	1.2223e-08	106.3919	54.3053	12.6900	-2.048
GRB160717813	2016-07-17 19:31:15.228	66.817	1.717	1.6963e-05	6.8118e-08	40.0954	-13.1253	2.2200	-4.352
GRB220111807	2022-01-11 19:21:49.433	10.496	0.572	9.9819e-06	4.2607e-08	237.9253	40.2894	1.5600	0.32
GRB150106921	2015-01-06 22:05:56.248	79.872	16.077	1.0150e-06	3.8979e-08	171.9441	-51.5867	13.1400	-2.816
GRB190806535	2019-08-06 12:50:02.235	13.824	2.064	4.5711e-07	3.0978e-08	44.2423	-19.8200	12.5100	-0.768
GRB170326489	2017-03-26 11:44:38.255	9.728	2.721	9.7651e-07	4.3962e-08	43.9690	-19.2766	11.3200	-4.352
GRB181231144	2018-12-31 03:27:43.745	36.865	3.665	4.0873e-06	4.1942e-08	19.7372	25.2359	0.2400	-6.912
GRB150806348	2015-08-06 08:21:41.960	85.248	1.639	6.6867e-06	7.1509e-08	213.8532	4.0119	2.8000	-1.28
GRB210606164	2021-06-06 03:56:02.123	11.008	5.184	7.3090e-07	3.3653e-08	260.6919	56.2109	0.0660	-8.704
GRB251221225	2025-12-21 05:24:28.613	27.648	3.692	2.7905e-06	3.7989e-08	211.6272	-0.9398	0.0032	-9.216
GRB230304608	2023-03-04 14:35:49.143	34.846	0.586	3.7621e-05	3.1780e-08	216.1626	8.2394	1.0000	0.002
GRB160224911	2016-02-24 21:51:22.871	0.384	1.778	1.2062e-07	2.2820e-08	52.6460	-31.9868	9.4100	-0.064
GRB150822178	2015-08-22 04:16:07.524	13.312	0.923	2.5751e-06	2.8258e-08	234.0979	36.6976	5.4000	-0.512
GRB240617599	2024-06-17 14:22:40.634	0.128	0.590	2.2742e-08	1.1826e-08	62.9810	-42.9634	20.2100	-0.192
GRB260225635	2026-02-25 15:14:07.480	118.784	3.392	2.2469e-05	2.6178e-07	57.2886	-37.3118	1.7800	-2.368
GRB220831550	2022-08-31 13:11:36.161	12.032	1.379	3.6746e-06	3.7372e-08	255.4551	54.1746	4.7100	-0.256
GRB190901890	2019-09-01 21:21:49.612	473.097	1.717	6.3043e-05	1.4959e-07	352.6736	52.8590	1.0000	3.584
GRB240204630	2024-02-04 15:07:38.677	15.872	0.810	1.5915e-05	4.3087e-08	212.6203	1.6443	0.0007	1.536
GRB170527480	2017-05-27 11:31:02.374	49.153	1.557	8.4296e-05	3.3980e-08	308.2001	63.7164	1.0000	1.088
GRB140906429	2014-09-06 10:18:02.364	20.736	2.111	8.3680e-06	6.7815e-08	287.3199	62.9975	1.6000	1.024
GRB240825662	2024-08-25 15:53:00.085	3.968	0.091	1.0017e-04	4.2308e-08	74.3055	-50.8413	0.0034	1.152
GRB201004094	2020-10-04 02:16:01.088	28.416	1.379	8.8236e-07	4.2151e-08	19.9030	25.8986	8.6900	-0.256
GRB150906944	2015-09-06 22:38:47.307	0.320	0.210	4.3494e-07	1.2401e-08	341.3847	58.1145	5.1900	-0.256
GRB220314898	2022-03-14 21:32:57.716	30.465	1.280	7.2787e-06	7.3995e-08	266.3321	58.7524	2.6600	-1.28
GRB230421405	2023-04-21 09:42:46.373	9.728	3.620	9.7606e-07	3.5727e-08	172.1068	-50.4002	0.0800	-5.12
GRB241129064	2024-11-29 01:31:33.425	51.968	1.717	2.1335e-06	2.7395e-08	14.8452	33.3147	5.0100	-0.512
GRB230328582	2023-03-28 13:58:24.246	92.674	1.493	1.0272e-05	3.5048e-08	311.9320	63.7339	8.4400	-5.376
GRB171211844	2017-12-11 20:15:58.533	148.226	3.125	1.4771e-05	8.1606e-08	200.0017	-21.2812	7.1000	5.12
GRB250609366	2025-06-09 08:47:18.610	0.768	1.177	1.1492e-07	1.7015e-08	230.3961	32.5931	11.7100	-0.384
GRB160920249	2016-09-20 05:58:20.237	15.616	5.894	1.4497e-06	2.8248e-08	57.5499	-36.8153	4.4400	-0.768
GRB260211892	2026-02-11 21:24:26.334	0.192	0.405	8.1784e-08	7.1624e-09	118.0250	-61.3722	27.7400	-0.064
GRB230511469	2023-05-11 11:15:05.691	13.824	4.918	9.2155e-07	3.3386e-08	233.5172	37.6074	16.0300	-6.656
GRB231120016	2023-11-20 00:23:08.748	92.416	6.646	4.4593e-06	4.9332e-08	181.0380	-43.7126	18.2400	-2.56
GRB210716485	2021-07-16 11:38:13.679	5.184	0.951	8.3650e-07	3.9940e-08	269.6039	59.8364	4.3900	-4.48
GRB120531393	2012-05-31 09:26:38.365	25.344	7.186	9.0995e-07	1.7898e-08	37.4761	-6.1456	11.0300	-2.816
GRB260105973	2026-01-05 23:21:36.547	11.325	1.639	1.9256e-05	7.2071e-07	23.5315	21.3194	2.0300	0.003
GRB240303513	2024-03-03 12:18:51.244	5.888	0.572	2.1602e-05	2.2426e-08	44.3451	-18.5397	1.0000	0.256
GRB181227571	2018-12-27 13:42:31.568	25.856	3.840	9.0551e-07	3.4195e-08	3.7476	45.6012	19.0100	-3.84
GRB240218084	2024-02-18 02:00:21.717	37.633	2.828	4.9914e-06	4.8235e-08	248.5834	50.5717	0.0500	-0.768
GRB110824009	2011-08-24 00:13:09.941	76.607	9.220	1.4849e-05	1.5423e-07	239.3458	43.1528	1.6800	0.003
GRB140102887	2014-01-02 21:17:37.811	3.648	0.091	1.7803e-05	2.4124e-08	341.4493	58.3839	0.0010	0.448
GRB170130510	2017-01-30 12:13:48.167	101.122	1.493	7.3402e-06	6.6579e-08	46.7625	-22.1501	3.1200	-5.12
GRB210926044	2021-09-26 01:03:30.369	7.424	2.573	6.9928e-07	4.2675e-08	38.0558	-6.6460	9.4200	-0.512
GRB130404428	2013-04-04 10:15:40.052	3.328	1.493	8.4254e-07	4.4490e-08	156.7913	-56.5526	7.2400	-1.536
GRB240430806	2024-04-30 19:21:19.719	14.592	0.724	7.0660e-06	3.1584e-08	321.3025	63.2416	2.5500	0.512
GRB141230142	2014-12-30 03:24:22.637	9.856	1.086	1.7987e-06	6.6177e-08	186.1068	-38.7559	3.8600	0.0
GRB250718296	2025-07-18 07:05:40.095	1.344	0.979	2.5246e-07	1.0766e-08	344.3114	57.7396	11.1500	-0.832
GRB110812899	2011-08-12 21:35:08.607	11.264	3.727	1.1739e-06	2.1811e-08	199.2774	-21.3307	2.4900	-2.304
GRB240616382	2024-06-16 09:09:34.754	9.472	1.280	9.1904e-06	1.8578e-07	14.4940	36.0758	5.7200	-4.352
GRB110529811	2011-05-29 19:27:12.763	34.816	4.636	3.3297e-06	2.9844e-08	70.7849	-47.5255	4.8200	-2.56
GRB160215773	2016-02-15 18:33:30.387	141.314	1.280	5.0373e-05	6.9186e-08	92.1702	-57.2520	3.4400	54.273
GRB120914144	2012-09-14 03:26:42.114	10.240	4.048	7.3497e-07	3.5332e-08	27.6626	14.0934	5.3500	-1.28
GRB230524239	2023-05-24 05:43:46.145	26.880	2.187	6.1507e-06	5.4760e-08	74.4457	-49.8141	2.1200	-1.28
GRB120603439	2012-06-03 10:32:09.854	0.384	0.345	6.7886e-07	2.6900e-08	317.9189	66.5046	0.5220	-0.064
GRB130216790	2013-02-16 18:58:11.695	12.992	1.280	4.8866e-06	3.5670e-08	187.0976	-36.9732	0.0000	-5.248
GRB250217325	2025-02-17 07:47:25.624	0.896	0.779	2.1296e-07	6.6054e-09	241.2005	45.7943	11.2800	-0.064
GRB260107831	2026-01-07 19:57:01.671	21.248	0.951	6.7063e-06	8.3538e-08	69.2427	-46.2484	2.6100	0.256
GRB251005227	2025-10-05 05:27:08.252	16.128	5.938	8.4920e-07	2.4675e-08	5.7308	50.0542	4.9000	-1.024
GRB170808936	2017-08-08 22:27:43.098	17.664	0.572	1.1591e-04	1.5636e-07	233.5422	38.4337	0.3400	4.096
GRB170709334	2017-07-09 08:00:23.979	1.856	0.898	6.8308e-07	1.7670e-08	48.1793	-22.8760	7.4900	-0.576
GRB250307832	2025-03-07 19:57:53.734	11.837	1.072	3.9639e-06	3.9392e-08	26.9172	16.3111	2.6900	0.003
GRB240612503	2024-06-12 12:04:28.980	123.394	1.377	6.0215e-06	4.9922e-08	54.9132	-26.5038	2.5400	0.256
GRB160301215	2016-03-01 05:10:18.519	29.697	3.620	5.9349e-06	4.0752e-08	216.1818	11.3107	3.4800	0.256
GRB210417957	2021-04-17 22:57:47.042	0.832	0.466	1.5980e-07	4.7363e-08	243.0199	48.0152	13.8200	-0.384
GRB210404141	2021-04-04 03:23:22.398	1.344	0.746	2.1673e-07	1.5176e-08	266.2178	60.1799	18.5700	-0.128
GRB230129254	2023-01-29 06:05:21.148	0.384	0.143	1.2396e-07	2.2142e-08	214.9874	9.1511	22.6100	-0.064
GRB200407265	2020-04-07 06:22:01.482	3.072	0.500	6.6105e-07	1.2661e-08	32.9327	5.3338	4.0300	-1.152
GRB220823145	2022-08-23 03:28:52.386	1.088	0.771	2.1966e-07	2.5368e-08	201.3151	-16.4710	3.0100	-0.768
GRB210812011	2021-08-12 00:15:51.734	37.633	1.810	2.1444e-06	4.4004e-08	281.7838	63.7206	6.3200	-3.84
GRB110806934	2011-08-06 22:25:31.115	28.416	0.923	7.1898e-06	2.8168e-08	215.0065	9.2537	2.4200	0.256
GRB160908136	2016-09-08 03:15:23.845	156.672	21.722	2.8305e-06	9.5033e-08	13.5497	37.3350	6.8600	-20.736
GRB230305052	2023-03-05 01:15:15.528	34.816	1.305	2.5590e-06	2.5940e-08	157.1010	-55.4498	7.5900	-0.256
GRB141206254	2014-12-06 06:05:51.710	4.608	1.557	5.3660e-07	2.8533e-08	54.7318	-31.6359	9.2900	-1.28
GRB210929821	2021-09-29 19:42:22.411	10.752	8.208	3.6173e-07	1.8581e-08	25.8174	18.7966	13.3100	-0.512
GRB110726211	2011-07-26 05:03:59.487	29.953	10.608	4.3614e-06	9.6723e-08	52.9483	-29.2387	3.8200	-3.84
GRB201007123	2020-10-07 02:56:38.168	195.332	1.493	2.1519e-05	7.1811e-08	41.7696	-11.3083	3.4000	-1.024
GRB240824549	2024-08-24 13:11:16.699	1.472	0.500	2.4384e-07	1.9036e-08	132.8701	-59.8672	0.0500	-1.344
GRB220810969	2022-08-10 23:15:42.081	8.960	0.362	6.7868e-06	3.0101e-08	48.2255	-22.0484	1.5800	-1.28
GRB180718082	2018-07-18 01:57:44.601	0.080	0.182	8.5834e-08	1.7351e-08	67.1854	-43.5688	0.0500	-0.048
GRB130929375	2013-09-29 09:00:13.006	2.304	0.487	3.2263e-07	1.3956e-08	321.9227	64.4749	19.6700	-2.24
GRB130117087	2013-01-17 02:05:11.425	78.848	2.636	2.8491e-06	3.5373e-08	72.4187	-47.2737	6.1700	1.792
GRB190905985	2019-09-05 23:38:28.489	0.704	1.032	5.5119e-07	1.9944e-08	9.1739	43.5630	3.6200	-0.576
GRB160314473	2016-03-14 11:21:25.488	1.664	0.730	1.3226e-07	1.7682e-08	247.0326	51.7662	19.9900	-0.704
GRB190323303	2019-03-23 07:16:51.688	30.465	4.612	1.1369e-05	7.6909e-08	230.4189	35.7696	2.0700	0.256
GRB180111815	2018-01-11 19:34:00.495	19.200	2.202	1.7352e-06	3.7708e-08	268.4619	61.4980	8.0600	-10.752
GRB220129873	2022-01-29 20:57:30.405	2.048	2.064	2.6005e-07	3.3256e-08	15.9590	35.2051	22.4800	-1.024
GRB150412507	2015-04-12 12:10:36.742	0.576	1.319	1.2957e-07	1.2244e-08	288.4095	65.0950	17.5900	-0.128
GRB241016467	2024-10-16 11:12:40.131	0.832	0.820	3.1715e-07	1.2051e-08	114.8531	-59.4743	21.8100	-0.512
GRB140113183	2014-01-13 04:23:55.474	68.864	2.985	2.6523e-06	4.4906e-08	196.7466	-22.4141	9.9900	-5.888
GRB190728271	2019-07-28 06:30:36.852	0.832	0.905	3.2273e-07	1.2530e-08	94.8775	-53.8812	5.6900	-0.64
GRB180728575	2018-07-28 13:48:22.440	6.144	2.111	1.3343e-06	2.8224e-08	357.8138	53.0686	3.3700	-0.768
GRB200404706	2020-04-04 16:57:02.830	26.624	3.114	3.8916e-06	3.1258e-08	188.1019	-33.7864	5.0200	-1.792
GRB190502168	2019-05-02 04:01:30.415	11.776	1.864	2.2123e-06	3.8038e-08	206.0123	-6.1951	3.8100	-1.536
GRB241201622	2024-12-01 14:55:59.156	7.680	0.143	7.6815e-06	2.7946e-08	273.2425	63.0123	2.6000	0.384
GRB150724782	2015-07-24 18:45:37.714	37.889	0.572	2.8004e-05	4.3272e-08	86.4309	-53.1607	0.2300	5.12
GRB260115741	2026-01-15 17:46:45.881	3.392	0.286	1.2982e-06	1.3470e-08	213.3466	8.0389	5.0800	-0.384
GRB260120963	2026-01-20 23:07:06.347	8.128	0.202	1.5870e-06	2.7316e-08	26.1920	20.0780	9.3500	-0.064
GRB150215026	2015-02-15 00:37:26.597	0.512	0.716	2.1519e-07	3.0305e-08	46.8770	-18.4717	14.6800	-0.256
GRB241209233	2024-12-09 05:35:44.162	0.128	0.181	1.1132e-07	1.5417e-08	236.3314	48.7733	0.0500	-0.064
GRB111127810	2011-11-27 19:27:01.698	19.008	2.548	8.6427e-06	5.1802e-08	210.1981	2.3422	2.0900	-0.768
GRB250717158	2025-07-17 03:48:11.059	15.616	1.280	4.3400e-06	4.0820e-08	141.9382	-57.8795	2.8900	-1.792
GRB170918139	2017-09-18 03:20:22.880	0.128	0.163	8.8478e-08	1.1721e-08	163.3334	-51.7570	17.8100	-0.032
GRB200722094	2020-07-22 02:14:55.944	64.769	1.379	1.2033e-05	2.7335e-08	289.9481	68.8996	2.1500	1.28
GRB210531500	2021-05-31 12:00:01.650	20.480	0.572	6.8924e-05	9.1109e-08	225.8906	30.7238	1.0000	1.28
GRB180127879	2018-01-27 21:05:56.491	17.664	1.639	1.4300e-06	4.3723e-08	25.0508	22.9258	6.9800	-2.304
GRB160822672	2016-08-22 16:07:40.010	0.040	0.385	2.9504e-06	1.8681e-07	31.2322	11.1797	0.5400	-0.016
GRB170810918	2017-08-10 22:01:41.585	136.960	14.954	7.1261e-06	1.0212e-07	290.7514	66.0655	0.0005	-17.664
GRB130504978	2013-05-04 23:28:57.518	73.217	2.111	1.2872e-04	2.3234e-07	204.3265	-8.1885	0.0013	8.704
GRB111226795	2011-12-26 19:04:58.285	74.753	8.749	1.1451e-05	1.3911e-07	139.3149	-57.8982	1.0000	-6.144
GRB230114708	2023-01-14 16:59:13.896	23.293	1.379	4.7290e-06	4.0339e-08	11.4488	42.4912	2.5000	0.003
GRB140610689	2014-06-10 16:31:28.584	134.144	7.455	1.3801e-05	1.2365e-07	37.9601	-1.2376	0.0500	-2.048
GRB130906222	2013-09-06 05:19:30.538	11.264	7.209	6.2735e-07	3.0050e-08	306.1305	67.0407	12.3900	-5.12
GRB231206789	2023-12-06 18:56:37.599	2.816	2.415	5.8151e-07	2.0210e-08	169.4704	-48.1949	8.3400	-1.536
GRB141207800	2014-12-07 19:11:21.105	20.992	0.572	3.4197e-05	1.1607e-07	243.6247	50.9742	0.2150	1.28
GRB200710036	2020-07-10 00:52:07.073	0.288	1.314	8.4878e-08	2.3770e-08	197.2503	-20.0769	16.6000	-0.128
GRB190915240	2019-09-15 05:44:57.911	13.824	0.572	2.7288e-06	2.9176e-08	176.1744	-43.7358	4.3500	0.256
GRB220522110	2022-05-22 02:39:00.377	5.824	0.951	1.0277e-06	1.5402e-08	157.3644	-53.4873	10.7100	-0.896
GRB150527283	2015-05-27 06:47:08.704	20.736	5.146	2.6008e-06	4.8549e-08	39.4629	-3.4927	0.0006	-14.592
GRB251105195	2025-11-05 04:41:06.401	65.281	2.896	1.0786e-05	7.2199e-08	189.6030	-25.3876	3.3000	-5.632
GRB181120265	2018-11-20 06:21:19.084	17.374	0.799	3.5477e-06	1.6560e-08	137.1395	-57.8695	1.0000	0.003
GRB140516700	2014-05-16 16:47:38.662	38.144	1.145	2.6435e-06	2.9057e-08	214.7129	12.8959	7.7700	-12.544
GRB140824548	2014-08-24 13:08:46.174	4.096	0.572	2.6866e-06	3.9092e-08	182.2800	-38.0868	2.0600	-0.512
GRB220915022	2022-09-15 00:31:40.361	43.777	0.572	4.8922e-06	2.9282e-08	225.0568	31.0019	3.4300	1.088
GRB190605974	2019-06-05 23:22:27.118	3.584	0.516	9.6376e-07	3.1527e-08	70.3301	-43.0684	6.7600	-0.64
GRB211217295	2021-12-17 07:04:30.327	4.096	1.619	1.2778e-06	4.5026e-08	115.3896	-58.1885	5.7300	-1.28
GRB111124308	2011-11-24 07:24:10.086	8.960	3.114	6.2632e-07	2.1928e-08	204.7646	-5.6756	9.4200	-0.768
GRB200714437	2020-07-14 10:28:45.459	152.576	1.619	6.9707e-06	6.2464e-08	339.4484	63.0494	2.7900	1.536
GRB210207603	2021-02-07 14:27:58.984	11.008	0.923	1.8115e-06	3.2719e-08	225.9161	33.2120	6.0400	-0.768
GRB150510139	2015-05-10 03:19:53.738	51.904	0.453	9.8625e-05	8.6913e-08	129.1338	-57.9227	0.3600	0.384
GRB120415891	2012-04-15 21:23:41.026	0.960	0.264	1.3047e-07	9.0268e-09	297.2310	67.6856	6.8800	-0.256
GRB230725439	2023-07-25 10:32:50.879	0.576	1.541	3.0866e-07	2.4139e-08	337.1391	63.9058	4.5000	-0.064
GRB130626596	2013-06-26 14:17:32.492	28.160	0.572	4.8195e-06	3.2728e-08	144.6707	-55.8973	4.0300	-18.176
GRB220903125	2022-09-03 03:00:38.801	6.400	1.619	1.2175e-06	1.3421e-08	231.5040	41.0961	12.9600	-0.768
GRB131230808	2013-12-30 19:24:09.905	49.152	4.352	4.1066e-06	4.2846e-08	193.7391	-23.7269	3.9100	-10.752
GRB110729142	2011-07-29 03:25:05.929	408.582	2.290	4.6399e-05	4.7781e-08	89.6266	-52.7914	1.3600	2.08
GRB120111051	2012-01-11 01:13:27.628	76.801	5.514	3.9676e-06	5.6254e-08	205.0338	-4.3749	5.3800	-2.048
GRB110722694	2011-07-22 16:39:16.676	73.473	11.404	2.1140e-05	1.1547e-07	350.5904	59.3859	1.9900	-0.512
GRB180506077	2018-05-06 01:50:25.559	44.033	3.593	8.3008e-06	5.0203e-08	21.2522	31.9648	3.2500	0.256
GRB241029097	2024-10-29 02:19:59.866	13.312	0.362	9.5267e-06	2.3765e-08	60.6196	-33.9249	0.0410	0.0
GRB191129141	2019-11-29 03:22:27.127	19.968	1.056	1.1540e-05	4.7684e-08	115.6951	-57.2107	2.4700	2.048
GRB190525032	2019-05-25 00:45:47.652	0.896	0.202	8.2689e-07	1.8407e-08	71.7224	-43.1454	4.0400	-0.064
GRB200306934	2020-03-06 22:25:25.327	0.992	1.226	9.2539e-08	1.4799e-08	84.4471	-50.6652	27.9500	-0.512
GRB250531752	2025-05-31 18:02:24.523	12.544	3.338	2.5051e-06	5.4464e-08	255.0437	59.7901	6.3700	-7.936
GRB200615250	2020-06-15 06:00:05.083	49.664	13.400	1.7629e-06	5.5779e-08	174.5220	-42.9017	5.9900	0.512
GRB140406120	2014-04-06 02:52:13.758	109.312	3.415	1.1454e-05	1.0886e-07	96.3439	-54.0501	2.6000	-32.0
GRB110626448	2011-06-26 10:44:54.213	6.400	1.145	1.1628e-06	2.9197e-08	221.6966	28.3142	7.6600	-0.768
GRB211221867	2021-12-21 20:48:40.580	14.592	3.338	9.5941e-07	4.3490e-08	194.2920	-21.3641	9.0300	-5.376
GRB190202634	2019-02-02 15:13:12.939	17.152	4.048	1.5310e-06	7.7890e-08	212.8345	12.4576	9.3600	-10.24
GRB150729517	2015-07-29 12:24:08.742	35.585	0.810	1.6619e-05	4.2436e-08	357.2410	57.0470	1.0000	0.768
GRB120213606	2012-02-13 14:32:44.609	13.824	3.328	2.6780e-06	5.4574e-08	278.6059	66.8450	4.2000	-3.072
GRB160728337	2016-07-28 08:05:13.092	18.688	4.924	9.5055e-07	6.2236e-08	71.0798	-42.2341	13.4100	-3.328
GRB251117514	2025-11-17 12:19:52.143	1.344	0.181	7.7402e-07	1.1065e-08	65.7600	-38.2100	0.7200	-0.256
GRB210820004	2021-08-20 00:05:14.008	13.760	5.253	1.8673e-06	6.1813e-08	96.9918	27.0787	5.0100	-6.272
GRB110706202	2011-07-06 04:51:04.029	12.032	4.382	3.2689e-06	9.7103e-08	206.2026	0.3358	8.0300	-1.536
GRB111216389	2011-12-16 09:20:31.510	81.921	0.724	4.4067e-05	6.3573e-08	284.6403	67.7206	1.3700	3.84
GRB241226940	2024-12-26 22:33:39.664	87.041	3.665	6.1450e-06	1.0574e-07	196.1597	-17.9261	6.7800	3.328
GRB221121274	2022-11-21 06:34:49.744	40.704	1.557	1.4926e-05	2.7008e-08	133.5053	44.0118	1.1100	0.256
GRB140402007	2014-04-02 00:10:06.998	0.320	0.630	2.8428e-07	2.9008e-08	339.0973	64.6210	0.0500	-0.128
GRB130829672	2013-08-29 16:08:01.073	6.656	1.619	3.6751e-06	4.9737e-08	27.0124	24.3680	1.6900	-0.256
GRB160220868	2016-02-20 20:50:12.110	22.528	9.444	1.2136e-06	1.0895e-07	62.7017	-34.5465	15.7800	-7.424
GRB191031025	2019-10-31 00:36:35.608	200.196	3.338	4.3239e-06	4.9023e-08	11.8940	46.1006	0.0500	-6.4
GRB240611444	2024-06-11 10:38:58.973	58.880	2.919	2.2289e-06	3.2214e-08	107.2288	29.8864	8.3200	-4.608
GRB160731024	2016-07-31 00:35:06.874	28.672	1.950	2.8821e-06	3.6816e-08	214.6375	16.8898	9.8800	-5.376
GRB130628860	2013-06-28 20:38:01.789	0.512	0.143	1.0293e-06	9.7853e-09	53.3745	-23.1803	4.9700	-0.064
GRB191023630	2019-10-23 15:06:56.755	172.547	1.846	1.7531e-05	3.9434e-08	44.1829	-8.1012	1.8200	7.936
GRB110517573	2011-05-17 13:44:47.600	23.040	0.362	8.7397e-06	3.8023e-08	295.3969	69.0030	2.1100	-0.256
GRB170318644	2017-03-18 15:27:53.088	4.096	2.319	5.0807e-07	5.1640e-08	39.1968	1.5870	0.0020	-2.112
GRB161229878	2016-12-29 21:03:48.821	33.537	0.362	3.8227e-05	3.7188e-08	196.8302	-16.1896	1.0000	2.56
GRB160102500	2016-01-02 11:59:22.628	25.344	1.493	2.2959e-06	1.9858e-08	3.3416	54.0495	5.8100	-12.032
GRB170302876	2017-03-02 21:01:14.165	89.856	3.874	4.0376e-06	3.3855e-08	121.2964	-56.4502	5.2400	0.768
GRB140610548	2014-06-10 13:09:06.401	36.865	1.143	1.8429e-05	5.6185e-08	215.8860	19.6424	1.0000	0.256
GRB200703970	2020-07-03 23:16:41.839	32.513	1.493	1.7686e-05	4.7263e-08	230.9522	43.0503	2.3500	5.12
GRB120806007	2012-08-06 00:10:08.866	26.624	1.557	4.9018e-06	3.6937e-08	51.3833	-19.8344	4.2500	-0.256
GRB121122870	2012-11-22 20:52:49.028	125.439	0.724	9.0704e-06	5.9915e-08	93.6692	-52.5299	2.6600	0.003
GRB170818137	2017-08-18 03:17:19.979	0.576	2.519	2.8920e-07	1.8442e-08	45.2835	-9.7268	11.5400	-0.064
GRB160827616	2016-08-27 14:46:27.930	6.400	1.846	6.3631e-07	3.2311e-08	219.4055	26.1791	15.5100	-4.096
GRB160107931	2016-01-07 22:20:41.502	113.922	17.755	2.7302e-05	1.1595e-07	46.5500	-11.8207	0.1700	-11.52
GRB251014020	2025-10-14 00:28:30.337	1.728	0.653	3.2601e-07	1.4589e-08	211.2081	10.7985	0.0500	-0.128
GRB200924235	2020-09-24 05:38:29.540	58.113	4.128	1.8874e-06	3.6182e-08	57.8367	-28.3946	3.7800	-9.728
GRB220702569	2022-07-02 13:39:35.739	3.840	0.810	3.4616e-07	2.1861e-08	240.3734	52.6071	11.4600	-0.768
GRB120528442	2012-05-28 10:36:00.217	16.384	5.177	3.7919e-06	4.5669e-08	44.4041	-7.8345	5.9800	-0.768
GRB230811385	2023-08-11 09:14:24.364	9.728	2.896	1.6456e-06	4.1771e-08	224.6812	35.0346	6.3200	-4.096
GRB150923995	2015-09-23 23:52:52.541	17.152	6.676	8.3327e-07	2.9234e-08	202.2403	-6.3433	9.4600	-0.512
GRB190719499	2019-07-19 11:57:51.264	54.529	2.064	4.0315e-06	3.1983e-08	205.0343	-0.7046	3.0900	2.048
GRB241212390	2024-12-12 09:21:48.661	39.421	4.222	3.0384e-06	2.4004e-08	169.6504	-44.6160	3.6300	0.004
GRB210324809	2021-03-24 19:25:06.486	4.864	0.923	5.6276e-07	3.3384e-08	257.6626	62.4121	12.4900	-0.256
GRB241204152	2024-12-04 03:39:22.515	0.768	0.143	7.7992e-07	2.0782e-08	56.0139	-25.9638	0.5000	-0.064
GRB210715866	2021-07-15 20:46:30.607	0.384	0.543	6.0801e-07	1.6813e-08	59.8820	-30.6127	9.0700	-0.064
GRB170726794	2017-07-26 19:02:59.976	78.080	1.864	7.6782e-06	5.2996e-08	45.7974	-10.0820	3.4500	-1.536
GRB190321363	2019-03-21 08:42:33.858	55.809	1.619	6.5899e-06	5.3990e-08	55.5805	-25.2683	4.1100	-0.256
GRB200219413	2020-02-19 09:54:14.678	9.984	1.305	2.8194e-06	3.4604e-08	46.4913	-11.2370	3.9800	-6.912
GRB160527080	2016-05-27 01:55:37.323	25.344	4.558	1.6598e-06	4.6522e-08	357.5010	58.2563	6.5500	-18.688
GRB221013029	2022-10-13 00:42:20.233	35.069	2.360	2.8142e-06	3.6438e-08	21.1644	35.4783	6.0400	0.003
GRB190106866	2019-01-06 20:47:10.476	11.773	0.571	1.5272e-05	3.1060e-08	81.0317	-47.1040	1.0000	0.003
GRB110625881	2011-06-25 21:08:18.236	26.881	0.572	6.5479e-05	1.0112e-07	40.7051	-0.3452	0.0005	3.84
GRB260127744	2026-01-27 17:51:07.735	36.352	11.363	3.7195e-06	1.3134e-07	11.3506	47.7764	0.0500	-9.856
GRB200301320	2020-03-01 07:40:46.355	18.176	1.145	1.0224e-05	2.5939e-08	59.2387	-28.3562	2.4700	0.576
GRB130217688	2013-02-17 16:31:19.119	14.848	2.202	1.1003e-06	5.4501e-08	204.0773	-2.3225	8.1900	-11.264
GRB151229486	2015-12-29 11:40:06.468	0.160	0.202	1.4629e-07	1.0623e-08	82.2327	-47.4538	16.1100	-0.064
GRB160625945	2016-06-25 22:40:16.275	453.385	0.572	6.4256e-04	1.8454e-07	51.6957	-19.1915	0.0008	188.451
GRB140818229	2014-08-18 05:30:09.122	109.250	0.932	2.9501e-05	6.4576e-08	321.6349	68.8150	0.0006	5.184
GRB150203173	2015-02-03 04:09:10.063	25.600	3.238	1.8639e-06	6.2777e-08	204.7132	-0.7736	0.0006	-3.584
GRB170912985	2017-09-12 23:38:12.673	0.480	1.000	1.4207e-07	2.1381e-08	197.3583	-13.5640	16.5100	-0.448
GRB180401280	2018-04-01 06:42:43.783	33.792	2.919	5.3859e-06	7.7737e-08	217.6311	24.3203	1.6400	-21.248
GRB120412920	2012-04-12 22:04:40.564	101.182	4.871	7.0289e-06	5.2670e-08	163.1209	-47.5159	2.8000	0.003
GRB110706977	2011-07-06 23:26:51.412	33.217	4.007	6.5541e-06	4.4729e-08	83.5836	-47.8513	2.5800	-14.72
GRB200920831	2020-09-20 19:56:59.570	0.384	0.968	1.4030e-06	2.7986e-08	237.6494	51.3761	6.2600	-0.064
GRB230408442	2023-04-08 10:35:46.450	4.544	0.746	4.7259e-07	1.1112e-08	36.7025	8.3944	12.2700	-1.856
GRB251013350	2025-10-13 08:24:27.403	54.785	1.280	1.2118e-05	1.2937e-07	96.0766	-51.9253	5.7400	-8.704
GRB140219824	2014-02-19 19:46:32.241	77.056	2.996	2.8449e-06	4.2540e-08	237.7204	51.5761	2.2000	-2.56
GRB120624309	2012-06-24 07:24:25.339	0.640	0.160	5.1400e-06	7.6071e-08	108.9122	-54.8219	0.3700	-0.064
GRB170916700	2017-09-16 16:47:31.332	5.120	0.923	1.0134e-06	8.5071e-08	204.5348	-0.6466	7.9300	-2.304
GRB191117637	2019-11-17 15:17:38.361	1.280	0.870	4.8102e-07	3.3736e-08	236.9608	50.9607	13.0667	-0.512
GRB111105457	2011-11-05 10:57:36.083	43.264	0.572	1.9857e-06	4.6150e-08	233.5547	47.7452	14.2400	-9.728
GRB161214722	2016-12-14 17:20:11.225	22.528	1.619	3.1127e-06	3.7162e-08	107.4413	-54.4423	0.0008	-0.256
GRB180618724	2018-06-18 17:22:06.252	130.050	1.280	1.8649e-05	5.2701e-08	57.0522	-26.1502	5.3100	2.048
GRB180610568	2018-06-10 13:38:27.511	8.448	0.810	1.1805e-06	2.0017e-08	41.7845	-0.9587	5.5300	-4.864
GRB251012616	2025-10-12 14:46:27.205	0.576	1.231	1.0675e-07	7.9847e-09	43.5893	-4.3127	9.8900	-0.576
GRB161014522	2016-10-14 12:31:15.914	36.609	1.493	6.0981e-06	4.6691e-08	68.6889	-37.9242	0.0005	-3.328
GRB240710717	2024-07-10 17:11:47.208	20.224	1.056	1.9890e-06	3.7946e-08	40.7342	1.2888	19.0900	-1.28
GRB150506398	2015-05-06 09:33:47.785	6.784	1.282	3.5555e-06	1.8224e-08	261.0551	64.8815	1.4600	-0.064
GRB161007009	2016-10-07 00:13:21.732	30.720	2.919	1.1235e-06	3.7851e-08	218.2530	27.3121	11.4200	-0.768
GRB241209769	2024-12-09 18:26:43.700	15.872	1.305	7.8601e-07	1.4811e-08	177.0775	-37.7850	9.8200	-0.512
GRB150721242	2015-07-21 05:49:08.934	18.432	0.572	1.5940e-05	4.3023e-08	70.2631	-38.7892	1.5000	1.024
GRB191117006	2019-11-17 00:08:28.724	7.424	1.619	5.0855e-07	2.1782e-08	108.6399	22.8827	9.1000	-1.28
GRB210524473	2021-05-24 11:20:34.686	31.168	1.722	1.8246e-06	8.6162e-08	229.1898	43.7739	4.7600	-1.92
GRB210927031	2021-09-27 00:43:57.859	1.088	0.771	1.6839e-07	1.6536e-08	16.0617	44.5374	12.3900	-0.32
GRB151228949	2015-12-28 22:47:12.589	28.672	1.557	3.7810e-06	1.9609e-08	80.8513	-45.2950	0.0002	-2.56
GRB210430904	2021-04-30 21:42:17.665	37.120	1.810	1.5983e-06	2.3636e-08	85.5017	-47.2393	6.4500	-1.536
GRB251108889	2025-11-08 21:19:46.260	1.536	0.286	2.4121e-07	8.0108e-09	226.3696	40.5981	3.2300	-0.256
GRB260226443	2026-02-26 10:37:55.958	173.060	72.713	4.9506e-04	4.2925e-06	165.8955	-44.8795	0.5000	15.36
GRB210813038	2021-08-13 00:54:23.674	82.433	1.448	1.4038e-05	4.0013e-08	126.5334	-54.7130	1.3000	3.84
GRB241025546	2024-10-25 13:06:36.092	37.889	3.416	4.2510e-06	6.6161e-08	28.1861	29.1288	2.5300	-0.512
GRB130318456	2013-03-18 10:56:31.179	121.088	1.448	3.1980e-06	4.8684e-08	325.8245	69.5785	9.9400	-2.816
GRB160928825	2016-09-28 19:48:03.678	6.141	0.572	5.4354e-06	5.1434e-08	218.3091	28.1506	3.1900	0.003
GRB131110373	2013-11-10 08:57:01.343	27.328	1.294	3.2678e-06	3.2899e-08	117.7177	-54.5882	3.9600	-2.304
GRB160825799	2016-08-25 19:10:49.446	6.144	0.362	2.0279e-06	1.1880e-08	66.7365	-35.1854	6.0000	-0.512
GRB251113734	2025-11-13 17:37:30.384	25.088	0.722	1.9752e-05	4.2877e-08	178.2633	-35.9365	1.5000	0.256
GRB150326521	2015-03-26 12:30:42.320	5.888	1.180	4.6905e-07	1.7297e-08	82.0401	-45.7775	12.1100	-0.896
GRB121211695	2012-12-11 16:41:02.769	8.960	1.864	1.3395e-06	3.6512e-08	189.8952	-22.2116	5.2300	-0.512
GRB141221338	2014-12-21 08:07:11.216	23.808	1.717	4.0682e-06	6.2784e-08	319.1273	70.3916	0.0011	-8.704
GRB180208764	2018-02-08 18:20:50.299	17.408	6.276	1.3225e-06	4.9730e-08	314.1255	70.7894	5.1000	-9.472
GRB120227391	2012-02-27 09:22:45.971	19.712	1.717	3.7420e-06	8.3346e-08	196.8143	-11.8913	6.3300	-0.768
GRB240511754	2024-05-11 18:06:20.264	94.978	3.557	1.6960e-05	1.3521e-07	73.2649	-40.0099	0.0005	-1.28
GRB150619287	2015-06-19 06:53:06.689	57.089	2.360	1.6289e-05	8.5614e-08	1.8889	58.6125	1.4400	0.768
GRB161112496	2016-11-12 11:54:29.901	71.422	2.187	3.6138e-06	4.8691e-08	38.7794	7.4708	5.8000	0.003
GRB110529262	2011-05-29 06:17:41.014	45.825	1.810	6.7793e-06	4.3119e-08	252.8929	63.4831	2.1000	0.256
GRB251013762	2025-10-13 18:17:00.388	41.985	2.360	3.6660e-06	3.5939e-08	170.2841	-41.2261	0.0833	2.304
GRB120624933	2012-06-24 22:23:54.934	271.364	4.580	1.9164e-04	1.9778e-07	250.1146	62.4272	0.0000	-257.028
GRB220219473	2022-02-19 11:21:34.096	79.618	0.572	2.9797e-05	3.7338e-08	164.5752	-44.4293	1.0000	0.576
GRB240916609	2024-09-16 14:36:45.125	0.192	0.091	1.4606e-07	6.8491e-09	178.6252	-34.4311	17.6100	-0.064
GRB251114051	2025-11-14 01:13:11.257	45.825	3.593	2.8433e-06	3.1812e-08	56.0790	-21.6308	4.2300	0.256
GRB171208733	2017-12-08 17:35:49.695	2.624	0.810	8.4938e-07	3.8614e-08	215.0229	24.1996	7.5500	-0.896
GRB190910028	2019-09-10 00:39:37.860	9.216	0.923	1.5326e-06	2.0407e-08	12.3753	50.9936	6.5700	-1.792
GRB160223072	2016-02-23 01:44:22.387	117.762	3.208	8.9425e-06	5.8643e-08	226.6904	43.8032	0.0500	1.792
GRB190202069	2019-02-02 01:39:26.210	18.432	1.056	1.7824e-05	3.7153e-08	242.8962	59.0960	0.0002	1.536
GRB180511437	2018-05-11 10:29:52.606	1.984	0.968	7.6532e-07	1.8237e-08	29.6961	26.3855	10.1600	-0.256
GRB201214672	2020-12-14 16:07:46.617	0.448	0.181	9.5388e-08	1.3578e-08	287.6424	71.3921	0.0333	-0.448
GRB240610002	2024-06-10 00:03:18.747	47.361	5.253	6.8039e-06	7.9890e-08	46.4407	-5.9259	3.2400	-12.032
GRB170607971	2017-06-07 23:17:59.567	20.928	2.096	9.4084e-06	5.8779e-08	113.8088	-53.2424	0.0500	-0.128
GRB210711432	2021-07-11 10:21:54.175	1.600	1.139	1.2560e-07	8.0566e-09	79.9780	-43.2931	11.1000	-0.704
GRB150208573	2015-02-08 13:44:31.531	6.912	1.280	4.0017e-07	3.2377e-08	259.7350	66.7095	19.9600	-3.84
GRB220804089	2022-08-04 02:08:32.767	12.032	3.208	8.6991e-07	3.0459e-08	235.8854	53.8009	6.4800	-1.792
GRB120130906	2012-01-30 21:44:54.331	3.584	1.379	5.2480e-07	3.0758e-08	184.4166	-27.6541	5.5500	-1.28
GRB200227306	2020-02-27 07:20:08.703	24.320	1.196	1.1262e-05	6.0822e-08	178.1350	-34.1149	0.0010	1.344
GRB170307851	2017-03-07 20:25:17.495	28.416	1.717	1.4392e-06	2.5529e-08	124.0474	-53.3289	0.0500	-2.304
GRB260219587	2026-02-19 14:04:53.807	22.013	0.809	4.8814e-06	1.9622e-08	244.2275	60.1978	2.6900	0.003
GRB231210553	2023-12-10 13:15:50.511	79.616	4.360	2.3635e-06	4.2757e-08	219.8611	35.7791	14.3800	0.0
GRB120302722	2012-03-02 17:19:59.082	1.600	0.779	1.1869e-07	1.6236e-08	140.9280	-51.5853	13.8700	-0.128
GRB120716712	2012-07-16 17:05:03.908	226.048	1.056	1.2651e-05	3.2161e-08	56.6538	-21.4242	0.0010	0.256
GRB210626991	2021-06-26 23:46:24.876	46.337	1.280	1.2221e-05	3.6136e-08	94.0609	-49.0264	1.4800	0.768
GRB230802999	2023-08-02 23:58:47.917	63.744	4.360	2.5947e-06	5.6997e-08	138.0806	-52.1470	5.8800	-0.768
GRB131108862	2013-11-08 20:41:55.759	18.176	0.572	3.5676e-05	1.3445e-07	232.9246	51.5447	0.0000	0.32
GRB230312812	2023-03-12 19:29:33.814	11.264	1.145	1.1908e-06	2.5545e-08	67.8323	-33.8562	4.7500	-5.376
GRB170329387	2017-03-29 09:17:06.939	33.536	6.149	1.1071e-05	3.8445e-08	97.6003	-49.8458	0.6000	0.256
GRB200706633	2020-07-06 15:12:08.383	17.152	2.064	1.2211e-06	2.8957e-08	213.0975	22.3341	9.9100	-11.776
GRB180423033	2018-04-23 00:47:03.657	54.784	2.360	3.1845e-06	4.7414e-08	346.7266	67.1619	6.7300	-8.192
GRB160804065	2016-08-04 01:34:16.038	131.586	21.723	1.6155e-05	2.4800e-07	6.1642	57.9349	0.0050	-50.689
GRB220521972	2022-05-21 23:20:21.727	13.568	3.899	9.1851e-07	2.8560e-08	38.8245	11.4734	0.0500	-2.048
GRB210306397	2021-03-06 09:32:14.418	15.104	4.536	1.4323e-06	7.5686e-08	70.4473	-35.4823	0.0500	-2.304
GRB120224898	2012-02-24 21:33:07.385	29.184	4.222	2.5990e-06	5.6255e-08	69.7934	-34.9201	3.5900	0.256
GRB200824594	2020-08-24 14:15:38.818	3.584	4.104	5.6679e-07	5.0827e-08	210.0994	17.8619	15.4400	-2.304
GRB230830792	2023-08-30 19:01:09.340	20.992	4.238	2.0740e-06	7.9966e-08	58.4480	-22.7631	3.7500	-2.816
GRB190323879	2019-03-23 21:05:19.785	38.401	0.572	4.1107e-05	3.3953e-08	155.4272	-47.0226	1.0700	5.408
GRB230614424	2023-06-14 10:10:31.074	6.080	0.360	2.0123e-05	7.2426e-08	13.8091	51.8857	1.0000	0.128
GRB250917269	2025-09-17 06:27:44.330	0.192	0.195	3.4572e-07	1.9894e-08	46.7018	-2.3769	0.0500	-0.032
GRB130702951	2013-07-02 22:48:59.526	16.384	4.128	7.5282e-07	3.9790e-08	46.4293	-3.3962	12.9500	-4.096
GRB110926107	2011-09-26 02:33:36.644	75.265	1.280	1.1975e-05	7.0918e-08	186.4969	-23.5486	3.2700	-0.768
GRB200219998	2020-02-19 23:57:10.333	21.632	0.730	1.7464e-05	7.9931e-08	33.3455	22.6294	0.2400	1.024
GRB160806584	2016-08-06 14:00:58.421	1.664	0.453	1.6466e-06	2.7937e-08	38.7150	12.2079	0.5400	-0.192
GRB130623699	2013-06-23 16:46:23.789	7.680	2.560	7.0385e-07	3.6630e-08	43.2613	3.2471	26.2700	-5.632
GRB120420858	2012-04-20 20:35:13.070	254.913	4.222	4.3252e-05	2.1421e-07	206.1434	10.5212	1.1100	0.003
GRB140720280	2014-07-20 06:43:43.125	9.984	0.640	1.8842e-06	2.5396e-08	221.2665	38.9990	11.6200	-2.56
GRB130307238	2013-03-07 05:42:19.325	63.488	1.846	3.9719e-06	5.8536e-08	61.7616	-25.9011	4.4200	-12.288
GRB161005977	2016-10-05 23:26:42.932	19.456	1.639	1.2365e-06	4.3229e-08	22.0639	43.5469	4.3400	-3.072
GRB231124360	2023-11-24 08:38:11.887	22.017	0.923	1.2383e-05	3.9705e-08	20.5799	45.0755	2.0900	-1.536
GRB151001628	2015-10-01 15:04:22.408	23.552	5.938	2.6718e-06	6.4636e-08	18.1762	48.3706	0.0010	-19.968
GRB141208038	2014-12-08 00:55:02.978	14.336	1.448	1.7739e-06	3.0921e-08	21.7805	43.6623	9.4900	-1.024
GRB220115709	2022-01-15 17:00:27.581	25.345	1.717	2.8011e-06	2.7699e-08	202.6826	4.1109	2.8100	-1.024
GRB221025040	2022-10-25 00:58:18.419	0.448	0.143	1.6136e-06	2.3859e-08	216.8316	32.0691	1.3000	-0.064
GRB170124528	2017-01-24 12:40:29.032	0.448	0.559	1.2704e-07	2.0608e-08	119.7413	-51.8019	3.8300	-0.32
GRB250912879	2025-09-12 21:06:23.637	14.592	1.056	1.8820e-06	1.9575e-08	126.2508	-51.7093	0.1130	0.0
GRB210824174	2021-08-24 04:10:03.062	40.192	3.278	3.1454e-06	4.9661e-08	17.2441	49.8557	0.0020	-3.84
GRB140723499	2014-07-23 11:58:04.254	45.056	2.290	2.3460e-05	1.2134e-07	141.0770	-50.0157	2.2300	-4.096
GRB210601724	2021-06-01 17:22:13.537	0.960	0.640	2.0940e-07	1.9989e-08	39.6048	11.8825	19.4800	-0.768
GRB220905433	2022-09-05 10:23:47.910	144.640	3.093	2.1458e-06	2.6168e-08	29.6360	32.2747	6.4900	-4.864
GRB130515755	2013-05-15 18:06:51.391	2.560	0.572	6.8027e-07	2.2753e-08	223.8563	43.9788	10.5000	-0.512
GRB220417578	2022-04-17 13:52:35.964	16.896	7.832	3.9062e-07	4.6417e-08	204.9972	9.3895	8.1500	-3.328
GRB160104475	2016-01-04 11:24:13.220	8.704	2.896	4.8186e-07	2.1459e-08	190.0805	-17.0902	0.0006	-3.584
GRB150131335	2015-01-31 08:03:02.497	8.192	1.448	1.4525e-06	2.7352e-08	128.0578	-51.3819	5.8100	-4.608
GRB180205184	2018-02-05 04:25:25.393	15.360	1.448	2.0606e-06	9.8514e-08	213.1474	26.4471	0.0016	-1.792
GRB151219567	2015-12-19 13:36:22.836	62.720	6.676	4.7949e-06	5.6575e-08	91.4388	-46.1343	5.0500	-0.512
GRB130624093	2013-06-24 02:13:56.084	13.824	5.152	5.1927e-07	2.0937e-08	76.4165	-38.2625	6.9000	-2.816
GRB240612511	2024-06-12 12:16:17.859	79.362	3.367	4.3809e-06	5.1410e-08	69.0630	-32.3908	5.7900	-0.512
GRB110601681	2011-06-01 16:20:16.076	52.206	13.350	1.2371e-05	1.2988e-07	56.9378	-18.4636	3.0000	0.003
GRB160113398	2016-01-13 09:32:30.524	24.576	0.264	3.2654e-05	2.6532e-08	283.2145	73.5384	1.2000	26.176
GRB141230834	2014-12-30 20:00:25.666	28.928	1.493	3.1557e-06	2.9795e-08	266.0832	71.1853	4.2300	-0.256
GRB110531448	2011-05-31 10:45:10.560	38.656	2.360	2.2947e-06	2.5197e-08	294.2625	74.5633	11.0600	-4.864
GRB171022885	2017-10-22 21:14:20.770	13.278	0.558	8.0435e-06	1.6625e-08	3.8284	62.6730	2.5300	0.003
GRB140112060	2014-01-12 01:26:46.894	12.032	5.278	1.5961e-06	4.3755e-08	116.1048	-50.6473	7.1400	-3.328
GRB190324348	2019-03-24 08:21:09.629	52.225	1.493	2.7698e-05	3.8802e-08	191.7861	-13.2219	1.0000	8.96
GRB250302574	2025-03-02 13:46:32.991	56.321	1.864	5.0193e-06	3.3637e-08	21.6339	46.6653	5.3700	0.256
GRB170110967	2017-01-10 23:12:51.030	34.048	12.554	1.2674e-06	3.4436e-08	170.0751	-37.0208	7.1700	-0.256
GRB251218326	2025-12-18 07:49:23.096	23.296	1.846	4.7504e-06	3.0129e-08	129.2825	-50.5865	3.6040	1.024
GRB170305256	2017-03-05 06:09:06.784	0.448	0.072	1.0916e-06	8.2337e-09	158.8363	-43.4714	3.6600	-0.032
GRB241016073	2024-10-16 01:45:33.514	1.472	0.802	1.9672e-07	2.6785e-08	185.7432	-21.6281	14.6600	-0.32
GRB190310398	2019-03-10 09:32:32.569	59.393	0.923	1.9660e-05	4.1126e-08	89.6345	-44.5684	1.2000	2.816
GRB130219626	2013-02-19 15:01:13.946	1.536	1.405	2.0271e-07	1.9771e-08	356.2795	66.9588	16.6800	-1.088
GRB210420215	2021-04-20 05:09:29.204	29.440	2.560	5.1153e-07	3.2048e-08	30.8867	31.6426	21.8200	-3.84
GRB230628849	2023-06-28 20:22:31.563	19.200	1.493	2.3635e-05	3.5001e-07	251.0277	67.6444	1.5900	1.536
GRB240913488	2024-09-13 11:42:36.118	6.272	1.680	2.3831e-06	3.1488e-08	125.5766	-50.5264	3.8200	-1.28
GRB180620354	2018-06-20 08:29:23.298	98.050	1.145	6.5426e-06	6.0049e-08	221.0815	42.4121	3.9100	-69.825
GRB181111654	2018-11-11 15:42:14.825	15.104	0.923	4.5172e-06	4.1456e-08	197.4280	-2.8322	7.2000	-0.768
GRB191108003	2019-11-08 00:04:37.596	125.699	1.145	1.1045e-05	7.9650e-08	23.9860	43.7135	3.0000	1.536
GRB210619532	2021-06-19 12:45:43.730	1.280	0.202	3.2839e-06	4.1574e-08	187.3887	-18.8067	1.6200	-0.064
GRB130606316	2013-06-06 07:35:30.405	24.128	0.410	9.3619e-06	3.9283e-08	79.2328	-38.7598	1.6700	-0.256
GRB250813952	2025-08-13 22:51:11.236	24.064	0.362	1.3979e-05	3.8018e-08	76.7375	-37.0924	0.0362	1.536
GRB161009651	2016-10-09 15:38:07.192	92.160	4.104	6.0674e-06	3.2843e-08	205.6043	13.5644	4.3500	0.256
GRB210929154	2021-09-29 03:41:39.256	1.920	1.675	1.5298e-07	9.6072e-09	62.0099	-23.6090	14.0500	-1.088
GRB150210935	2015-02-10 22:26:24.283	31.294	0.602	2.2199e-05	2.6874e-08	206.2189	14.3844	2.2000	0.003
GRB180404848	2018-04-04 20:20:31.558	0.544	0.842	2.2967e-07	3.9670e-08	201.1888	4.6446	8.5400	-0.48
GRB170120471	2017-01-20 11:18:31.731	28.928	7.697	3.3067e-06	4.5665e-08	35.5080	23.3754	3.8300	-2.048
GRB120608777	2012-06-08 18:38:33.035	24.832	3.840	3.1743e-06	4.3021e-08	59.4481	-19.8571	5.0800	-14.336
GRB210204270	2021-02-04 06:29:25.656	206.852	2.290	7.5698e-05	1.1977e-07	207.3006	17.4214	1.3200	35.841
GRB200215611	2020-02-15 14:39:31.850	24.320	1.950	2.2666e-06	4.2387e-08	152.9825	-45.0708	0.0500	-17.664
GRB180410336	2018-04-10 08:03:27.792	102.402	4.857	2.7022e-06	6.1078e-08	198.4083	-0.1827	0.0050	-2.048
GRB120609580	2012-06-09 13:54:35.623	1.792	0.810	4.1964e-07	2.5291e-08	182.8940	-23.6710	7.5400	-0.768
GRB141004973	2014-10-04 23:20:54.415	2.560	0.607	1.1787e-06	3.3030e-08	188.7474	-16.3017	0.0330	-0.384
GRB170816599	2017-08-16 14:23:03.955	1.600	0.143	3.5294e-06	2.6028e-08	92.0065	-44.6656	0.5000	-0.064
GRB190619018	2019-06-19 00:26:01.777	177.920	4.471	6.7937e-06	4.1782e-08	90.1833	-43.9407	2.0500	-97.792
GRB180905400	2018-09-05 09:36:09.666	7.168	1.056	8.2933e-07	3.0540e-08	49.4406	-3.6631	6.9000	-0.768
GRB180721642	2018-07-21 15:25:07.934	0.064	0.072	4.3443e-08	1.5102e-08	21.7390	48.0431	12.8100	-0.032
GRB260310904	2026-03-10 21:41:23.894	47.678	3.088	3.5109e-06	2.5007e-08	208.5670	20.6373	6.6500	0.003
GRB190719624	2019-07-19 14:58:34.558	175.620	3.083	7.1179e-06	7.0195e-08	24.8959	43.6280	0.0500	0.32
GRB250708619	2025-07-08 14:52:02.950	11.264	1.557	2.4123e-06	4.0361e-08	32.5453	30.4098	5.0200	-0.256
GRB221126547	2022-11-26 13:07:29.943	7.424	0.572	9.3449e-06	2.8966e-08	219.7005	41.8809	1.2400	0.32
GRB171230048	2017-12-30 01:09:48.755	9.984	0.923	8.4900e-06	7.6879e-08	28.5487	37.9072	2.1100	0.768
GRB220514517	2022-05-14 12:24:32.638	66.305	1.557	2.1745e-05	5.4135e-08	222.0184	45.6001	0.0250	0.256
GRB181228120	2018-12-28 02:53:14.963	17.664	0.320	2.1246e-05	5.6298e-08	169.2970	-36.0351	0.0005	1.92
GRB160125368	2016-01-25 08:49:30.756	16.896	2.673	1.2112e-06	3.0192e-08	188.6030	-16.1743	10.8500	-1.536
GRB180222239	2018-02-22 05:44:02.294	50.689	11.056	6.6307e-06	4.9100e-08	173.7008	-32.5860	1.5000	-27.905
GRB231101099	2023-11-01 02:23:16.800	9.216	3.482	4.2679e-07	4.2171e-08	216.1551	36.2640	13.1800	-3.072
GRB230728560	2023-07-28 13:26:47.255	131.587	7.209	5.0212e-06	7.3840e-08	96.5527	-45.7408	8.2800	-107.522
GRB210706346	2021-07-06 08:17:49.856	7.232	0.810	3.9544e-06	4.1326e-08	59.2854	-18.4782	0.0830	-0.256
GRB250330911	2025-03-30 21:52:22.103	0.448	0.101	1.4763e-06	1.0697e-08	205.8198	15.8766	3.0800	-0.032
GRB240913140	2024-09-13 03:21:41.707	31.744	1.280	1.2563e-06	3.6666e-08	183.0679	-22.1010	5.9700	-1.024
GRB130215063	2013-02-15 01:31:26.024	143.746	13.029	1.8583e-05	3.2686e-07	163.0757	-39.7686	0.0500	-5.632
GRB220520876	2022-05-20 21:01:37.712	1.280	0.345	2.1076e-07	1.2489e-08	264.6873	73.1248	11.8700	-0.768
GRB221228204	2022-12-28 04:53:14.796	86.274	1.056	5.8534e-06	3.5568e-08	48.5600	-0.0896	5.3900	0.512
GRB140821997	2014-08-21 23:56:02.842	32.513	1.639	5.5145e-05	1.0608e-07	248.0756	68.2740	1.0000	10.752
GRB211204493	2021-12-04 11:50:05.858	139.266	1.493	2.0289e-05	7.4441e-08	38.6461	19.2447	2.9200	4.352
GRB140406144	2014-04-06 03:26:48.185	37.120	4.291	2.3492e-06	8.7395e-08	184.1975	-21.1888	5.8600	-4.096
GRB140517813	2014-05-17 19:31:17.692	18.941	1.618	4.7321e-06	3.9524e-08	211.4858	28.1067	2.1700	0.003
GRB220530465	2022-05-30 11:09:58.514	8.960	4.167	7.4287e-07	4.2247e-08	229.6330	55.9542	8.5000	-2.304
GRB161012416	2016-10-12 09:58:23.072	44.288	3.328	1.5811e-06	3.3118e-08	104.6562	-47.4969	7.1400	-22.016
GRB241228176	2024-12-28 04:13:05.391	19.456	0.362	4.2677e-05	2.0769e-08	208.6698	23.3441	1.6900	1.6
GRB150901924	2015-09-01 22:10:44.471	0.256	1.145	1.5455e-07	3.2352e-08	128.1160	-49.2116	17.1200	-0.064
GRB170121133	2017-01-21 03:10:52.025	1.600	0.905	3.7107e-07	2.4160e-08	26.9229	42.4047	9.0800	-1.472
GRB120512112	2012-05-12 02:41:44.334	18.176	1.350	1.2404e-05	7.1173e-08	68.4785	-28.6218	0.0217	0.384
GRB160216801	2016-02-16 19:12:54.512	7.677	0.571	9.9001e-06	2.1778e-08	212.1085	29.6717	2.8100	0.003
GRB170501467	2017-05-01 11:11:53.790	47.360	3.415	5.3927e-06	4.1430e-08	198.0912	1.1433	2.7400	-0.768
GRB210424778	2021-04-24 18:40:11.447	43.776	7.701	9.1155e-07	4.4533e-08	117.1846	-48.9785	14.0600	-2.816
GRB140414693	2014-04-14 16:38:37.966	25.600	2.202	5.9855e-06	4.4821e-08	164.9241	-38.1227	2.3000	-11.776
GRB130912358	2013-09-12 08:34:57.996	0.512	0.143	7.0061e-07	1.7740e-08	166.6135	-36.8293	0.0010	-0.064
GRB220501828	2022-05-01 19:51:50.736	51.201	3.620	3.3070e-06	3.1881e-08	192.3843	-8.3918	0.0500	0.256
GRB121104627	2012-11-04 15:02:15.495	59.137	7.241	4.4463e-06	1.1651e-07	184.9812	-19.2717	4.0500	-1.024
GRB121102064	2012-11-02 01:32:47.937	2.048	1.379	5.6716e-07	6.2265e-08	35.1384	27.8695	12.1500	-1.536
GRB170722525	2017-07-22 12:36:13.827	37.376	3.916	3.4625e-06	5.6019e-08	168.6198	-35.0713	4.4900	0.0
GRB210512789	2021-05-12 18:56:03.318	0.832	0.730	1.9063e-07	1.9409e-08	215.5525	37.4005	14.5100	-0.192
GRB230817502	2023-08-17 12:02:56.556	45.313	1.557	2.1388e-05	4.7299e-08	69.1377	-28.4816	3.3100	2.816
GRB240702885	2024-07-02 21:14:50.827	21.248	0.724	4.5413e-06	1.7870e-08	83.1418	-38.9658	4.1400	2.048
GRB240905186	2024-09-05 04:27:16.140	1.280	0.202	7.8480e-06	9.6601e-09	39.3230	19.4582	0.2000	0.0
GRB251014865	2025-10-14 20:45:58.960	25.601	2.064	2.5607e-06	3.2390e-08	213.3023	33.3667	5.0900	-1.28
GRB210610827	2021-06-10 19:51:05.054	55.041	0.724	1.1042e-04	5.4766e-08	28.6580	40.9343	0.0019	19.712
GRB150716552	2015-07-16 13:14:38.785	32.768	5.684	1.0851e-06	3.2184e-08	47.5134	3.2699	8.9700	-6.912
GRB210610628	2021-06-10 15:03:42.749	8.192	2.064	1.2845e-06	4.1164e-08	345.2691	73.4572	0.0006	-3.328
GRB111228453	2011-12-28 10:52:50.520	2.944	0.979	2.7472e-06	4.2716e-08	73.1151	-31.6251	3.5700	0.096
GRB170206453	2017-02-06 10:51:57.696	1.168	0.102	1.0153e-05	1.1765e-07	2.6766	67.5363	0.8500	0.208
GRB250502426	2025-05-02 10:13:53.168	18.173	0.571	3.4854e-06	1.7362e-08	60.4831	-17.9707	2.2800	0.003
GRB121012724	2012-10-12 17:22:16.386	0.448	0.091	1.2729e-06	1.0012e-08	151.0067	-43.7630	6.7800	-0.128
GRB210615892	2021-06-15 21:23:51.505	6.400	1.379	1.8292e-06	2.9021e-08	205.2014	17.2479	5.0900	-0.256
GRB170530581	2017-05-30 13:56:12.786	19.456	1.145	3.4046e-06	3.3977e-08	205.9723	19.1902	5.3900	-6.912
GRB140828288	2014-08-28 06:54:12.179	23.552	7.799	3.7583e-06	1.4971e-07	217.0797	41.1976	0.0500	-4.096
GRB201019484	2020-10-19 11:36:22.276	13.568	2.187	3.1099e-06	6.3822e-08	231.4837	59.8903	4.8300	-1.536
GRB130216927	2013-02-16 22:15:21.419	6.592	0.345	5.9199e-06	6.0640e-08	181.8383	-22.2010	0.0000	-0.192
GRB150605782	2015-06-05 18:46:19.036	0.176	1.243	7.6057e-08	1.8407e-08	9.9072	63.6305	12.7200	-0.048
GRB250316375	2025-03-16 08:59:57.692	36.865	1.864	3.8461e-06	3.2573e-08	12.1944	62.2602	0.0800	1.024
GRB191001279	2019-10-01 06:41:50.579	24.000	1.145	4.5795e-06	4.7561e-08	57.0032	-12.0027	0.0050	-3.712
GRB190831332	2019-08-31 07:57:31.191	40.961	3.338	3.6175e-06	2.5963e-08	180.1631	-23.7783	4.9600	-3.84
GRB210725048	2021-07-25 01:08:29.397	6.976	0.689	2.9676e-06	3.4046e-08	80.8221	-36.6542	1.6100	0.064
GRB160711968	2016-07-11 23:13:26.461	25.344	4.762	8.9456e-07	2.7132e-08	126.1315	-47.8766	19.3100	-19.456
GRB130720116	2013-07-20 02:46:40.720	48.640	3.874	4.2429e-06	4.8882e-08	29.1429	41.5327	6.5800	-0.256
GRB221023862	2022-10-23 20:41:34.923	39.169	0.724	3.4068e-04	1.0456e-07	21.4573	53.1895	0.0400	3.136
GRB250527713	2025-05-27 17:06:07.257	17.152	3.974	1.6199e-06	5.2150e-08	147.2072	-44.4826	9.7100	-1.28
GRB140122597	2014-01-22 14:19:47.783	3.584	1.864	9.0539e-07	5.2717e-08	173.0483	-30.4963	5.2600	-0.256
GRB180612785	2018-06-12 18:50:07.451	101.122	1.056	1.5536e-05	5.7748e-08	126.7486	-47.6829	1.2100	0.256
GRB210326057	2021-03-26 01:22:24.926	0.576	0.345	1.5879e-07	2.6594e-08	174.5749	-29.1846	39.1700	-0.128
GRB250119945	2025-01-19 22:41:06.302	1.024	0.810	3.4988e-07	1.2778e-08	231.1004	60.4940	8.8100	-0.128
GRB190724031	2019-07-24 00:43:56.792	0.080	1.136	3.6815e-07	1.1379e-08	238.1473	65.8924	13.6200	-0.032
GRB190325999	2019-03-25 23:58:57.211	316.933	5.146	1.5435e-05	6.1484e-08	50.8425	-1.2897	2.1600	2.56
GRB191017957	2019-10-17 22:58:20.586	3.136	2.099	3.2389e-07	3.6682e-08	212.6335	34.8517	12.3900	-0.32
GRB140729026	2014-07-29 00:36:53.709	55.553	4.382	8.0522e-06	7.2776e-08	308.0716	78.1782	0.3400	0.512
GRB210120299	2021-01-20 07:10:44.704	22.205	1.864	3.4761e-06	2.5823e-08	229.8935	60.0587	0.0000	0.004
GRB110825102	2011-08-25 02:26:50.938	62.465	0.231	4.6129e-05	1.1104e-07	162.9486	-37.3150	0.1490	11.648
GRB221022955	2022-10-22 22:55:48.912	31.744	0.572	7.6214e-05	2.8360e-08	234.1251	63.6412	1.8200	9.216
GRB160131174	2016-01-31 04:09:56.714	205.315	1.810	1.1794e-05	9.3259e-08	203.3516	15.8562	4.7100	-0.768
GRB180816930	2018-08-16 22:19:52.324	19.456	5.473	1.9463e-06	2.4263e-08	4.0527	68.5353	6.6700	-6.4
GRB220617772	2022-06-17 18:31:12.902	0.704	0.231	6.5653e-07	1.0941e-08	224.6900	54.7556	0.0900	-0.128
GRB160406023	2016-04-06 00:32:44.666	23.040	6.831	3.0057e-06	3.1839e-08	21.5998	54.6784	6.7200	-6.912
GRB161207813	2016-12-07 19:31:22.468	36.352	3.114	4.3269e-06	6.7651e-08	174.6131	-28.1780	6.4600	-2.304
GRB170228773	2017-02-28 18:33:00.364	46.081	3.367	7.9632e-06	6.1773e-08	99.9708	-44.1036	3.1800	-0.256
GRB210323502	2021-03-23 12:03:33.093	13.568	2.202	5.8568e-07	4.5551e-08	37.2631	27.3959	0.0013	-4.352
GRB201105230	2020-11-05 05:31:07.759	17.152	0.466	4.3279e-05	6.4913e-08	30.9520	41.0571	1.0000	1.6
GRB130116415	2013-01-16 09:58:14.219	66.816	6.085	9.2714e-07	3.4770e-08	155.8155	-40.5511	29.8500	-4.096
GRB130702004	2013-07-02 00:05:23.079	58.881	6.192	5.7156e-06	1.2069e-07	11.3570	64.6363	0.0004	0.768
GRB190428783	2019-04-28 18:48:12.460	16.640	2.828	4.4002e-06	2.5351e-08	144.7804	-44.2759	2.5900	-0.512
GRB180728882	2018-07-28 21:09:58.913	0.832	0.580	1.3086e-06	1.9582e-08	16.5240	60.7058	2.8800	-0.064
GRB221020225	2022-10-20 05:23:52.826	17.408	0.923	5.0134e-06	4.0981e-08	239.7484	68.4335	2.9700	-1.28
GRB160628579	2016-06-28 13:53:37.467	23.040	1.145	3.8891e-06	2.2983e-08	45.4114	11.1895	4.1600	-10.752
GRB251103199	2025-11-03 04:46:28.113	4.544	0.410	6.4595e-06	5.9404e-08	217.6383	46.0823	0.0355	-0.384
GRB200626105	2020-06-26 02:31:31.752	3.520	1.548	3.7779e-07	1.0373e-08	191.4448	-5.8504	15.1700	-0.576
GRB150717795	2015-07-17 19:04:26.720	9.984	1.280	1.2374e-06	2.6124e-08	26.9683	48.1527	7.3100	-0.512
GRB250612620	2025-06-12 14:53:16.582	1.616	0.058	2.2158e-05	1.3703e-08	202.7931	16.3202	1.4100	0.08
GRB241115191	2024-11-15 04:35:33.957	5.120	0.572	1.9545e-06	2.0447e-08	36.8360	29.7681	4.9100	-0.256
GRB160724444	2016-07-24 10:40:02.655	11.008	0.572	1.1523e-05	2.3070e-08	172.3871	-29.4577	1.2100	-0.032
GRB250902062	2025-09-02 01:30:00.492	8.448	0.362	2.8585e-05	1.3339e-08	225.2116	57.0942	1.0000	0.768
GRB230129542	2023-01-29 13:00:26.187	47.873	2.611	3.2057e-06	3.7150e-08	14.8052	62.9478	4.9600	0.256
GRB230524255	2023-05-24 06:06:35.807	35.329	1.863	3.5896e-06	6.9151e-08	246.8886	72.1203	3.2200	0.256
GRB190531312	2019-05-31 07:29:11.825	57.089	0.923	6.1896e-06	4.3737e-08	134.3350	-45.7889	2.1800	-0.256
GRB120727681	2012-07-27 16:20:19.529	10.496	1.639	9.2348e-06	7.3817e-08	154.8920	-40.2506	1.0000	-0.224
GRB220525008	2022-05-25 00:10:54.241	16.128	0.572	1.4894e-05	2.1637e-08	123.6361	-46.4730	0.4167	-6.4
GRB160727971	2016-07-27 23:17:49.269	3.136	2.294	7.1259e-07	5.0472e-08	216.8357	45.4337	3.8600	-2.24
GRB190218330	2019-02-18 07:54:33.343	50.177	0.923	2.5412e-05	3.4242e-08	52.6662	-2.1520	1.2000	-0.512
GRB230201831	2023-02-01 19:56:48.104	84.738	2.996	1.3028e-05	1.0143e-07	142.5166	-44.1403	2.1600	-2.048
GRB201216963	2020-12-16 23:07:25.754	29.953	0.572	1.3632e-04	7.8642e-08	127.8009	-46.2223	0.0010	5.376
GRB120122300	2012-01-22 07:12:06.037	16.701	1.881	2.5999e-06	4.8448e-08	195.4004	2.0868	2.6900	0.003
GRB181014479	2018-10-14 11:30:14.618	33.537	2.996	1.0197e-05	8.8568e-08	22.8829	55.0351	1.2900	-1.024
GRB240109168	2024-01-09 04:01:35.209	0.256	0.854	9.5160e-08	1.4078e-08	56.2730	-8.0462	0.0500	-0.064
GRB190716019	2019-07-16 00:27:59.548	61.184	6.582	2.5782e-06	6.2189e-08	181.9014	-19.1797	6.2500	-36.096
GRB250202165	2025-02-02 03:57:17.323	89.088	1.448	1.7284e-04	4.0579e-07	90.8754	-40.0711	1.4300	1.024
GRB211225014	2021-12-25 00:20:28.067	9.472	2.360	1.4806e-05	5.0300e-07	206.8174	26.6414	6.3900	-1.024
GRB130612141	2013-06-12 03:22:23.361	7.424	6.192	6.8023e-07	6.2593e-08	38.4282	27.7041	0.0700	-2.56
GRB220214002	2022-02-14 00:02:40.608	78.082	1.717	4.3497e-06	4.6416e-08	207.4231	27.7139	3.9100	-46.337
GRB240502228	2024-05-02 05:28:41.884	22.784	4.352	3.7345e-07	4.1074e-08	202.4238	16.8870	0.0330	-2.304
GRB120415076	2012-04-15 01:49:57.682	12.544	4.128	2.2296e-06	5.6946e-08	8.6820	68.2265	4.3600	-0.512
GRB240229588	2024-02-29 14:07:07.026	28.673	0.923	2.0887e-05	2.9108e-08	333.6857	78.1039	1.2100	3.072
GRB190303240	2019-03-03 05:45:22.235	64.768	6.085	5.8065e-06	3.6381e-08	53.9078	-3.6968	8.4400	-6.912
GRB220117199	2022-01-17 04:45:55.965	115.458	1.999	4.7800e-06	5.1703e-08	49.5128	4.4887	0.0333	-1.792
GRB200228469	2020-02-28 11:14:43.894	14.080	1.280	6.9233e-07	2.4794e-08	35.4836	34.6942	0.0020	-3.328
GRB120905657	2012-09-05 15:46:21.166	195.587	16.795	1.9567e-05	6.3164e-07	100.6159	-42.9335	1.8000	-7.168
GRB200604778	2020-06-04 18:39:45.859	70.400	13.178	1.9798e-06	5.1164e-08	127.2118	-45.7680	9.9500	-8.96
GRB170422343	2017-04-22 08:13:54.623	25.344	0.572	2.1568e-05	2.5015e-08	281.2712	78.9736	1.2100	8.672
GRB240918872	2024-09-18 20:55:11.161	11.264	2.187	1.5720e-06	2.7488e-08	18.0311	61.6159	10.4100	-4.352
GRB150728151	2015-07-28 03:37:26.494	1.728	0.373	6.3255e-07	1.8251e-08	196.6210	5.6157	7.5300	0.0
GRB150802207	2015-08-02 04:57:42.354	9.984	1.493	1.8974e-06	3.4944e-08	343.6097	77.2194	4.5400	-3.072
GRB231020900	2023-10-20 21:35:52.907	22.528	0.572	3.8240e-05	6.4979e-08	19.1778	61.0209	1.0000	1.792
GRB170711713	2017-07-11 17:06:36.477	1.152	1.288	5.6000e-07	2.2029e-08	46.5932	11.4274	7.9600	-0.832
GRB200401292	2020-04-01 07:00:28.807	4.480	0.543	6.6845e-07	2.0801e-08	213.1396	41.4133	13.6700	-3.328
GRB190415173	2019-04-15 04:09:49.964	52.481	0.810	6.0128e-05	2.6216e-08	142.5218	-43.1708	1.0000	0.8
GRB240619155	2024-06-19 03:43:31.003	36.126	0.586	1.0032e-05	3.2157e-08	225.6123	59.9514	1.6100	0.003
GRB240123742	2024-01-23 17:48:03.218	11.520	1.056	2.3687e-06	1.6517e-08	63.0458	-16.6782	6.8600	-0.512
GRB210210713	2021-02-10 17:07:07.657	64.513	1.305	9.8827e-06	4.1384e-08	354.7525	74.9686	5.0200	-4.864
GRB210405351	2021-04-05 08:24:59.016	14.848	3.328	9.5136e-07	3.4558e-08	140.3464	-43.6813	14.9700	-8.704
GRB160423066	2016-04-23 01:34:46.148	11.968	2.248	8.1309e-07	3.2340e-08	100.6787	-42.4058	6.9200	-0.64
GRB160106948	2016-01-06 22:45:30.929	39.425	0.724	4.5257e-05	9.1402e-08	253.5758	75.8023	1.1100	3.584
GRB211104782	2021-11-04 18:46:10.805	0.704	0.640	2.1187e-06	4.2771e-07	128.3334	-45.1743	22.1900	-0.704
GRB120830702	2012-08-30 16:51:36.680	49.665	4.382	5.6550e-06	3.3365e-08	200.1984	14.0800	3.3900	-15.616
GRB191202867	2019-12-02 20:48:51.230	30.721	0.810	1.9505e-05	3.4499e-08	35.0635	37.1359	0.2420	1.024
GRB161012214	2016-10-12 05:07:50.896	11.008	1.379	9.9996e-07	4.1495e-08	75.3434	-29.1845	12.6900	-5.12
GRB130522510	2013-05-22 12:14:31.135	27.904	3.367	3.9918e-06	3.3348e-08	209.8617	35.3508	4.9000	-0.512
GRB180722418	2018-07-22 10:01:39.884	51.457	7.953	5.6258e-06	6.3212e-08	64.1377	-17.4953	5.7500	-2.048
GRB120824594	2012-08-24 14:16:00.734	111.618	7.241	5.9192e-06	4.1643e-08	181.2344	-18.0958	3.0000	-8.192
GRB110906302	2011-09-06 07:15:13.419	23.936	2.550	3.7958e-06	3.1430e-08	140.6946	-43.3570	4.0300	-5.376
GRB251214008	2025-12-14 00:11:15.166	5.888	1.145	2.1211e-06	2.0341e-08	218.2089	51.6576	4.8600	-0.256
GRB141122956	2014-11-22 22:56:28.654	4.096	1.717	2.2196e-07	2.8849e-08	183.7853	-14.2360	16.1400	-2.048
GRB220511571	2022-05-11 13:41:56.870	16.000	14.017	7.3768e-06	2.8581e-08	50.7905	4.0798	0.0100	-11.712
GRB121210081	2012-12-10 01:56:01.527	12.800	3.238	2.0243e-06	6.0656e-08	348.6029	77.0645	8.2500	-1.536
GRB140328560	2014-03-28 13:26:26.028	4.160	0.653	7.4671e-07	1.2466e-08	68.2369	-21.7729	14.7000	-1.088
GRB210822729	2021-08-22 17:30:24.489	2.176	0.898	9.0505e-07	3.0179e-08	30.4223	47.4133	4.7500	-0.064
GRB171002969	2017-10-02 23:15:13.153	7.936	1.864	1.5448e-06	3.3752e-08	240.1177	72.1991	6.8600	-0.512
GRB141213300	2014-12-13 07:12:15.429	0.768	0.513	6.5815e-07	1.9727e-08	35.0782	38.5122	8.7200	-0.064
GRB181226600	2018-12-26 14:23:45.821	5.120	1.379	7.2230e-07	3.7813e-08	165.7929	-32.0725	10.8600	-1.28
GRB221014021	2022-10-14 00:29:46.292	0.320	1.032	3.3892e-08	1.2953e-08	189.2676	-6.1640	14.9900	-0.384
GRB200216564	2020-02-16 13:32:34.755	12.032	3.874	1.2550e-06	6.1489e-08	220.3859	59.3474	0.0006	-1.024
GRB170705115	2017-07-05 02:45:51.032	22.781	1.377	1.3382e-05	6.3103e-08	295.8114	81.1152	0.0005	0.004
GRB240509721	2024-05-09 17:17:54.174	38.656	3.114	1.8118e-06	1.8614e-08	31.5077	45.6626	15.7200	-32.768
GRB131212814	2013-12-12 19:32:29.855	7.424	4.720	4.7458e-07	4.9784e-08	45.3824	16.1058	15.2700	-3.584
GRB140113624	2014-01-13 14:58:25.793	4.608	2.360	5.7043e-07	3.8607e-08	75.0489	-28.1473	12.2800	-0.768
GRB191125634	2019-11-25 15:12:45.686	46.336	8.208	2.7194e-06	5.4686e-08	98.3413	-40.9526	4.1300	-3.84
GRB230802285	2023-08-02 06:50:22.229	38.145	1.717	1.2848e-05	1.7993e-07	182.7034	-12.8999	2.7400	-12.8
GRB170830069	2017-08-30 01:38:44.227	216.835	4.290	5.1396e-06	5.2222e-08	97.7760	-40.6494	4.6200	0.512
GRB230514996	2023-05-14 23:54:17.432	5.888	1.846	1.3664e-06	3.3864e-08	144.2005	-41.8547	4.2400	-1.28
GRB111228657	2011-12-28 15:45:30.803	99.842	2.111	1.8138e-05	5.7948e-08	216.3249	49.7482	0.0010	-49.409
GRB170403583	2017-04-03 13:59:17.798	0.480	0.378	3.8130e-07	1.9850e-08	39.9958	28.7374	0.7000	-0.096
GRB240619466	2024-06-19 11:10:47.364	20.992	3.083	8.2726e-07	2.3450e-08	201.7385	19.6662	20.9200	-0.256
GRB150226948	2015-02-26 22:45:49.000	32.768	4.536	8.4218e-07	2.0489e-08	220.6104	56.5895	11.3000	-3.584
GRB240429628	2024-04-29 15:04:28.926	2.048	0.905	5.7502e-07	1.2548e-08	124.0339	-44.3746	8.8700	-0.448
GRB120430980	2012-04-30 23:30:43.349	14.592	2.172	5.5572e-07	2.0683e-08	162.8786	-33.4737	5.7500	-2.304
GRB180210517	2018-02-10 12:24:38.548	38.913	0.724	4.4195e-05	4.8289e-08	108.5678	-43.0865	0.0005	4.096
GRB181126162	2018-11-26 03:52:50.350	1.664	0.453	4.8316e-07	3.1581e-08	185.7942	-9.9807	7.0200	-1.472
GRB180116026	2018-01-16 00:36:52.807	59.904	11.546	1.7318e-06	1.9390e-08	16.4500	67.5345	0.1300	-1.792
GRB191101895	2019-11-01 21:28:50.523	10.496	1.086	9.6551e-07	4.0486e-08	217.2516	53.2190	7.8400	-8.448
GRB211027244	2021-10-27 05:51:52.696	19.968	2.611	1.6472e-06	2.2591e-08	48.2142	12.1655	6.1400	-3.584
GRB140105748	2014-01-05 17:56:32.642	0.576	0.716	1.3030e-07	2.1942e-08	38.1508	34.6870	3.9500	-0.192
GRB240317405	2024-03-17 09:43:55.302	14.141	0.408	9.2856e-06	1.8508e-08	23.8204	60.3771	4.4500	0.003
GRB170821265	2017-08-21 06:22:00.848	52.992	12.312	2.3688e-06	6.0493e-08	38.2340	34.7325	3.9600	-1.536
GRB240608104	2024-06-08 02:29:24.293	71.425	5.976	3.8774e-06	7.9331e-08	77.1640	-29.0800	3.0900	-31.233
GRB150110433	2015-01-10 10:23:38.232	74.304	0.716	7.9692e-06	5.7576e-08	17.6956	66.3579	1.0000	-1.344
GRB200403974	2020-04-03 23:21:57.371	18.432	3.208	2.1690e-06	5.4348e-08	163.7844	-32.1190	5.0400	-14.08
GRB210620666	2021-06-20 15:59:29.600	98.306	1.280	8.0622e-06	5.3735e-08	200.4935	18.8699	3.2000	-28.673
GRB130109206	2013-01-09 04:56:26.261	8.960	1.208	2.5352e-06	6.7822e-08	128.9033	-43.4187	3.7200	-3.584
GRB150131951	2015-01-31 22:49:26.183	8.192	3.444	2.4878e-06	9.1137e-08	174.2577	-23.3365	5.3100	-0.256
GRB190727668	2019-07-27 16:01:52.277	47.361	0.724	9.7679e-06	3.2282e-08	24.8860	60.0359	1.0000	-0.256
GRB110622158	2011-06-22 03:47:19.105	70.401	0.773	5.4266e-05	1.5389e-07	207.6654	35.8287	1.7900	6.08
GRB210406949	2021-04-06 22:46:05.228	19.712	0.572	2.5706e-05	3.3959e-08	114.8452	-42.8970	1.5000	1.024
GRB190805199	2019-08-05 04:46:00.970	21.504	1.619	8.0824e-06	5.5681e-08	10.2085	72.7236	2.6100	-0.512
GRB201120402	2020-11-20 09:38:50.553	8.192	1.604	5.5233e-07	2.7546e-08	48.3119	13.1336	15.6000	-3.776
GRB231222310	2023-12-22 07:26:02.193	120.834	1.639	7.4680e-06	9.3857e-08	38.1407	36.2218	0.3000	-2.048
GRB170616165	2017-06-16 03:58:07.483	56.320	6.085	1.8771e-06	3.4852e-08	164.0447	-31.2571	12.1200	0.0
GRB231012231	2023-10-12 05:32:20.556	0.832	1.154	4.7843e-07	2.1901e-08	143.8088	-40.4199	4.7900	0.0
GRB150201040	2015-02-01 00:56:54.289	0.512	1.154	6.5443e-08	2.0535e-08	113.6724	-42.6012	13.9200	-0.32
GRB141118678	2014-11-18 16:15:50.310	4.352	0.572	3.2983e-06	2.8093e-08	218.4440	57.3992	2.1900	-1.28
GRB220826431	2022-08-26 10:21:19.718	8.192	0.572	2.4548e-06	1.7748e-08	99.9565	-39.7713	1.8300	-0.256
GRB221009553	2022-10-09 13:16:59.988	325.831	6.785	3.8836e-02	5.5020e-05	52.9593	4.3228	0.0500	221.125
GRB200127758	2020-01-27 18:11:18.671	33.025	2.919	4.9307e-06	4.5381e-08	182.1003	-12.8638	3.2600	1.28
GRB170708046	2017-07-08 01:06:11.256	0.144	0.045	7.9242e-07	1.1866e-08	81.5908	-30.9376	0.5000	-0.016
GRB180525151	2018-05-25 03:37:59.082	0.544	0.689	1.4069e-07	1.4025e-08	195.2246	9.3067	14.9000	-0.064
GRB230614009	2023-06-14 00:12:15.466	24.064	1.950	2.9822e-06	4.2925e-08	206.1696	33.9104	7.4300	-4.096
GRB230118996	2023-01-18 23:54:10.156	7.168	1.056	1.1474e-06	2.9825e-08	77.6361	-27.7270	10.9800	-0.512
GRB150721431	2015-07-21 10:21:06.447	0.320	0.181	1.2084e-07	1.5680e-08	38.8340	36.1723	29.3200	-0.064
GRB110728056	2011-07-28 01:20:22.816	0.704	0.231	3.2668e-07	6.2992e-08	223.5645	64.9935	2.5600	-0.128
GRB170825500	2017-08-25 12:00:05.998	7.168	0.572	6.5062e-06	1.4159e-08	111.2682	-41.9150	3.7600	0.256
GRB150412931	2015-04-12 22:20:36.202	0.640	0.861	4.1528e-07	2.9661e-08	23.2386	64.0011	8.1100	-0.448
GRB190619595	2019-06-19 14:16:25.891	134.914	1.639	2.5854e-05	1.0480e-07	54.5317	2.1685	1.8200	-30.977
GRB160308709	2016-03-08 17:00:39.271	88.064	3.727	8.2016e-07	2.8393e-08	204.6418	31.0512	10.7500	-1.28
GRB140224382	2014-02-24 09:10:17.167	2.304	2.111	6.5848e-07	4.2604e-08	110.2761	-41.5088	5.9300	-0.512
GRB180206203	2018-02-06 04:52:03.002	0.448	0.181	3.3196e-07	1.5270e-08	30.2187	54.8170	7.6300	-0.32
GRB190406450	2019-04-06 10:47:20.324	11.776	3.114	1.2799e-06	2.9508e-08	102.9034	-39.9373	11.5200	-6.4
GRB140917512	2014-09-17 12:17:06.416	16.512	0.689	6.2211e-06	4.9016e-08	227.1951	69.2524	6.1800	-0.096
GRB230506214	2023-05-06 05:08:16.650	26.369	2.290	1.7535e-05	6.7012e-08	57.0495	-1.8516	1.6500	2.304
GRB240428627	2024-04-28 15:02:54.327	10.240	2.919	1.6098e-06	2.5129e-08	236.3335	74.9925	5.2800	-1.024
GRB201223173	2020-12-23 04:09:46.408	25.600	6.192	5.8228e-06	1.0351e-07	244.9022	78.1219	2.5300	-16.896
GRB170325331	2017-03-25 07:56:58.041	0.576	0.326	2.5747e-07	1.2379e-08	203.9784	30.4747	0.0300	-0.064
GRB120519721	2012-05-19 17:18:14.970	1.056	0.451	9.5949e-07	1.6695e-08	239.9560	76.7343	2.6900	-0.048
GRB240205852	2024-02-05 20:26:30.713	1.792	0.653	6.4210e-07	1.4491e-08	59.4696	-5.6251	6.0100	-1.536
GRB190330694	2019-03-30 16:39:32.274	36.097	0.810	1.1546e-05	3.7269e-08	186.4212	-5.4865	2.5500	0.512
GRB180731891	2018-07-31 21:23:21.639	31.233	2.828	9.0490e-06	3.4564e-08	63.7061	-11.8697	2.1500	-0.256
GRB181016718	2018-10-16 17:13:25.403	0.080	0.788	6.1424e-08	2.1623e-08	119.5567	-42.0515	15.4900	-0.032
GRB201201120	2020-12-01 02:52:14.911	44.288	8.708	2.5914e-06	5.5694e-08	63.1203	-10.6623	8.8100	-39.68
GRB230806217	2023-08-06 05:13:08.265	48.897	5.894	3.0861e-06	5.4361e-08	172.0475	-23.6346	2.2700	-0.256
GRB150705009	2015-07-05 00:13:36.934	20.992	1.717	3.8183e-06	5.7790e-08	194.0467	9.0332	2.9700	-13.312
GRB251217191	2025-12-17 04:35:34.892	48.637	2.996	3.4171e-06	3.8832e-08	74.5384	-23.8533	6.6300	0.004
GRB231028173	2023-10-28 04:09:06.657	34.817	0.572	1.7414e-05	2.4396e-08	19.6198	69.7147	0.0500	2.048
GRB191113578	2019-11-13 13:52:44.522	11.776	2.360	1.2546e-06	3.4521e-08	58.4077	-3.1829	5.8300	-0.256
GRB160917456	2016-09-17 10:56:11.859	14.592	1.448	5.3555e-06	2.5266e-08	356.1307	80.0711	3.7300	-4.608
GRB240616234	2024-06-16 05:36:43.101	0.016	0.512	6.3378e-08	1.7181e-08	212.1127	50.0472	8.7900	-0.032
GRB210912522	2021-09-12 12:31:34.292	2.560	5.184	1.7788e-07	3.4572e-08	84.6468	-31.2894	12.2200	-2.816
GRB250226274	2025-02-26 06:34:57.334	61.441	2.111	6.9511e-06	4.1527e-08	27.6696	60.7480	0.0056	-0.512
GRB150922718	2015-09-22 17:13:42.887	15.872	5.838	1.1823e-06	5.8398e-08	188.7395	-0.7734	10.4200	-10.496
GRB190914345	2019-09-14 08:16:34.631	132.098	3.665	7.3690e-06	4.4766e-08	129.8326	-41.1225	14.8600	-7.68
GRB170929699	2017-09-29 16:46:16.238	8.960	0.724	3.0398e-06	2.2519e-08	141.4095	-39.6674	3.9400	-1.28
GRB250321030	2025-03-21 00:42:39.017	6.400	2.560	1.1928e-06	3.9511e-08	57.1135	-0.6916	0.0500	-0.512
GRB170826369	2017-08-26 08:51:07.514	0.256	0.091	5.0556e-07	1.4422e-08	174.2255	-20.6868	0.8560	-0.16
GRB240125867	2024-01-25 20:48:42.607	0.256	0.345	1.1899e-07	1.4065e-08	184.0433	-8.2594	16.9600	-0.032
GRB240314480	2024-03-14 11:31:07.456	18.176	4.615	1.4393e-06	4.2015e-08	207.7601	43.8941	6.2700	-2.304
GRB160522445	2016-05-22 10:41:01.252	43.777	5.400	5.7739e-06	4.3197e-08	194.6406	11.0387	2.5200	-0.768
GRB220516525	2022-05-16 12:35:37.674	17.408	2.415	2.1408e-06	2.7754e-08	197.3443	16.8623	7.9400	-7.168
GRB250119352	2025-01-19 08:27:01.674	255.493	0.572	8.8582e-05	5.4524e-08	63.0451	-9.8300	1.0000	14.592
GRB230803642	2023-08-03 15:25:09.727	55.552	10.828	1.2888e-06	5.5009e-08	153.6247	-34.0715	8.5600	-1.28
GRB131202906	2013-12-02 21:45:20.420	86.017	2.111	1.2430e-05	4.3933e-08	223.4324	68.0744	2.2400	1.28
GRB170316710	2017-03-16 17:02:19.365	39.425	1.145	6.6905e-06	3.3987e-08	233.5966	75.4698	2.3600	-4.608
GRB250521932	2025-05-21 22:21:56.009	11.565	0.395	3.2239e-06	3.0454e-08	51.5768	10.6033	2.5700	0.003
GRB121223300	2012-12-23 07:11:19.812	11.005	0.724	7.0166e-06	1.9937e-08	163.3327	-29.5752	2.7400	0.003
GRB150810485	2015-08-10 11:38:08.910	1.280	1.026	1.8706e-06	3.6113e-08	52.0974	9.1961	3.0000	-0.064
GRB131014513	2013-10-14 12:18:36.157	30.208	4.636	1.9481e-06	4.6383e-08	125.6505	-41.3955	6.9400	-21.248
GRB230717117	2023-07-17 02:49:08.823	13.824	3.665	4.8020e-07	2.8697e-08	195.2396	12.9122	11.2800	-1.28
GRB160919858	2016-09-19 20:35:37.611	79.104	2.318	1.6753e-06	1.9458e-08	75.3402	-23.7684	3.2300	0.0
GRB220325879	2022-03-25 21:06:13.456	15.872	2.187	1.1044e-06	2.9706e-08	46.1921	22.9617	11.3900	-9.216
GRB240315464	2024-03-15 11:07:29.442	28.160	1.619	5.8453e-07	1.7815e-08	353.1809	81.9998	14.1400	-1.28
GRB210213741	2021-02-13 17:47:14.165	15.360	2.862	2.8127e-06	4.6181e-08	200.3278	26.7479	4.3200	-1.536
GRB160519677	2016-05-19 16:15:03.851	19.200	1.493	1.2779e-06	4.4086e-08	49.8418	14.6614	6.8000	-1.536
GRB191015327	2019-10-15 07:50:43.992	8.192	2.611	6.5180e-07	2.4622e-08	255.1688	81.8867	7.2300	-3.84
GRB110820476	2011-08-20 11:25:44.348	11.264	7.331	7.9811e-07	4.3740e-08	188.1774	-0.5077	3.9600	-4.096
GRB200809255	2020-08-09 06:07:22.164	106.498	9.527	5.6724e-06	2.1892e-07	145.8293	-37.7497	3.7500	-10.24
GRB250728393	2025-07-28 09:25:45.574	0.576	0.326	1.8190e-07	1.0931e-08	38.7828	41.6277	32.2400	-0.448
GRB210903727	2021-09-03 17:26:58.653	18.176	3.806	2.2292e-06	3.2928e-08	212.9350	55.3519	4.1800	-2.304
GRB210731092	2021-07-31 02:12:43.477	72.450	0.810	1.0709e-05	2.3057e-08	148.6716	-36.0857	2.1100	4.096
GRB170412988	2017-04-12 23:42:55.680	31.232	1.280	4.8200e-06	3.7636e-08	217.8085	63.6640	2.8800	0.256
GRB200818998	2020-08-18 23:57:18.337	4.096	1.864	6.7219e-07	4.8559e-08	15.6514	75.6987	11.7900	-4.352
GRB171120556	2017-11-20 13:20:02.372	44.062	0.383	1.6093e-05	3.2967e-08	216.5427	63.2628	0.0007	0.003
GRB250625670	2025-06-25 16:04:57.510	5.376	0.810	7.9799e-07	1.5199e-08	44.9588	28.1964	0.0500	-1.536
GRB140621827	2014-06-21 19:50:10.894	6.400	0.810	6.0634e-06	5.0549e-08	137.5305	-39.0577	0.7200	0.0
GRB220613395	2022-06-13 09:28:09.425	14.848	2.202	5.2876e-07	1.8475e-08	228.7271	75.6234	12.6600	-5.632
GRB120814201	2012-08-14 04:49:12.579	0.896	1.032	3.8312e-07	3.9446e-08	138.7944	-38.7737	3.7100	-0.384
GRB150226223	2015-02-26 05:20:26.778	1.408	0.181	1.7464e-06	2.6203e-08	172.5330	-20.2944	1.2800	-0.064
GRB130115716	2013-01-15 17:10:39.182	13.568	1.846	2.7183e-06	3.2105e-08	221.0093	69.7709	2.7800	-3.84
GRB260210826	2026-02-10 19:49:42.669	33.793	7.384	2.9967e-06	1.1390e-07	86.0651	-30.2816	7.4600	-5.12
GRB210928761	2021-09-28 18:16:13.787	32.768	1.639	3.2917e-06	3.4256e-08	156.9728	-31.8909	5.8200	-8.448
GRB141102779	2014-11-02 18:41:18.957	25.088	4.007	8.4372e-07	3.6725e-08	196.8299	19.7480	12.7900	-21.504
GRB231205101	2023-12-05 02:25:11.407	0.320	0.143	1.4825e-06	1.5457e-08	15.7220	77.2637	3.0700	-0.064
GRB160929529	2016-09-29 12:41:28.363	4.608	0.724	9.8144e-07	2.5995e-08	87.5040	-30.9563	9.2600	-0.512
GRB160917921	2016-09-17 22:05:37.713	10.752	3.167	4.7899e-07	4.0941e-08	207.7184	47.2942	19.5400	-0.768
GRB151024179	2015-10-24 04:17:53.560	4.608	2.360	2.7879e-07	2.0322e-08	35.3870	53.6684	11.1100	-3.072
GRB120328268	2012-03-28 06:26:20.953	29.697	1.056	7.5046e-05	1.6605e-07	33.1186	57.8287	1.0000	3.84
GRB181222841	2018-12-22 20:11:37.438	0.576	0.023	3.6242e-05	2.0735e-08	66.8147	-12.2122	1.6000	0.032
GRB210429658	2021-04-29 15:47:23.416	12.288	2.673	2.3862e-06	3.9055e-08	39.5395	43.7120	1.9700	-4.096
GRB220118764	2022-01-18 18:20:35.838	18.944	2.611	3.5532e-06	3.5535e-08	295.6394	85.7475	0.0500	-0.256
GRB230410476	2023-04-10 11:26:00.136	22.272	0.722	1.7791e-05	4.7713e-08	99.3057	-36.1267	2.1100	0.256
GRB200212451	2020-02-12 10:49:49.152	10.496	1.950	1.1176e-06	2.9860e-08	200.3820	28.9481	13.6500	-4.608
GRB220421346	2022-04-21 08:17:54.527	6.429	0.586	6.6973e-06	2.8049e-08	178.7357	-12.1545	2.0900	0.003
GRB250309333	2025-03-09 07:59:21.629	47.873	2.636	2.8003e-06	8.6651e-08	99.8141	-36.2429	7.2300	-3.072
GRB130307126	2013-03-07 03:01:44.471	0.384	0.091	4.7880e-07	6.8138e-09	211.6979	56.4712	1.5000	-0.064
GRB180806944	2018-08-06 22:38:59.661	15.616	0.810	2.2379e-05	3.7009e-08	121.4111	-38.5193	0.0014	-1.024
GRB111117510	2011-11-17 12:13:42.029	0.432	0.082	5.6389e-07	1.2828e-08	122.7318	-39.8606	0.0006	-0.064
GRB141229911	2014-12-29 21:52:10.852	91.392	17.710	4.2158e-06	6.5788e-08	219.0697	69.0224	4.3000	-31.744
GRB180112842	2018-01-12 20:12:28.340	9.472	3.849	1.4968e-06	3.9272e-08	222.1063	72.3919	6.6700	-0.256
GRB131018673	2013-10-18 16:08:39.181	39.936	12.331	2.7298e-06	1.1750e-07	63.4054	-6.9905	0.1300	-1.024
GRB110709463	2011-07-09 11:06:53.366	24.061	0.722	6.9088e-06	4.0753e-08	211.2259	55.9542	1.5300	0.003
GRB250515866	2025-05-15 20:46:21.911	0.288	0.276	6.0947e-08	9.2021e-09	210.6826	55.0558	7.7600	-0.32
GRB181117663	2018-11-17 15:55:18.057	87.554	1.086	2.9099e-05	3.0121e-08	100.4826	-34.7585	1.0000	-28.161
GRB171201068	2017-12-01 01:37:40.194	59.136	1.280	1.0581e-05	4.6798e-08	24.8243	71.5491	3.0400	-0.768
GRB211229145	2021-12-29 03:29:15.901	119.807	2.429	1.3078e-05	6.4604e-08	58.9183	0.3669	0.1000	0.004
GRB241117845	2024-11-17 20:16:55.986	64.257	0.923	1.5780e-05	2.8675e-08	74.9863	-20.4382	1.6700	1.792
GRB120727354	2012-07-27 08:29:39.081	0.896	1.280	1.0912e-07	2.1610e-08	210.5861	63.4036	15.2700	-0.896
GRB150715136	2015-07-15 03:15:28.189	0.384	0.181	5.2553e-07	1.9144e-08	211.2092	57.7380	19.9100	-0.192
GRB190131109	2019-01-31 02:36:33.938	49.920	4.924	3.4568e-06	7.3608e-08	174.9961	-15.8361	8.7500	-5.12
GRB120327418	2012-03-27 10:01:49.234	0.256	1.319	1.1407e-07	3.6463e-08	217.3700	69.4789	13.0000	-0.192
GRB190508808	2019-05-08 19:22:50.400	37.633	1.056	5.8523e-06	3.0066e-08	224.6048	76.0708	2.1200	0.768
GRB120312671	2012-03-12 16:06:29.667	13.312	3.167	8.2941e-07	2.7177e-08	43.4368	37.1794	0.0350	-2.048
GRB110904531	2011-09-04 12:44:19.330	20.480	5.479	3.8125e-06	4.9532e-08	75.4628	-20.3249	1.6800	-2.56
GRB150614073	2015-06-14 01:44:33.349	5.120	0.923	2.3793e-06	2.8594e-08	54.6600	10.3358	3.4900	-0.512
GRB121202181	2012-12-02 04:20:09.172	17.152	1.999	2.0056e-06	5.1266e-08	45.1864	32.8357	0.0010	-4.608
GRB170803172	2017-08-03 04:07:15.748	6.656	3.338	3.3561e-07	3.3009e-08	179.2066	-10.1270	13.3000	-0.768
GRB171008080	2017-10-08 01:54:38.894	1.472	1.537	1.1212e-07	3.5789e-08	37.0431	54.1735	12.8800	-1.024
GRB180113011	2018-01-13 00:16:00.471	15.872	0.572	3.5100e-05	4.2188e-08	115.7339	-38.5060	1.1000	0.32
GRB140715231	2014-07-15 05:33:18.161	77.312	3.083	9.6496e-06	5.6802e-08	172.3349	-18.1907	1.5600	0.0
GRB160831411	2016-08-31 09:52:33.158	50.689	2.318	6.2148e-06	3.8713e-08	63.4783	-5.3115	2.5100	0.832
GRB140819160	2014-08-19 03:50:26.135	6.656	3.665	3.3560e-07	2.5916e-08	56.5058	6.9271	12.0200	-0.512
GRB130609129	2013-06-09 03:05:10.690	5.376	1.498	1.0624e-06	8.2245e-08	208.5215	53.7905	0.0500	-2.624
GRB240514431	2024-05-14 10:20:01.804	22.016	1.379	1.6654e-06	1.9698e-08	213.4035	64.6125	4.6700	-2.816
GRB201218177	2020-12-18 04:14:15.899	14.336	0.362	1.0864e-04	3.3817e-08	56.3271	7.4608	1.0000	1.28
GRB171212222	2017-12-12 05:20:14.532	19.968	1.864	2.8735e-06	2.8208e-08	169.8546	-20.4485	3.2600	-1.024
GRB171210493	2017-12-10 11:49:15.261	143.107	2.573	8.0764e-05	9.1340e-08	84.4085	-26.9717	0.1500	3.584
GRB210411688	2021-04-11 16:31:10.877	60.673	2.996	5.8352e-06	3.9022e-08	106.5935	-36.7791	3.5700	-39.937
GRB220528259	2022-05-28 06:12:47.414	0.576	0.091	1.3159e-06	1.9121e-08	68.0258	-11.3929	4.9100	-0.064
GRB180307073	2018-03-07 01:44:44.873	136.707	1.379	2.3496e-05	5.4658e-08	199.5418	31.5802	3.0000	-37.633
GRB240112734	2024-01-12 17:37:25.116	5.312	0.405	4.5194e-06	2.0147e-08	50.4701	21.1253	0.0010	-0.064
GRB220608317	2022-06-08 07:36:27.951	23.037	0.921	6.1731e-06	2.4492e-08	177.2140	-11.7852	2.4300	0.004
GRB130622615	2013-06-22 14:45:53.204	0.960	0.429	4.3199e-07	2.7958e-08	69.0204	-12.4031	10.9100	-0.768
GRB250814432	2025-08-14 10:22:10.511	15.104	2.996	5.9006e-04	2.3261e-05	180.5744	-7.0677	4.5900	-0.512
GRB140501139	2014-05-01 03:19:41.406	0.256	0.630	2.0737e-07	1.9305e-08	215.7359	70.9846	10.7400	-0.128
GRB220711761	2022-07-11 18:16:28.065	81.602	1.950	8.1058e-06	6.7552e-08	47.7014	28.5813	0.0500	-28.544
GRB130416690	2013-04-16 16:34:07.062	3.072	2.429	2.8071e-07	1.6213e-08	189.2462	8.0513	14.3400	-2.816
GRB210422573	2021-04-22 13:44:40.169	11.008	1.145	4.7423e-06	4.3248e-08	195.7134	22.5235	2.1100	-0.256
GRB120102095	2012-01-02 02:16:23.239	28.416	8.204	1.3408e-05	4.3911e-08	52.6967	16.5018	0.0005	-11.52
GRB160912521	2016-09-12 12:30:47.005	84.481	0.923	2.2945e-05	9.4042e-08	90.7717	-30.4444	3.5700	3.84
GRB110629174	2011-06-29 04:09:58.198	61.694	18.690	2.4280e-06	2.3686e-08	174.2884	-14.6110	4.8200	0.003
GRB220610906	2022-06-10 21:44:36.930	1.408	0.202	1.0720e-07	9.6479e-09	210.2114	61.0993	8.2500	-0.064
GRB250122636	2025-01-22 15:15:21.758	14.016	3.367	2.6158e-06	5.7020e-08	49.2499	25.1990	6.8100	-0.384
GRB180617872	2018-06-17 20:55:23.463	1.920	0.779	4.8590e-07	2.1203e-08	192.0528	14.3901	8.2400	-0.96
GRB180418281	2018-04-18 06:44:06.282	2.560	0.202	5.8969e-07	9.7225e-09	213.9407	69.4786	0.0010	-0.064
GRB160820496	2016-08-20 11:54:10.646	0.448	0.143	7.5776e-07	9.4741e-09	121.1830	-37.9181	2.3000	-0.064
GRB140523129	2014-05-23 03:05:57.625	19.200	0.362	5.1164e-05	4.4852e-08	200.9456	36.9539	0.4000	0.576
GRB240115461	2024-01-15 11:03:14.105	1.792	2.828	5.2585e-07	2.2509e-08	126.8683	-37.7968	4.4400	-0.256
GRB210724105	2021-07-24 02:31:33.469	13.568	6.420	1.6027e-06	8.8943e-08	54.6770	12.9571	6.6700	-0.768
GRB141029134	2014-10-29 03:13:18.617	192.771	1.950	4.1032e-05	5.4583e-08	190.1884	10.8451	1.0000	16.384
GRB230409033	2023-04-09 00:48:13.828	7.104	0.288	3.6168e-06	2.5064e-08	79.6046	-22.4926	3.9700	-0.128
GRB150612702	2015-06-12 16:51:35.396	68.353	2.202	1.9794e-05	9.9068e-08	110.9478	-36.7950	1.7800	-1.28
GRB221231907	2022-12-31 21:46:05.129	6.144	2.429	9.5233e-07	2.2194e-08	85.6689	-26.9446	0.0830	-0.512
GRB240801138	2024-08-01 03:18:09.740	29.697	1.557	8.5870e-06	2.6676e-08	137.0442	-36.3444	2.5100	0.512
GRB131217183	2013-12-17 04:23:28.060	9.216	1.145	5.7467e-06	7.9917e-08	37.3255	58.7344	3.1200	-2.304
GRB190312446	2019-03-12 10:42:10.794	12.800	1.557	2.6963e-06	2.7089e-08	81.5248	-23.5112	4.4900	-0.768
GRB190723309	2019-07-23 07:24:17.869	24.576	2.111	1.5236e-06	3.2710e-08	58.3315	5.8315	10.4700	-0.768
GRB210323918	2021-03-23 22:02:18.396	0.960	0.781	1.0922e-06	3.0109e-08	72.8293	-15.4781	0.0050	-0.064
GRB130530719	2013-05-30 17:15:23.006	58.621	1.863	6.3318e-06	3.9355e-08	209.4363	61.3769	1.0400	0.003
GRB170412917	2017-04-12 22:00:47.164	81.601	0.923	1.2044e-05	3.3778e-08	21.8787	81.8140	2.8100	-26.241
GRB200208052	2020-02-08 01:14:17.086	20.992	6.931	1.0372e-06	2.9217e-08	138.4466	-35.8846	6.2400	-0.512
GRB121005340	2012-10-05 08:09:12.865	141.568	3.665	5.1687e-06	5.3824e-08	205.4475	51.4739	5.3900	0.0
GRB231106759	2023-11-06 18:13:23.394	23.552	1.049	7.6163e-06	5.1149e-08	193.8714	20.4453	3.4100	-0.224
GRB231126050	2023-11-26 01:12:22.932	14.848	2.636	9.1337e-07	2.0707e-08	53.9655	15.8415	6.7400	-10.24
GRB220617673	2022-06-17 16:08:55.771	23.297	4.971	1.1596e-06	4.0778e-08	56.6513	10.0270	11.1900	-1.792
GRB220411306	2022-04-11 07:20:00.530	22.272	1.143	5.8651e-06	2.8994e-08	216.2130	76.7772	1.6900	0.256
GRB140831215	2014-08-31 05:09:01.256	0.704	1.180	5.7882e-08	1.9431e-08	55.1153	13.4244	8.9100	-0.384
GRB170522657	2017-05-22 15:45:35.282	7.424	0.572	2.2923e-05	2.3367e-08	201.9079	42.4110	0.1900	0.576
GRB181119649	2018-11-19 15:35:09.131	25.344	0.572	1.9929e-06	2.5425e-08	175.0143	-11.4928	9.5400	0.0
GRB161228032	2016-12-28 00:46:19.625	39.937	7.637	3.7599e-06	3.0988e-08	194.3721	22.2062	3.1400	1.024
GRB190517813	2019-05-17 19:30:10.172	4.861	0.809	4.8940e-06	2.5913e-08	51.5430	22.1076	1.2000	0.003
GRB180127049	2018-01-27 01:11:12.914	34.817	2.611	1.8819e-06	2.1407e-08	131.4824	-36.5751	4.9600	-2.56
GRB240604587	2024-06-04 14:05:43.467	26.368	2.290	1.4629e-06	2.2337e-08	209.6719	65.2899	14.2200	-4.864
GRB241118615	2024-11-18 14:46:15.751	0.768	0.231	6.0305e-08	1.2824e-08	77.1535	-19.2188	16.7600	-0.192
GRB220308233	2022-03-08 05:35:30.099	32.768	4.720	1.9925e-06	6.5878e-08	60.4077	4.5181	5.2900	-0.512
GRB120205285	2012-02-05 06:51:05.307	0.576	0.272	1.1092e-07	9.8579e-09	43.3843	45.0558	23.8333	-0.576
GRB140603476	2014-06-03 11:24:59.139	138.242	13.469	1.8618e-05	2.1563e-07	35.3701	67.9979	2.1300	-51.201
GRB130104721	2013-01-04 17:18:07.049	26.368	3.593	5.6683e-06	5.6314e-08	212.7887	73.1783	2.4400	-1.792
GRB230521211	2023-05-21 05:03:23.733	0.512	1.691	1.5897e-07	1.0869e-08	159.1157	-26.6181	13.2400	-0.256
GRB160330827	2016-03-30 19:51:24.637	41.985	1.280	1.0294e-05	5.5869e-08	33.5847	74.9176	4.7500	0.512
GRB250603426	2025-06-03 10:13:29.569	32.768	1.145	3.2700e-06	4.6518e-08	59.0474	6.9439	7.8200	-1.28
GRB250619635	2025-06-19 15:14:36.893	20.928	0.572	2.8390e-06	1.4230e-08	146.3068	-31.7485	3.8900	-0.384
GRB170423872	2017-04-23 20:55:23.307	9.984	0.724	6.3122e-06	4.7537e-08	33.8378	75.0428	2.5200	-0.256
GRB250717572	2025-07-17 13:44:22.946	6.656	0.810	1.6452e-06	1.6397e-08	154.9082	-28.6188	0.0500	-0.256
GRB240220469	2024-02-20 11:15:23.966	20.736	0.724	7.4499e-06	4.9145e-08	163.7559	-22.7460	2.2400	4.352
GRB201218798	2020-12-18 19:09:13.922	75.265	1.145	3.1830e-06	4.9908e-08	180.1482	-4.4823	5.7200	-3.072
GRB250703380	2025-07-03 09:07:31.427	3.840	0.286	5.5639e-06	4.8222e-08	87.4001	-26.8243	1.1800	-0.128
GRB141208632	2014-12-08 15:09:58.319	0.960	0.834	1.9090e-07	3.7412e-08	108.0652	-34.8565	16.9800	-0.96
GRB140807500	2014-08-07 11:59:33.484	0.512	0.202	1.2865e-06	1.4394e-08	28.9931	83.4540	2.5300	-0.064
GRB120222021	2012-02-22 00:29:36.130	1.088	0.143	1.7278e-06	2.3582e-08	63.8858	-1.4545	2.7600	-0.064
GRB240501455	2024-05-01 10:54:33.963	91.906	8.307	7.9751e-06	9.7398e-08	48.2625	33.2568	2.5300	-33.025
GRB190406745	2019-04-06 17:52:33.155	80.384	3.338	5.5675e-06	5.5182e-08	61.0609	4.0463	5.4600	-6.144
GRB171011810	2017-10-11 19:26:27.946	0.480	0.935	1.0383e-07	1.4495e-08	210.1201	75.9163	15.9600	-0.448
GRB170618475	2017-06-18 11:24:41.052	52.481	1.639	1.1885e-05	2.7560e-08	125.1100	-36.0984	1.9700	-4.096
GRB251118945	2025-11-18 22:40:05.035	24.320	6.778	1.0826e-06	6.2061e-08	44.5743	46.0404	9.9900	-0.512
GRB150120685	2015-01-20 16:26:17.465	56.832	4.762	1.9472e-06	4.6620e-08	157.9185	-26.1893	9.9400	-1.792
GRB190331093	2019-03-31 02:14:37.572	4.800	0.771	1.0609e-06	3.1092e-08	139.6022	-33.2095	0.0500	-0.064
GRB120913846	2012-09-13 20:18:22.887	33.792	1.379	1.5647e-06	2.5601e-08	202.0937	48.9026	0.0500	-1.536
GRB190508987	2019-05-08 23:41:24.148	119.808	9.798	2.9721e-06	5.2981e-08	188.7468	12.4916	11.0100	-58.368
GRB150724398	2015-07-24 09:32:37.713	37.376	5.724	2.6322e-06	4.1856e-08	205.5840	61.3688	8.8300	-10.24
GRB211021460	2021-10-21 11:02:54.311	2.816	0.572	1.9477e-06	2.0264e-08	139.1699	-33.8887	5.4500	-0.256
GRB210731367	2021-07-31 08:48:17.629	28.929	3.114	3.5399e-06	5.0468e-08	201.6130	47.8338	7.4300	-0.512
GRB150804806	2015-08-04 19:21:11.472	51.201	2.187	6.2914e-06	5.6460e-08	85.5921	-24.4510	2.1900	-2.304
GRB190828542	2019-08-28 12:59:59.456	63.489	1.999	7.6942e-06	3.7686e-08	47.5777	38.0769	0.0010	-27.648
GRB140427702	2014-04-27 16:50:21.070	13.312	7.131	5.3739e-07	6.4306e-08	197.4776	36.4304	23.2600	-3.84
GRB230510890	2023-05-10 21:21:34.013	466.186	22.018	9.5729e-05	1.6032e-07	109.8881	-34.0949	0.1500	5.888
GRB140810782	2014-08-10 18:46:10.086	81.665	0.572	1.0970e-04	6.8958e-08	193.5843	25.5176	0.1200	6.656
GRB180823442	2018-08-23 10:36:38.228	47.745	4.935	1.7650e-06	4.0609e-08	111.5306	-34.3096	5.4400	-5.12
GRB130528503	2013-05-28 12:04:31.329	66.304	6.700	3.3348e-06	2.4985e-08	101.9251	-31.7513	5.5000	-39.68
GRB170504734	2017-05-04 17:37:30.985	0.704	1.139	1.2183e-07	2.6731e-08	61.8613	4.3574	9.7100	-0.832
GRB130427324	2013-04-27 07:47:06.420	138.242	3.238	2.4620e-03	1.2380e-06	206.4610	72.5013	0.0013	4.096
GRB230712027	2023-07-12 00:39:13.211	0.832	0.859	4.8886e-08	6.8571e-09	201.3777	55.5497	19.6500	-0.384
GRB170306130	2017-03-06 03:07:17.917	32.257	4.128	4.0298e-06	2.1628e-08	203.5586	59.0551	2.2600	-5.888
GRB150128791	2015-01-28 18:59:14.294	85.248	4.762	1.1732e-05	1.1995e-07	54.3230	20.9300	3.3200	-3.328
GRB180120207	2018-01-20 04:58:13.000	28.928	0.724	6.4549e-05	4.9773e-08	202.1322	53.7069	1.0000	1.344
GRB181217665	2018-12-17 15:56:59.038	42.497	3.328	8.0328e-06	4.9622e-08	84.5288	-20.0810	1.8000	1.792
GRB250204279	2025-02-04 06:41:13.999	2.752	0.771	1.9962e-06	3.0922e-08	112.1298	-32.2885	2.8000	0.0
GRB200325620	2020-03-25 14:53:16.037	36.609	0.923	9.5436e-06	2.9661e-08	205.2838	67.5775	0.0014	-2.304
GRB230513929	2023-05-13 22:17:19.429	4.800	1.243	6.2141e-07	5.3376e-08	203.9251	61.5630	7.5400	-1.28
GRB211211549	2021-12-11 13:09:59.651	34.305	0.572	5.0118e-04	4.4073e-07	39.9380	72.7832	0.0500	2.576
GRB201222461	2020-12-22 11:03:25.686	7.872	3.328	1.9906e-06	6.8433e-08	184.9066	6.5951	4.9600	-3.456
GRB250521185	2025-05-21 04:27:02.114	27.904	2.318	9.1723e-06	4.2112e-08	47.1387	72.0896	4.6100	0.768
GRB130828808	2013-08-28 19:23:54.001	3.904	0.842	2.7806e-06	3.0595e-08	201.3180	85.8416	2.4300	0.192
GRB200922753	2020-09-22 18:04:24.240	48.896	6.607	2.5383e-06	4.3651e-08	198.0506	40.2765	7.4300	-4.096
GRB180103090	2018-01-03 02:09:12.118	0.016	0.036	8.8793e-08	2.2136e-08	136.2320	-33.5629	6.9700	-0.016
GRB230220892	2023-02-20 21:25:05.793	28.672	7.131	3.3962e-06	1.4951e-07	154.8680	-26.6945	6.9800	-8.96
GRB130828306	2013-08-28 07:20:00.153	136.962	0.923	3.8936e-05	6.0718e-08	50.9286	31.5200	0.2646	13.312
GRB150319271	2015-03-19 06:29:49.453	10.496	1.145	8.6890e-06	3.8317e-08	116.7926	-34.5384	2.3600	-1.536
GRB161125931	2016-11-25 22:20:20.725	69.633	3.083	4.7087e-06	3.2124e-08	165.5016	-18.9822	4.5700	-32.257
GRB230728118	2023-07-28 02:50:05.237	18.944	7.718	1.7862e-06	3.0318e-08	93.6578	-27.9425	0.0006	-6.656
GRB130610133	2013-06-10 03:12:10.502	21.760	1.639	3.5444e-06	4.5972e-08	42.5684	62.1064	0.0500	-2.56
GRB170222209	2017-02-22 05:00:59.080	1.664	0.143	3.1571e-06	1.4502e-08	62.4475	4.4773	0.8000	-0.064
GRB160513962	2016-05-13 23:05:03.552	65.792	5.838	1.9313e-06	7.0104e-08	60.8827	7.7540	11.5000	-54.272
GRB150411026	2015-04-11 00:37:49.347	15.360	3.665	7.0261e-07	4.9672e-08	93.1188	-27.4193	12.0100	-1.024
GRB210225218	2021-02-25 05:13:35.722	87.808	1.846	5.0927e-06	4.6671e-08	85.6360	-22.8166	3.4100	-76.544
GRB150226545	2015-02-26 13:05:23.154	174.595	4.707	8.6326e-06	5.3138e-08	159.2857	-23.3898	2.5800	45.441
GRB230527290	2023-05-27 06:57:14.916	105.474	1.145	1.4080e-05	2.8748e-08	100.3695	-30.4363	3.2500	2.048
GRB150618674	2015-06-18 16:10:47.806	45.312	1.086	3.6792e-06	4.9271e-08	45.8723	50.1475	6.5300	0.512
GRB240502600	2024-05-02 14:23:42.230	7.168	3.083	3.9217e-07	3.0093e-08	70.3535	-7.3463	5.3500	-3.84
GRB141226880	2014-12-26 21:07:24.518	38.656	3.415	3.2054e-06	6.6006e-08	203.3073	64.3597	6.2600	-0.512
GRB151231568	2015-12-31 13:38:08.165	0.832	0.405	1.1970e-06	1.6085e-08	200.0925	52.3835	3.0500	-0.064
GRB170125022	2017-01-25 00:31:13.704	3.904	1.120	2.5114e-07	1.8003e-08	52.5988	27.9668	12.6500	-2.432
GRB111201599	2011-12-01 14:22:45.260	16.896	3.974	1.8597e-06	6.9205e-08	198.4401	83.3029	8.6300	-1.792
GRB220715691	2022-07-15 16:34:30.670	23.296	1.145	2.3866e-06	5.7309e-08	201.3314	57.4709	6.3600	-2.048
GRB220821296	2022-08-21 07:05:35.441	38.145	1.056	5.3651e-06	2.0757e-08	196.4027	38.1627	3.5600	-0.256
GRB110705364	2011-07-05 08:43:43.418	19.200	0.923	8.9429e-06	9.9652e-08	193.4309	29.1895	3.0800	0.256
GRB111112908	2011-11-12 21:47:48.164	0.224	0.097	8.8949e-07	9.7279e-09	43.7537	62.7679	3.8300	-0.032
GRB170101374	2017-01-01 08:58:33.909	2.304	0.689	6.2916e-07	4.9052e-08	201.2698	58.8392	9.0700	-0.576
GRB220321282	2022-03-21 06:46:22.002	2.240	1.404	4.4291e-07	1.7049e-08	202.4467	70.4379	8.5500	-1.088
GRB260307478	2026-03-07 11:27:59.324	4.864	0.362	8.4809e-06	2.0133e-08	44.2821	75.5800	2.8780	0.0
GRB230523474	2023-05-23 11:23:09.188	18.368	0.923	4.5727e-06	2.6398e-08	194.9500	34.7269	3.6800	-3.2
GRB251208429	2025-12-08 10:17:17.294	62.465	0.923	4.8151e-06	3.4356e-08	44.9591	58.6362	0.0700	-3.072
GRB171108656	2017-11-08 15:44:46.504	0.032	0.023	1.0418e-05	6.5414e-07	189.0740	18.5254	4.9000	-0.016
GRB141105406	2014-11-05 09:44:47.213	1.280	1.032	8.8289e-07	2.6964e-08	127.1770	-33.5682	4.1000	-0.064
GRB241221016	2024-12-21 00:22:34.309	29.953	5.146	1.5798e-06	3.4484e-08	176.4920	-4.8879	11.1100	-2.304
GRB181008269	2018-10-08 06:27:48.582	33.025	0.572	1.6827e-05	3.5436e-08	153.1461	-25.1358	1.1100	3.328
GRB240910488	2024-09-10 11:42:30.553	1.408	0.500	2.2429e-07	1.1944e-08	201.5242	70.9418	7.4800	-1.344
GRB230209939	2023-02-09 22:32:36.890	67.329	1.557	3.4710e-05	2.5973e-07	180.2568	0.2179	1.0000	0.768
GRB200110518	2020-01-10 12:26:08.356	153.859	2.064	1.3972e-05	4.3475e-08	184.2126	7.4222	2.2500	-3.072
GRB240914298	2024-09-14 07:09:47.313	12.288	0.923	1.4598e-05	4.9389e-08	63.6379	4.4712	2.3600	1.536
GRB170313125	2017-03-13 03:00:28.533	41.984	19.338	2.2254e-06	3.4340e-08	109.2768	-32.1936	6.3300	-2.304
GRB190515190	2019-05-15 04:33:03.135	1.264	0.471	1.5425e-07	1.1763e-08	196.7290	41.7854	0.9070	-0.112
GRB250506100	2025-05-06 02:23:22.604	48.129	1.305	1.7999e-05	5.1172e-08	44.4652	66.3786	0.1000	0.768
GRB240402989	2024-04-02 23:44:04.223	10.944	1.296	2.9870e-07	2.4664e-08	44.6090	65.2984	25.0100	-0.192
GRB120427054	2012-04-27 01:17:27.791	5.376	0.572	7.4299e-06	3.8935e-08	44.9742	61.7402	0.3100	0.512
GRB170302166	2017-03-02 03:58:24.282	3.840	1.900	5.6714e-07	1.6576e-08	199.8534	56.0702	12.1800	-0.768
GRB160624477	2016-06-24 11:27:01.353	0.384	0.405	3.9236e-07	8.4625e-09	84.0923	-20.0728	0.1000	-0.256
GRB200716957	2020-07-16 22:57:41.180	5.312	0.389	9.6514e-06	2.0434e-08	75.9288	86.2555	0.0020	0.128
GRB200517786	2020-05-17 18:52:28.279	27.392	5.473	2.9848e-06	6.0664e-08	190.4319	22.9368	7.0600	-2.56
GRB251127137	2025-11-27 03:17:42.771	18.688	0.923	2.4724e-06	1.7808e-08	198.4862	57.2662	4.1300	-0.512
GRB170714049	2017-07-14 01:10:51.123	0.224	0.396	1.4758e-07	1.2298e-08	128.4790	-33.1016	5.3500	-0.224
GRB230516743	2023-05-16 17:49:54.762	49.920	4.352	1.0911e-06	3.4826e-08	198.5749	51.1195	8.3500	-4.352
GRB201130230	2020-11-30 05:30:49.552	1.280	0.781	3.6983e-07	5.1653e-08	200.5215	66.2285	21.1600	-0.256
GRB190304371	2019-03-04 08:54:35.515	62.208	2.360	1.7836e-06	3.3943e-08	105.8621	-29.1437	1.6600	-0.768
GRB130331566	2013-03-31 13:35:44.870	13.824	1.379	9.3307e-06	5.0478e-08	200.4488	64.9598	2.4300	-0.512
GRB120323507	2012-03-23 12:10:19.723	0.384	0.036	1.0406e-05	3.1659e-08	91.9238	-25.2265	0.1520	0.0
GRB120302080	2012-03-02 01:55:34.002	80.384	16.927	2.5347e-06	5.5075e-08	192.3425	29.0103	0.0420	0.768
GRB130523095	2013-05-23 02:16:09.383	17.920	1.448	6.0322e-06	5.7924e-08	132.6368	-32.4299	2.8200	2.56
GRB130106829	2013-01-06 19:53:22.071	11.264	1.379	1.5865e-06	4.3176e-08	168.9935	-13.3022	4.9900	-2.56
GRB250514561	2025-05-14 13:28:04.687	19.456	2.862	8.3083e-07	3.4223e-08	50.3116	39.8302	11.6800	-1.28
GRB140109771	2014-01-09 18:30:06.161	0.704	0.773	1.8886e-07	4.2769e-08	185.9181	12.9867	10.0300	-0.96
GRB240118075	2024-01-18 01:48:09.440	54.017	0.362	5.5189e-04	1.1126e-07	128.8298	-32.8200	0.0500	45.313
GRB230321182	2023-03-21 04:21:43.722	81.918	2.110	2.0338e-05	4.0393e-08	166.6981	-15.5483	1.0000	0.004
GRB180804909	2018-08-04 21:49:02.180	4.608	3.083	4.9051e-07	3.6444e-08	197.0045	77.3137	14.5000	-4.096
GRB180123820	2018-01-23 19:40:49.774	0.320	0.932	6.2292e-08	1.0878e-08	192.6296	31.1130	16.8300	-0.128
GRB180524920	2018-05-24 22:05:02.372	4.096	1.305	5.0532e-07	1.8307e-08	177.7788	-1.3348	11.9200	-1.792
GRB121211574	2012-12-11 13:47:03.590	5.632	1.717	6.4144e-07	3.9522e-08	85.7259	86.1600	0.0013	-3.072
GRB210802839	2021-08-02 20:08:06.492	10.240	0.810	1.8587e-05	2.0713e-08	47.4617	57.4848	1.0000	0.32
GRB180528465	2018-05-28 11:09:49.032	8.192	3.125	5.4004e-07	3.5512e-08	50.4827	77.6900	14.4600	-7.936
GRB161015710	2016-10-15 17:03:07.042	15.104	0.362	1.1814e-05	1.5979e-08	55.7983	24.3064	0.2100	0.256
GRB240720017	2024-07-20 00:24:51.216	1.792	0.202	2.3882e-06	3.2294e-08	183.1116	8.5071	0.0500	0.0
GRB191027638	2019-10-27 15:19:07.590	7.168	0.202	3.0077e-06	2.0252e-08	184.2011	82.7724	2.6200	0.0
GRB240101540	2024-01-01 12:57:23.760	0.352	0.091	1.4401e-05	2.8127e-07	114.6779	-31.8900	3.3300	-0.064
GRB151030999	2015-10-30 23:58:22.637	116.482	0.923	5.0037e-05	5.2051e-08	66.7534	2.2367	1.0000	6.144
GRB190620507	2019-06-20 12:10:10.809	51.713	0.572	5.1455e-05	8.6317e-08	198.4607	62.9050	1.1600	8.704
GRB210915530	2021-09-15 12:43:41.202	113.410	1.086	3.7484e-06	4.2048e-08	198.2296	67.0050	5.5900	-1.28
GRB131217108	2013-12-17 02:36:11.564	0.768	1.924	6.7611e-07	3.8613e-08	178.6626	1.0028	6.4100	-0.064
GRB250922884	2025-09-22 21:13:25.863	0.128	0.036	2.1320e-07	7.1318e-09	156.0063	-22.8089	13.3700	-0.032
GRB230322873	2023-03-22 20:57:41.278	200.452	7.113	1.7446e-05	8.0140e-08	122.3638	-32.1493	7.2900	-99.842
GRB200607362	2020-06-07 08:41:49.657	20.480	2.360	4.4574e-06	3.4095e-08	196.4790	70.9778	2.1000	-1.024
GRB120109824	2012-01-09 19:46:01.942	38.656	3.114	1.9189e-06	4.1747e-08	51.8474	39.2903	11.3300	-2.048
GRB180204109	2018-02-04 02:36:16.926	1.152	0.091	1.7465e-06	1.2647e-08	84.8643	-19.1243	0.0010	-0.064
GRB181027076	2018-10-27 01:49:47.309	89.856	5.278	4.6239e-06	5.4954e-08	48.3213	61.4101	0.0500	-60.416
GRB170911267	2017-09-11 06:24:22.794	19.968	3.620	8.9367e-07	1.3466e-08	171.2126	-8.9891	0.4000	-8.192
GRB140801792	2014-08-01 18:59:53.257	7.168	0.572	1.2356e-05	4.1622e-08	152.2295	-24.7378	0.0010	0.768
GRB220912963	2022-09-12 23:07:15.066	2.496	0.607	1.1145e-07	1.4400e-08	168.3483	-12.1671	12.7200	-1.088
GRB151126293	2015-11-26 07:01:17.239	8.448	3.556	9.6097e-07	3.6168e-08	91.1726	-23.4123	10.0800	-2.048
GRB190401139	2019-04-01 03:20:20.538	42.753	2.573	1.6671e-05	6.4891e-08	58.4201	19.7594	1.0000	1.024
GRB200630980	2020-06-30 23:31:21.894	102.146	7.886	4.6664e-06	3.2734e-08	174.9003	-4.0506	3.9200	-69.377
GRB130612456	2013-06-12 10:57:14.628	10.240	0.653	8.3274e-06	4.0442e-08	51.4201	42.1890	1.7900	0.352
GRB160827837	2016-08-27 20:04:51.019	24.576	5.849	1.2462e-06	2.7489e-08	76.8764	-11.3364	5.8300	-8.448
GRB200714661	2020-07-14 15:52:16.794	3.328	2.202	1.6236e-07	1.7572e-08	123.8092	-31.7958	28.9000	-4.608
GRB140825328	2014-08-25 07:52:45.567	78.593	5.184	7.8064e-06	6.8186e-08	94.6918	-25.1157	2.6600	-2.56
GRB140216331	2014-02-16 07:56:04.592	2.432	0.590	9.7411e-07	1.1029e-07	109.8476	85.5477	13.7300	-1.728
GRB181121307	2018-11-21 07:21:29.268	0.256	0.528	1.0441e-07	1.3999e-08	192.3843	36.5527	18.3100	-0.32
GRB230805475	2023-08-05 11:23:33.586	60.160	0.810	1.9417e-06	3.1822e-08	53.8391	76.4003	0.0350	0.0
GRB160519012	2016-05-19 00:17:33.550	98.560	1.145	2.4648e-06	1.9262e-08	170.4459	-9.4606	0.0500	-1.792
GRB140126815	2014-01-26 19:33:41.643	75.776	2.290	5.3456e-06	4.0424e-08	53.4268	75.5789	5.8400	-58.368
GRB131128629	2013-11-28 15:06:25.283	1.984	0.543	5.6987e-07	4.1076e-08	105.7621	-29.2139	0.0005	-0.96
GRB201231447	2020-12-31 10:44:19.747	9.984	4.222	9.0327e-07	6.0275e-08	176.0942	-1.6835	9.4800	-3.584
GRB201020241	2020-10-20 05:47:45.178	21.504	3.114	1.5622e-06	2.4465e-08	54.9426	31.1791	0.0050	-14.848
GRB140227738	2014-02-27 17:43:06.586	17.152	9.073	7.1384e-07	8.1803e-08	50.2147	52.9593	8.1900	-16.384
GRB241104771	2024-11-04 18:30:15.425	10.496	0.724	3.6109e-06	2.6756e-08	142.0019	-28.3799	0.0500	-3.52
GRB200925610	2020-09-25 14:38:02.660	50.176	5.177	3.0068e-06	5.7977e-08	180.8591	7.8619	7.2300	-1.536
GRB140628704	2014-06-28 16:53:18.980	75.520	3.849	1.8195e-06	9.8886e-08	109.4646	-29.8736	9.0400	-2.304
GRB150609316	2015-06-09 07:35:19.383	0.256	0.276	1.2122e-07	1.6885e-08	158.1103	-20.2689	14.1500	-0.24
GRB200111633	2020-01-11 15:11:08.106	6.016	0.371	3.0022e-06	2.2912e-08	184.6810	15.1462	3.4700	0.128
GRB110706728	2011-07-06 17:27:56.345	16.896	6.339	2.3410e-06	7.3671e-08	119.1607	-31.0304	4.1100	0.128
GRB130220964	2013-02-20 23:08:48.202	6.400	0.810	7.2350e-06	4.5829e-08	71.4641	-3.4396	1.1400	0.256
GRB220101215	2022-01-01 05:10:11.734	128.259	15.792	6.0375e-05	1.7738e-07	111.6290	-30.0907	0.0006	17.472
GRB211129410	2021-11-29 09:51:06.360	111.106	9.217	3.5778e-06	8.1462e-08	59.0841	20.4339	0.0010	-2.816
GRB150923297	2015-09-23 07:07:36.184	0.192	1.462	1.1026e-07	2.2280e-08	77.1344	-10.4752	10.7600	-0.112
GRB160323293	2016-03-23 07:02:01.598	25.088	2.064	1.3882e-06	3.9083e-08	142.6648	-27.7417	10.1000	-2.816
GRB180517309	2018-05-17 07:24:21.380	41.728	3.093	1.9872e-06	2.9121e-08	62.5879	12.8121	3.7200	-37.888
GRB140606133	2014-06-06 03:11:51.862	22.784	2.064	7.5928e-06	4.4719e-08	84.2903	-17.1183	0.0006	0.256
GRB221215673	2022-12-15 16:09:34.071	65.793	0.724	6.1518e-06	2.0800e-08	133.0796	-30.0031	4.1200	-8.192
GRB180305393	2018-03-05 09:26:08.661	13.056	0.810	5.8065e-05	6.4935e-08	155.9339	-21.1656	0.1200	1.536
GRB141220252	2014-12-20 06:02:52.486	7.616	0.923	5.3386e-06	3.5071e-08	102.4950	84.6399	0.0010	-0.896
GRB161129300	2016-11-29 07:11:39.960	36.096	0.724	6.5385e-06	4.3002e-08	77.0518	-9.9027	0.0010	5.376
GRB160406503	2016-04-06 12:04:36.798	0.432	1.105	5.3157e-07	3.1749e-08	56.0272	30.9222	11.8000	-0.336
GRB170929513	2017-09-29 12:18:59.265	9.472	0.923	1.3476e-06	1.9206e-08	122.7395	84.8282	2.5900	-3.072
GRB180219482	2018-02-19 11:34:12.613	108.034	0.923	4.4992e-05	1.9505e-07	177.0379	1.6237	1.0000	5.888
GRB201228102	2020-12-28 02:27:30.732	25.344	7.973	5.9029e-07	2.5113e-08	70.5922	-1.1503	15.3700	-3.584
GRB230201060	2023-02-01 01:26:24.144	13.568	3.328	1.4045e-06	4.1128e-08	176.2203	0.3307	12.5000	-5.12
GRB170830328	2017-08-30 07:51:51.113	14.592	1.557	3.1973e-06	2.4926e-08	52.1856	65.9684	4.0700	-1.792
GRB140209313	2014-02-09 07:30:58.230	1.408	0.264	8.9683e-06	5.3332e-08	174.6534	-1.7535	0.0170	1.344
GRB210127268	2021-01-27 06:26:17.020	33.280	11.302	9.1970e-07	4.9429e-08	159.4200	-18.1758	7.0600	-17.152
GRB150110923	2015-01-10 22:08:31.910	2.560	0.832	5.8053e-07	2.9303e-08	64.8587	9.2179	0.0500	-1.024
GRB161111197	2016-11-11 04:43:10.460	118.528	2.673	2.6455e-06	4.0641e-08	58.5852	75.3134	4.5000	-1.024
GRB150127935	2015-01-27 22:26:38.543	84.224	31.183	1.7689e-06	1.5451e-07	69.6481	0.9608	9.6600	2.816
GRB120217904	2012-02-17 21:41:57.768	2.624	0.300	4.8575e-06	4.0532e-08	68.8230	2.3804	1.5000	-0.224
GRB230110649	2023-01-10 15:34:09.040	6.848	1.145	3.5188e-06	4.1380e-08	64.6413	78.1319	3.1400	-1.408
GRB230304265	2023-03-04 06:20:54.160	254.469	0.923	2.6421e-05	5.9821e-08	138.4866	-28.0474	1.6100	-0.256
GRB260209115	2026-02-09 02:45:57.236	24.064	3.114	1.5575e-06	2.6736e-08	171.5455	-5.2511	9.2500	-0.768
GRB190504678	2019-05-04 16:16:28.313	0.704	0.528	1.9432e-07	1.3878e-08	191.7280	42.2132	7.6500	-0.576
GRB221024542	2022-10-24 13:00:28.984	8.448	1.557	7.7598e-07	3.3176e-08	190.8197	69.1904	0.0010	-1.792
GRB120814803	2012-08-14 19:16:06.746	0.192	0.272	1.2844e-07	3.4753e-08	178.1792	5.1967	10.6800	-0.192
GRB140516765	2014-05-16 18:21:00.835	22.016	5.425	6.6103e-06	1.1812e-07	170.8565	-6.3341	3.8100	-2.304
GRB130808253	2013-08-08 06:04:33.691	0.256	0.898	2.2969e-07	1.7793e-08	192.0000	63.3266	10.0300	-0.128
GRB200221162	2020-02-21 03:52:58.711	1.728	1.336	2.0490e-07	2.0867e-08	193.0755	58.6505	5.0400	-0.576
GRB140404171	2014-04-04 04:06:47.514	26.624	0.326	8.1801e-06	2.3281e-08	188.8493	71.6094	2.1900	0.192
GRB150622393	2015-06-22 09:26:32.023	60.673	1.086	2.9027e-05	1.0763e-07	58.4484	26.9225	1.0000	1.024
GRB170511249	2017-05-11 05:59:11.916	40.705	0.572	2.8314e-05	4.6237e-08	70.1825	1.3419	0.3000	0.512
GRB131122490	2013-11-22 11:45:05.397	23.040	0.810	2.8319e-05	7.3669e-08	57.2618	31.2988	1.6900	1.536
GRB250406849	2025-04-06 20:21:54.860	60.672	2.187	2.0956e-06	3.0084e-08	69.0420	3.2628	9.9300	-1.792
GRB141030746	2014-10-30 17:54:13.884	8.960	0.572	2.3058e-06	5.0437e-08	192.1716	62.2020	6.6500	-1.536
GRB160223416	2016-02-23 09:59:01.508	17.920	2.360	3.6135e-06	7.2351e-08	179.6840	8.5914	0.0367	0.0
GRB111230683	2011-12-30 16:23:08.604	28.160	1.557	2.8960e-06	5.0069e-08	192.5190	52.8763	2.7800	-12.8
GRB111203054	2011-12-03 01:17:04.033	55.553	5.684	4.6467e-06	4.6212e-08	157.6145	-18.3141	3.2300	-44.545
GRB140304557	2014-03-04 13:22:31.482	31.232	8.719	2.4286e-06	3.1646e-08	139.5582	-27.0906	0.0006	-5.376
GRB200601097	2020-06-01 02:19:49.995	153.859	0.810	2.6425e-05	5.0370e-08	144.8312	-25.2927	1.7300	0.512
GRB180211754	2018-02-11 18:06:28.420	20.480	2.187	1.0560e-06	2.6302e-08	71.9439	79.2629	9.2500	-3.584
GRB190510430	2019-05-10 10:19:16.044	0.640	0.091	1.2457e-06	1.0283e-08	189.3079	34.6555	3.5400	-0.064
GRB121221916	2012-12-21 21:59:29.970	38.913	2.290	5.0386e-06	4.9869e-08	57.3480	70.4904	4.2200	-3.072
GRB231118940	2023-11-18 22:34:14.862	6.272	0.181	1.1835e-05	3.1289e-08	101.0011	-25.1931	1.0000	0.64
GRB131108024	2013-11-08 00:34:42.828	14.592	3.999	2.8185e-06	4.7032e-08	105.1434	-26.3167	4.7000	-3.584
GRB110831282	2011-08-31 06:45:26.606	98.881	3.138	4.4210e-06	3.1168e-08	103.9701	-26.1731	5.8600	-20.224
GRB160219673	2016-02-19 16:09:47.035	144.386	2.862	1.0218e-05	5.1053e-08	53.8733	50.8037	2.5600	-0.256
GRB141225959	2014-12-25 23:01:13.817	56.320	4.891	3.7317e-06	3.7233e-08	190.8682	43.4110	0.0500	-0.512
GRB240513682	2024-05-13 16:21:42.258	0.576	0.773	1.2880e-07	2.7786e-08	113.1703	-28.2451	12.6000	-0.32
GRB220924906	2022-09-24 21:44:54.414	127.746	5.431	7.6885e-06	1.1851e-07	81.3741	-11.9738	5.1600	-5.376
GRB210619999	2021-06-19 23:59:25.604	54.785	0.572	3.0248e-04	1.2325e-07	80.3467	-10.9062	0.0500	0.576
GRB200531119	2020-05-31 02:51:18.524	27.392	9.620	3.3238e-06	5.6330e-08	188.2353	69.1960	3.9700	-4.608
GRB131127696	2013-11-27 16:41:46.343	15.104	5.049	1.2172e-06	7.5193e-08	55.0764	43.9766	8.6600	-1.792
GRB220711279	2022-07-11 06:41:07.628	1.472	0.143	4.4716e-07	1.1653e-08	179.6307	9.6753	16.8500	-0.064
GRB150120123	2015-01-20 02:57:47.005	3.328	1.382	3.3498e-07	2.1667e-08	120.5275	-28.8295	0.0010	-0.64
GRB240912074	2024-09-12 01:46:40.595	88.577	0.923	7.7004e-05	4.9681e-08	188.0287	31.9173	0.0007	18.688
GRB221203886	2022-12-03 21:16:22.572	8.448	2.996	5.8572e-07	4.0645e-08	65.6234	11.2625	11.3500	-2.56
GRB250404597	2025-04-04 14:19:46.348	91.394	0.724	3.4568e-05	3.5691e-08	187.6285	30.9212	1.2000	3.84
GRB220713691	2022-07-13 16:35:42.058	10.749	1.493	1.3088e-06	2.6251e-08	134.1436	-27.2749	4.6200	0.003
GRB220107615	2022-01-07 14:45:31.927	33.025	0.572	1.8004e-05	6.9602e-08	187.8025	68.9815	0.1600	0.768
GRB170804911	2017-08-04 21:52:21.457	26.368	2.187	3.7190e-06	6.0475e-08	58.0359	31.8074	3.8600	-11.008
GRB220807581	2022-08-07 13:56:26.508	39.937	5.894	2.0548e-06	3.6989e-08	190.5002	44.2923	7.8000	-0.768
GRB150928359	2015-09-28 08:37:19.023	53.504	4.615	3.5511e-06	4.4867e-08	174.3186	0.9205	4.5700	-30.208
GRB110928180	2011-09-28 04:19:51.410	148.226	1.925	1.4150e-05	9.3553e-08	191.0827	55.5483	1.4200	-119.298
GRB190726642	2019-07-26 15:24:53.610	307.974	1.864	1.5761e-05	3.6356e-08	75.5440	-4.6748	1.1700	-1.536
GRB180610791	2018-06-10 18:58:48.667	27.648	4.471	4.0315e-06	9.7744e-08	74.7431	-3.6009	2.1600	-0.768
GRB111231622	2011-12-31 14:55:54.701	8.256	4.136	9.3254e-07	9.5270e-08	190.9531	57.2900	8.5200	-2.304
GRB260131277	2026-01-31 06:39:30.437	256.642	2.849	2.5812e-05	1.3223e-07	133.6217	-27.5651	0.1000	0.003
GRB181122381	2018-11-22 09:09:03.060	73.728	2.996	5.4837e-06	2.7218e-08	178.2921	8.0823	4.1600	0.256
GRB140519043	2014-05-19 01:01:44.955	47.616	2.721	3.9240e-06	4.5487e-08	62.8914	18.2931	5.4300	-22.272
GRB230510503	2023-05-10 12:04:06.934	177.412	0.572	2.5146e-05	3.8564e-08	79.8717	-9.5517	0.0018	2.304
GRB241030774	2024-10-30 18:34:20.392	6.848	0.668	2.5116e-06	2.7225e-08	155.2939	-18.7212	0.0010	-0.192
GRB240605338	2024-06-05 08:07:04.478	17.152	8.993	7.7019e-07	3.0054e-08	166.3403	-9.1484	18.0800	-4.096
GRB250709653	2025-07-09 15:39:54.989	43.777	3.638	3.6048e-06	6.7483e-08	72.5056	0.2167	4.5600	-3.328
GRB171215705	2017-12-15 16:55:25.449	28.928	5.838	1.6542e-06	6.7700e-08	129.2670	-27.8059	4.7200	-3.072
GRB180309322	2018-03-09 07:43:10.615	24.576	4.048	5.2781e-06	5.1768e-08	159.6628	80.6219	2.0800	-3.584
GRB201105482	2020-11-05 11:34:29.374	0.960	1.056	4.9138e-08	1.6340e-08	78.1740	-7.5685	16.3800	-0.832
GRB160721806	2016-07-21 19:20:58.610	9.984	2.828	2.4230e-06	1.2373e-07	145.5695	-23.8661	3.3000	0.0
GRB110813237	2011-08-13 05:40:50.931	22.784	3.114	4.7675e-06	3.6930e-08	162.1538	-13.1873	1.0000	-1.792
GRB120612680	2012-06-12 16:19:45.548	63.232	7.886	2.0615e-06	2.7170e-08	62.1070	72.0978	7.0800	-10.496
GRB210305794	2021-03-05 19:02:59.396	61.697	2.202	1.0467e-05	4.7392e-08	80.9338	-10.4722	0.0500	-7.168
GRB160318342	2016-03-18 08:12:29.153	12.800	3.278	8.9724e-07	3.6405e-08	164.6802	-10.4931	3.1500	-4.096
GRB240129632	2024-01-29 15:09:22.526	28.416	1.448	4.6688e-06	8.2664e-08	183.0210	18.9547	3.1800	-2.56
GRB120703417	2012-07-03 10:01:11.688	64.513	3.083	1.1076e-05	5.1941e-08	166.8272	-8.1880	2.6000	-0.512
GRB250826308	2025-08-26 07:24:01.970	13.117	0.831	5.1233e-06	2.0133e-08	189.9004	45.9726	3.6000	0.003
GRB221226698	2022-12-26 16:44:27.057	128.514	1.810	2.5070e-05	6.3417e-08	166.0419	-8.8929	1.2000	0.32
GRB200826187	2020-08-26 04:29:52.571	1.136	0.132	4.2645e-06	2.2450e-08	115.4268	-27.1039	1.7400	0.032
GRB140429975	2014-04-29 23:24:41.786	9.216	1.639	6.1967e-07	1.9870e-08	93.4709	-20.0649	6.0900	-5.12
GRB250217477	2025-02-17 11:27:19.590	27.392	1.145	2.6014e-06	5.5491e-08	55.8609	56.3359	6.0200	-1.28
GRB150208929	2015-02-08 22:17:18.616	0.128	0.528	2.5321e-08	1.1001e-08	103.0239	-24.5272	4.1700	-0.128
GRB250617673	2025-06-17 16:09:13.346	49.409	0.722	7.6184e-06	2.4842e-08	106.6774	-25.1649	2.5700	0.256
GRB151227218	2015-12-27 05:13:48.856	42.753	0.362	4.3508e-05	5.1397e-08	67.8317	9.8177	0.2600	1.28
GRB200915144	2020-09-15 03:27:15.247	1.536	1.409	9.4676e-08	1.3349e-08	106.4437	-25.5801	16.6500	-0.32
GRB170903534	2017-09-03 12:49:07.789	25.600	1.493	3.4577e-06	2.8792e-08	57.7173	37.4048	0.0270	-1.536
GRB171124235	2017-11-24 05:37:56.505	26.177	0.923	3.6166e-06	2.1924e-08	91.4587	-18.3661	0.2000	-0.704
GRB120520949	2012-05-20 22:46:24.663	5.760	1.356	4.4091e-07	1.4104e-08	151.2182	-20.2400	8.3000	-4.736
GRB200407388	2020-04-07 09:18:33.475	47.872	4.857	2.7309e-06	5.8296e-08	168.5059	77.5822	4.7400	-30.976
GRB120120432	2012-01-20 10:21:25.415	32.256	6.481	1.5030e-06	3.3513e-08	188.0775	40.3306	5.7100	0.0
GRB130623130	2013-06-23 03:06:37.123	29.440	0.724	9.4523e-07	1.8290e-08	113.2624	81.4864	7.2000	-0.512
GRB160407673	2016-04-07 16:08:26.813	7.104	0.572	3.2957e-06	2.7399e-08	57.6740	60.0056	3.1300	-0.384
GRB190530430	2019-05-30 10:19:08.903	18.432	0.362	3.7062e-04	5.2475e-08	185.5317	29.1614	0.2000	1.792
GRB151205657	2015-12-05 15:46:01.901	56.320	13.590	1.8374e-06	4.1134e-08	57.7233	57.9507	0.0500	-1.28
GRB180818179	2018-08-18 04:17:57.030	4.416	1.319	4.0106e-07	3.2835e-08	171.7155	75.8122	12.5400	-0.576
GRB190131964	2019-01-31 23:08:35.673	63.232	7.697	5.1692e-06	3.5249e-08	148.3963	-21.4384	2.1600	0.256
GRB230628734	2023-06-28 17:36:34.863	47.105	2.862	5.0079e-06	5.8725e-08	72.2669	2.3206	3.3200	-0.256
GRB171222684	2017-12-22 16:25:10.542	80.384	4.615	3.1870e-06	3.7723e-08	188.8969	51.3387	0.0010	0.768
GRB200919569	2020-09-19 13:38:51.064	2.560	0.516	3.9839e-07	2.7354e-08	157.7953	-15.4227	8.8900	-0.832
GRB170928607	2017-09-28 14:34:47.265	9.216	1.864	1.2673e-06	2.5991e-08	73.7668	0.2724	8.2400	-0.256
GRB110904124	2011-09-04 02:58:15.961	83.905	3.853	1.1098e-05	6.8514e-08	111.1073	-25.7593	2.6300	-0.128
GRB140827763	2014-08-27 18:18:03.338	20.992	0.362	1.2237e-05	3.1847e-08	187.0469	37.1052	1.8200	0.768
GRB140610487	2014-06-10 11:41:21.757	0.960	0.716	2.6380e-07	2.7651e-08	93.5037	79.7606	8.1800	-0.832
GRB130623790	2013-06-23 18:57:50.985	42.241	1.863	8.6916e-06	5.4454e-08	181.4162	19.0034	4.6300	0.256
GRB180409346	2018-04-09 08:18:18.670	13.056	0.362	4.6578e-05	9.5199e-08	173.7286	74.6688	1.0000	1.28
GRB141005217	2014-10-05 05:13:06.968	3.392	0.264	2.5040e-06	2.7008e-08	68.7467	9.5348	0.0011	0.0
GRB171213061	2017-12-13 01:27:25.004	111.616	6.676	1.3198e-05	1.3366e-07	188.0699	53.0358	7.3900	-58.368
GRB240828622	2024-08-28 14:55:06.830	41.473	0.724	7.6363e-05	7.9102e-08	59.9664	60.8726	0.0010	0.832
GRB250916562	2025-09-16 13:29:21.008	81.409	4.615	4.4994e-05	1.6251e-07	135.1619	-25.4007	0.0010	222.212
GRB220728681	2022-07-28 16:20:39.344	1.152	0.373	1.5890e-07	1.0653e-08	116.2280	-26.3036	15.2500	-1.216
GRB160508290	2016-05-08 06:57:59.649	11.008	1.145	1.1230e-06	2.4416e-08	136.9668	-24.8589	8.3500	-0.512
GRB201216792	2020-12-16 19:00:31.239	77.312	5.184	2.0770e-06	2.8771e-08	86.4977	78.2562	0.0500	-4.096
GRB210529996	2021-05-29 23:53:37.098	12.288	1.639	8.2332e-07	3.7724e-08	58.6807	57.3105	5.8300	-1.28
GRB110921577	2011-09-21 13:51:22.571	40.705	1.810	3.3610e-06	5.5937e-08	70.1237	7.5294	0.0500	-30.209
GRB170805901	2017-08-05 21:37:49.589	25.856	4.375	1.0111e-06	3.1948e-08	58.3204	46.0804	13.4700	-1.536
GRB230606010	2023-06-06 00:14:38.134	15.616	0.923	1.8231e-06	3.0509e-08	183.3749	66.0475	0.0010	-0.512
GRB120916173	2012-09-16 04:08:40.755	52.993	0.810	1.4167e-05	5.3783e-08	77.1435	75.4741	0.3000	-52.737
GRB151222340	2015-12-22 08:10:13.624	0.768	0.362	2.1354e-06	3.7061e-08	107.4688	-24.0392	2.8900	-0.256
GRB150101270	2015-01-01 06:28:53.761	0.480	0.959	7.6144e-08	1.0699e-08	78.6534	-4.6543	0.0008	-0.416
GRB120702891	2012-07-02 21:23:19.171	35.073	4.924	1.5981e-06	5.8149e-08	59.8698	59.0237	8.4800	-1.024
GRB120217808	2012-02-17 19:23:50.572	5.888	2.862	1.7463e-06	7.7573e-08	184.3992	30.7889	3.2300	-0.512
GRB250407659	2025-04-07 15:48:21.066	6.272	0.143	4.5797e-05	1.7873e-08	181.5958	21.7798	0.0056	0.768
GRB210518889	2021-05-18 21:20:17.915	0.896	0.590	4.4438e-08	1.0106e-08	122.9765	80.2082	6.1000	-0.192
GRB210308276	2021-03-08 06:37:56.911	5.437	0.602	6.6564e-06	3.1338e-08	163.4885	-7.8185	0.0010	0.003
GRB181119606	2018-11-19 14:32:17.134	16.445	0.602	9.9024e-06	2.6196e-08	173.0084	4.2449	1.7500	0.003
GRB160818230	2016-08-18 05:30:53.542	2.176	0.905	4.9220e-07	2.1401e-08	182.8923	63.3506	7.7600	-1.984
GRB160816730	2016-08-16 17:30:57.975	11.072	0.091	3.3275e-05	1.7110e-08	84.2845	-10.1691	0.0010	0.384
GRB210324468	2021-03-24 11:14:28.212	31.745	1.379	6.6793e-06	4.1852e-08	186.4012	51.5173	3.1100	0.512
GRB181121401	2018-11-21 09:36:59.295	0.192	0.516	3.4288e-07	1.0218e-08	60.5905	40.2000	8.0000	-0.064
GRB150325696	2015-03-25 16:42:02.495	0.080	0.920	8.9347e-08	1.7958e-08	184.9312	39.3453	10.1700	-0.032
GRB190215772	2019-02-15 18:31:22.475	23.296	0.810	2.1346e-05	5.4806e-08	96.2098	-18.5921	1.1900	1.536
GRB240528121	2024-05-28 02:54:03.434	65.024	4.924	1.7116e-06	3.4523e-08	171.2477	2.6741	6.3200	-4.096
GRB210424694	2021-04-24 16:40:00.979	5.888	2.589	1.1953e-06	3.1903e-08	148.4809	78.0277	8.5800	-2.24
GRB240405630	2024-04-05 15:06:46.498	65.536	2.318	3.8839e-06	1.1759e-07	69.7750	11.3179	5.1900	-0.768
GRB141205337	2014-12-05 08:05:17.491	1.280	0.572	1.0653e-06	1.1421e-07	174.8595	9.0884	0.0330	-0.256
GRB170614255	2017-06-14 06:06:41.453	122.626	2.429	9.2159e-06	4.5706e-08	164.9731	-5.4464	3.4800	1.28
GRB200425701	2020-04-25 16:49:50.945	7.936	0.923	9.5033e-07	1.8335e-08	76.0113	1.3274	7.2500	-1.28
GRB230822992	2023-08-22 23:48:54.404	0.896	0.607	5.8054e-08	1.1878e-08	185.2929	47.4564	18.4000	-1.728
GRB191017391	2019-10-17 09:23:39.266	67.841	5.724	2.0525e-05	1.5174e-07	176.4179	68.8483	1.5000	3.584
GRB190109217	2019-01-09 05:12:49.450	123.902	11.449	8.8645e-06	1.2476e-07	140.0949	-22.0367	0.0006	0.004
GRB200506404	2020-05-06 09:41:08.981	204.548	3.482	1.3302e-05	9.5206e-08	127.8665	78.9622	2.1500	-6.144
GRB160628136	2016-06-28 03:16:21.288	5.888	2.429	7.5133e-07	5.1330e-08	172.7095	5.8208	8.5200	-1.536
GRB230117211	2023-01-17 05:04:04.254	44.800	2.560	2.5222e-06	4.7534e-08	123.5551	-24.6783	6.5400	-26.368
GRB200622092	2020-06-22 02:11:48.116	32.001	0.362	1.7817e-05	2.6789e-08	179.2079	19.8312	1.3500	1.024
GRB120509619	2012-05-09 14:52:02.840	0.704	1.404	1.5538e-07	1.3498e-08	112.8207	78.6188	16.8000	-0.192
GRB150323395	2015-03-23 09:28:39.209	56.321	1.084	1.9188e-05	6.8727e-08	62.7308	33.2948	0.0250	0.256
GRB240317454	2024-03-17 10:54:24.017	35.072	2.996	2.4414e-06	6.2521e-08	65.1630	24.5342	1.0000	-2.816
GRB230512269	2023-05-12 06:27:45.413	2.624	0.091	1.0995e-05	1.4443e-08	72.4226	7.5730	0.3000	0.0
GRB250723551	2025-07-23 13:13:04.600	6.400	1.619	1.1058e-06	3.3543e-08	161.8261	-8.1251	6.1900	-0.256
GRB140124527	2014-01-24 12:38:31.193	121.538	5.838	2.0142e-05	1.4171e-07	161.1218	-8.7245	2.0200	-12.672
GRB240615744	2024-06-15 17:51:45.053	0.096	0.051	1.5293e-06	6.7668e-09	87.4940	-11.0953	0.0670	-0.032
GRB121125469	2012-11-25 11:14:47.490	12.864	4.844	8.5676e-07	2.6509e-08	167.4150	72.8359	5.2400	-2.304
GRB140626843	2014-06-26 20:14:14.248	1.792	1.056	9.9300e-07	3.7771e-08	181.8032	29.9618	6.6100	-0.256
GRB200502574	2020-05-02 13:46:33.856	25.344	4.615	5.4530e-06	5.0065e-08	70.4504	11.7651	2.7000	-0.256
GRB171202113	2017-12-02 02:42:26.858	81.152	3.620	1.0817e-05	7.8472e-08	177.4745	16.6959	2.6800	1.536
GRB180504136	2018-05-04 03:15:53.830	25.345	0.923	1.3839e-05	3.3061e-08	66.8021	64.4049	1.0000	-1.28
GRB160102936	2016-01-02 22:28:16.995	10.496	1.145	3.0210e-06	2.4188e-08	184.1243	47.4702	3.4600	-1.024
GRB250118772	2025-01-18 18:31:11.967	0.272	0.633	1.3176e-07	9.1566e-09	63.9025	30.8003	10.7400	-0.16
GRB190531568	2019-05-31 13:38:03.822	0.320	0.943	4.1299e-08	7.9092e-09	66.1864	23.0039	18.0600	-0.08
GRB241201564	2024-12-01 13:32:00.626	91.650	11.056	1.0868e-06	4.7309e-08	92.0459	-14.4418	20.1800	-2.816
GRB110920338	2011-09-20 08:07:16.410	9.728	0.810	2.6866e-06	2.0471e-08	172.0584	5.8815	5.0000	-0.512
GRB171017823	2017-10-17 19:44:43.232	86.272	2.202	5.0024e-06	3.1181e-08	149.1219	76.6585	5.5400	-4.352
GRB150211239	2015-02-11 05:44:16.828	18.432	6.481	8.6981e-07	6.0518e-08	94.3731	-15.7087	9.0800	-2.56
GRB201231622	2020-12-31 14:55:43.002	0.256	0.500	1.2306e-07	1.5924e-08	182.1522	32.9241	17.9400	-0.064
GRB160910722	2016-09-10 17:19:39.154	24.320	0.362	7.9660e-05	2.5309e-08	66.8746	63.4004	0.0010	4.608
GRB140521184	2014-05-21 04:25:12.143	46.592	3.328	2.7483e-06	3.8526e-08	78.4458	-0.9338	10.1000	-5.12
GRB210903077	2021-09-03 01:50:17.389	15.872	3.727	1.3713e-06	4.3788e-08	164.2650	73.1330	5.3800	-9.472
GRB190129539	2019-01-29 12:55:42.675	9.984	5.620	2.8523e-05	5.3540e-07	181.7982	31.5823	6.2000	-1.28
GRB161227498	2016-12-27 11:57:18.214	2.560	1.680	1.0216e-06	2.5799e-08	168.3302	0.8154	4.8800	-0.448
GRB240403149	2024-04-03 03:33:56.407	14.592	1.448	1.3116e-06	3.0325e-08	65.0994	60.0998	5.7900	-5.376
GRB180715087	2018-07-15 02:05:14.476	5.120	3.083	3.6820e-07	3.6939e-08	90.9740	-13.1443	12.6400	-1.024
GRB130924910	2013-09-24 21:51:01.640	1.792	3.167	3.4693e-07	3.9515e-08	167.8312	0.3051	5.8600	-0.256
GRB180513815	2018-05-13 19:34:02.140	20.480	8.386	1.6211e-06	1.2065e-07	65.8137	60.3217	10.0100	-3.84
GRB181020424	2018-10-20 10:10:58.903	13.312	4.857	1.7652e-06	3.8970e-08	65.1842	59.8503	10.5000	-9.984
GRB151211672	2015-12-11 16:07:34.520	40.897	1.493	6.2979e-06	3.3629e-08	64.1741	31.8989	5.9600	-1.408
GRB201008754	2020-10-08 18:06:00.936	55.041	7.282	4.9568e-06	8.0670e-08	172.8029	8.3354	4.0000	-0.512
GRB180818520	2018-08-18 12:28:57.244	169.216	6.987	3.2753e-06	4.5139e-08	177.2362	17.7892	0.0500	-36.096
GRB160228034	2016-02-28 00:48:52.491	16.128	3.338	7.1933e-07	1.9855e-08	138.8638	-21.0852	12.4300	-12.544
GRB140224788	2014-02-24 18:55:19.824	17.152	1.846	2.4179e-06	6.2818e-08	132.0135	-22.6230	3.6900	-1.792
GRB201104622	2020-11-04 14:56:21.064	0.960	0.547	5.2691e-08	1.8530e-08	65.6355	60.0972	22.5800	-0.896
GRB250909107	2025-09-09 02:33:28.883	33.277	1.557	4.8822e-06	5.6518e-08	167.7328	0.6137	3.3000	0.003
GRB190504415	2019-05-04 09:57:34.203	77.568	4.238	2.8176e-06	3.9297e-08	163.6999	-4.4059	7.8500	-41.984
GRB240908574	2024-09-08 13:46:04.747	1.280	1.056	8.9231e-08	1.0242e-08	146.9410	-17.5803	11.8600	-0.96
GRB150819440	2015-08-19 10:33:19.497	0.960	0.091	8.1172e-06	2.4160e-08	157.5146	-10.3607	0.5000	-0.064
GRB190808752	2019-08-08 18:03:17.432	31.233	0.572	1.3131e-05	3.5682e-08	175.1517	65.8949	1.3800	1.536
GRB170723882	2017-07-23 21:10:18.252	5.376	3.727	5.5371e-07	4.5491e-08	75.7862	69.2997	14.5900	-4.096
GRB110705151	2011-07-05 03:37:11.938	0.192	0.036	2.8451e-06	2.5068e-08	180.2605	56.9898	0.1770	-0.016
GRB141222691	2014-12-22 16:34:30.340	34.049	0.724	2.3313e-05	3.4125e-08	174.3786	13.2680	1.0000	1.28
GRB151022577	2015-10-22 13:51:02.089	0.320	0.648	2.7708e-07	2.0922e-08	177.9670	22.5390	21.3600	-0.16
GRB110916016	2011-09-16 00:23:01.648	1.792	1.993	4.2261e-07	6.4902e-08	115.7492	-22.0231	21.8600	-1.408
GRB230718188	2023-07-18 04:30:02.353	24.832	5.655	7.2441e-07	2.5252e-08	146.4773	75.9080	15.3300	-1.536
GRB220211047	2022-02-11 01:07:48.877	0.448	0.466	1.5550e-07	2.8082e-08	83.8327	72.5203	8.6600	-0.384
GRB120105584	2012-01-05 14:00:35.901	22.528	2.202	1.4675e-06	3.5385e-08	90.9381	74.2524	2.8000	-8.192
GRB220310933	2022-03-10 22:23:51.427	16.384	4.700	7.1838e-07	6.0341e-08	72.1875	12.0870	0.0800	-3.072
GRB140714268	2014-07-14 06:25:55.424	132.098	2.290	1.8523e-05	3.1383e-08	69.7473	63.3145	1.1400	-2.048
GRB190427190	2019-04-27 04:34:15.081	0.368	0.072	5.3434e-07	1.2241e-08	69.2509	19.0498	0.0500	-0.016
GRB200313456	2020-03-13 10:57:12.130	5.184	4.362	8.5225e-07	3.8453e-08	95.3834	74.5739	5.2700	-0.256
GRB240411073	2024-04-11 01:44:58.481	3.520	0.091	1.7369e-06	1.1318e-08	64.4296	47.1841	5.4000	-0.064
GRB190407672	2019-04-07 16:07:26.493	17.664	3.367	1.7315e-06	2.9346e-08	154.1837	73.7279	4.5400	-0.768
GRB251202077	2025-12-02 01:50:52.306	43.008	2.896	9.1140e-06	7.8162e-08	179.9455	31.3100	0.0060	-5.632
GRB170829674	2017-08-29 16:10:03.158	81.152	4.636	6.8712e-06	5.5618e-08	89.1310	-9.7718	3.5600	0.0
GRB120713226	2012-07-13 05:25:29.139	13.824	3.435	1.1304e-06	1.0662e-07	177.0649	61.0115	16.7100	-3.072
GRB111208353	2011-12-08 08:28:10.789	40.961	4.345	3.2580e-06	3.8710e-08	72.5989	12.2100	0.0370	-4.096
GRB170604603	2017-06-04 14:28:05.086	0.320	0.143	1.6719e-06	1.1848e-08	97.9303	-15.8227	4.1000	-0.064
GRB110709642	2011-07-09 15:24:27.368	43.201	0.405	3.6852e-05	6.1880e-08	65.1951	49.9520	0.0000	1.088
GRB190603795	2019-06-03 19:04:25.984	22.528	4.291	1.7627e-06	6.6958e-08	128.7969	-21.6326	5.8600	1.28
GRB240205662	2024-02-05 15:53:58.333	0.192	1.860	6.8850e-08	6.1056e-09	78.4170	68.9606	32.7900	-0.192
GRB130219775	2013-02-19 18:35:51.731	96.129	0.405	2.8469e-05	7.3336e-08	77.8426	3.3378	1.2100	0.64
GRB220902438	2022-09-02 10:30:00.374	15.872	3.238	1.1727e-06	4.2305e-08	137.0847	-20.0290	8.6100	-1.536
GRB150917148	2015-09-17 03:33:30.723	7.424	2.521	8.4935e-07	3.8438e-08	142.5990	-18.1269	12.7200	-5.632
GRB230818977	2023-08-18 23:27:35.373	9.981	0.640	3.6981e-06	1.7908e-08	71.4523	15.2454	0.0010	0.003
GRB130118482	2013-01-18 11:33:29.360	21.568	14.999	8.2779e-07	3.7667e-08	69.4038	20.6368	6.7000	-5.632
GRB251214387	2025-12-14 09:17:32.510	4.608	3.415	3.5519e-07	5.4020e-08	102.2011	-17.5346	6.0030	-1.024
GRB120224282	2012-02-24 06:46:28.523	60.929	3.093	9.1226e-06	2.0494e-07	178.4900	28.7141	4.6000	1.792
GRB250223679	2025-02-23 16:18:20.175	33.281	2.187	1.7800e-06	2.3283e-08	66.2610	32.1147	5.1000	-3.584
GRB170717952	2017-07-17 22:51:21.950	11.776	1.864	6.7196e-07	3.4959e-08	96.3153	-14.3792	8.1700	-0.512
GRB121011469	2012-10-11 11:15:25.697	65.793	4.382	3.9843e-06	3.6260e-08	66.0387	33.9317	0.0001	1.024
GRB230919707	2023-09-19 16:58:23.857	2.944	0.834	1.5303e-06	2.2249e-08	155.8424	-9.8350	6.7400	-0.064
GRB250715621	2025-07-15 14:54:18.633	39.105	1.864	4.1637e-06	3.3892e-08	89.8102	72.5328	4.2800	-2.176
GRB230621990	2023-06-21 23:45:24.826	32.769	2.318	1.5544e-05	6.1108e-08	96.1846	-14.1701	4.5400	0.544
GRB160804775	2016-08-04 18:35:18.069	151.808	6.446	8.8151e-06	5.1816e-08	163.2309	-2.3226	1.9200	-5.632
GRB120605453	2012-06-05 10:52:15.904	18.112	1.086	3.2531e-06	5.4174e-08	65.7375	46.3750	2.6200	-0.64
GRB240930721	2024-09-30 17:18:02.117	64.513	0.923	1.2971e-05	3.7925e-08	85.8789	-5.8610	0.0028	-0.512
GRB170310883	2017-03-10 21:11:43.643	18.176	2.290	1.5359e-06	5.4347e-08	177.4363	57.1435	9.7600	-1.536
GRB200128153	2020-01-28 03:40:05.775	0.576	0.181	4.2773e-07	9.5686e-09	176.6815	58.5618	18.9500	-0.192
GRB220624431	2022-06-24 10:20:24.234	20.224	2.919	3.0838e-06	5.3496e-08	173.0724	14.1280	4.0600	-5.888
GRB180722993	2018-07-22 23:49:13.565	86.530	1.056	3.4319e-05	6.0247e-08	153.8193	-10.7579	3.5000	4.608
GRB210915630	2021-09-15 15:07:34.197	33.536	3.665	8.4818e-07	2.8975e-08	177.4707	56.4546	15.4900	-2.048
GRB111010709	2011-10-10 17:00:35.288	52.993	0.923	1.2556e-05	5.2485e-08	161.6159	-3.2717	1.6700	1.536
GRB130204484	2013-02-04 11:36:51.704	0.192	0.091	2.8086e-07	1.0940e-08	175.0527	19.6798	7.0700	-0.128
GRB220114168	2022-01-14 04:02:16.627	8.192	4.360	2.0976e-06	6.1227e-08	146.7410	-15.2171	8.4500	-1.536
GRB190720613	2019-07-20 14:42:09.784	6.144	0.572	2.5587e-05	1.3938e-08	96.5948	73.2710	1.1600	0.576
GRB170403707	2017-04-03 16:57:33.246	14.016	1.145	5.8878e-06	4.2493e-08	66.0768	44.5504	2.2800	-0.64
GRB161026373	2016-10-26 08:57:16.281	0.112	0.210	1.4382e-07	1.5990e-08	160.5814	-4.4470	11.6800	-0.032
GRB150502435	2015-05-02 10:25:55.163	109.314	6.676	2.5476e-05	9.2295e-08	66.6968	47.9393	1.0000	5.888
GRB220316476	2022-03-16 11:25:37.875	48.129	0.572	6.4669e-06	2.6915e-08	71.9334	61.3691	2.8600	0.576
GRB250804485	2025-08-04 11:38:03.482	0.160	0.552	1.0774e-07	8.2170e-09	176.9138	25.7217	19.3200	-0.064
GRB220104167	2022-01-04 04:01:02.604	2.624	0.779	2.7289e-07	1.8242e-08	108.9648	74.5136	3.1000	-0.128
GRB110903009	2011-09-03 00:13:06.293	27.133	0.571	1.3202e-05	4.2336e-08	172.8522	62.2849	1.1800	0.003
GRB201221963	2020-12-21 23:06:34.327	0.144	0.066	6.3567e-07	2.3558e-08	167.1230	66.7315	0.0010	-0.032
GRB190505051	2019-05-05 01:14:09.330	0.032	0.025	1.9762e-07	7.9160e-09	95.4263	-12.5486	9.5400	-0.016
GRB211223350	2021-12-23 08:23:22.258	57.088	4.971	1.6973e-06	3.2324e-08	73.2408	14.5789	8.0600	-1.024
GRB200402403	2020-04-02 09:39:37.908	55.809	5.473	5.2406e-06	5.8322e-08	150.5250	-12.3952	5.0800	-1.024
GRB160623209	2016-06-23 05:00:34.226	107.776	8.693	3.9564e-06	6.8702e-08	84.2068	-2.6358	0.0500	-1.28
GRB190804792	2019-08-04 19:00:37.518	8.448	2.360	2.2617e-06	3.7715e-08	172.4370	14.3921	4.4400	0.0
GRB171009138	2017-10-09 03:18:20.638	47.104	7.464	2.8166e-06	4.6616e-08	104.0738	-16.9123	5.1100	-1.28
GRB160821857	2016-08-21 20:34:30.039	43.009	0.724	5.2221e-04	8.5864e-08	166.5057	66.7377	0.0500	118.53
GRB171025213	2017-10-25 05:06:54.146	6.400	3.482	3.1286e-07	2.6294e-08	68.6883	54.3413	18.5600	-2.304
GRB201215266	2020-12-15 06:23:28.838	13.056	5.910	2.6593e-06	4.8179e-08	82.5359	68.2656	15.6900	-1.28
GRB190610750	2019-06-10 17:59:49.908	37.889	4.924	1.1030e-05	4.0248e-08	90.7487	-8.8055	1.2100	10.24
GRB130517781	2013-05-17 18:44:12.981	33.280	1.280	1.9705e-05	7.8559e-08	144.6218	-15.2736	1.5000	0.512
GRB221206516	2022-12-06 12:22:47.359	8.384	0.091	4.2969e-05	5.9583e-08	67.2517	40.7649	0.0700	0.448
GRB231203831	2023-12-03 19:56:04.252	1.152	0.429	2.8384e-08	1.1387e-08	110.7828	74.1638	15.1900	-0.96
GRB170710340	2017-07-10 08:10:07.996	42.240	4.636	3.4027e-06	3.2644e-08	145.4682	-14.8338	0.0170	0.512
GRB201127147	2020-11-27 03:31:44.755	7.424	3.238	1.2047e-06	1.0998e-07	178.2298	47.4558	6.5800	-1.536
GRB230225460	2023-02-25 11:02:58.393	67.840	2.187	3.4602e-06	4.4081e-08	177.1403	52.4216	2.2200	-49.408
GRB130406354	2013-04-06 08:29:36.580	2.560	1.619	2.9755e-07	2.9033e-08	178.4025	43.4423	14.8400	-1.28
GRB171007498	2017-10-07 11:57:39.904	3.456	0.345	3.0318e-07	1.8513e-08	178.3921	41.4874	0.0050	-1.408
GRB171106498	2017-11-06 11:56:49.272	10.752	0.724	4.8950e-06	3.7095e-08	70.6294	24.2641	3.1200	-0.512
GRB161017745	2016-10-17 17:52:08.264	37.888	10.861	4.8642e-06	6.3067e-08	177.7118	46.7528	0.0500	-19.456
GRB220401896	2022-04-01 21:29:49.486	32.000	7.697	1.9542e-06	4.0617e-08	107.4145	-17.5333	5.0000	-1.536
GRB141111435	2014-11-11 10:26:59.591	1.728	1.296	1.9972e-07	3.4354e-08	150.5133	-11.4854	14.4800	-1.216
GRB230701948	2023-07-01 22:44:39.122	2.816	0.362	2.6252e-06	2.3712e-08	176.1474	27.1387	2.8900	-0.512
GRB230430325	2023-04-30 07:47:18.805	0.320	0.143	1.4842e-06	1.2704e-08	143.3002	72.7720	3.0400	-0.064
GRB251209558	2025-12-09 13:24:03.988	57.089	0.630	7.3092e-05	3.3997e-07	81.1278	66.4919	1.0000	16.512
GRB221120895	2022-11-20 21:29:27.850	0.640	0.264	4.9688e-07	1.1166e-08	144.0098	-14.9666	0.0100	-0.064
GRB151118554	2015-11-18 13:18:05.276	40.897	10.555	4.2700e-06	6.5149e-08	76.0481	11.5178	3.5900	-1.408
GRB211120962	2021-11-20 23:05:17.928	5.120	0.362	2.8573e-05	2.9830e-08	85.3923	-2.2548	1.0000	3.072
GRB131217506	2013-12-17 12:08:26.434	3.328	0.640	6.8050e-07	3.0619e-08	154.1032	-8.6074	10.7800	-1.088
GRB140501497	2014-05-01 11:55:10.490	22.144	5.186	6.9716e-06	4.3762e-08	157.0160	-6.0236	2.7300	-0.128
GRB210924960	2021-09-24 23:02:52.138	10.240	2.187	1.1245e-06	5.0100e-08	175.1906	24.6155	9.9400	-1.28
GRB200915846	2020-09-15 20:17:35.342	0.960	0.320	1.1539e-06	1.9492e-08	133.1565	73.5116	11.1100	-0.064
GRB230713999	2023-07-13 23:59:05.945	80.129	2.862	1.2773e-05	5.0221e-08	176.9115	32.2446	5.4500	12.8
GRB160530667	2016-05-30 16:01:11.828	9.024	0.181	9.1857e-05	4.9921e-08	177.5251	39.9931	1.0000	3.584
GRB191110587	2019-11-10 14:05:34.993	14.848	7.141	2.1614e-06	7.6609e-08	68.8803	34.2361	9.5300	-6.912
GRB180126095	2018-01-26 02:16:31.363	18.432	4.636	9.3269e-06	7.4567e-08	80.8606	3.7052	1.2000	0.256
GRB160922856	2016-09-22 20:32:28.476	20.736	4.944	8.6922e-07	2.4404e-08	104.5622	-15.7425	10.0500	-5.888
GRB161228553	2016-12-28 13:15:41.847	47.105	15.625	4.6841e-06	6.9431e-08	177.0983	36.9703	2.2400	-0.256
GRB160816414	2016-08-16 09:55:49.707	11.776	3.806	8.4060e-07	3.6423e-08	132.3861	-18.2549	19.1300	-8.448
GRB140831374	2014-08-31 08:59:07.217	3.584	2.573	1.0912e-06	3.1439e-08	116.4457	-18.4296	9.9000	-0.256
GRB130409960	2013-04-09 23:01:59.658	26.112	1.056	7.8707e-06	5.1871e-08	136.0975	-16.9584	2.2200	0.256
GRB180522678	2018-05-22 16:16:37.412	12.032	0.724	4.1951e-06	3.4779e-08	104.8353	-15.6571	1.9100	-0.512
GRB140416060	2014-04-16 01:26:40.939	31.744	1.280	8.1404e-05	3.8702e-07	139.6367	-16.0165	1.0000	-2.784
GRB170606968	2017-06-06 23:14:17.424	11.264	0.724	4.7420e-06	1.4710e-08	176.2290	32.5971	3.1200	-1.536
GRB111010237	2011-10-10 05:40:34.564	82.433	8.444	1.1009e-05	1.5698e-07	167.3307	8.1979	3.1800	-3.584
GRB190202234	2019-02-02 05:36:55.718	97.536	2.172	6.2889e-06	4.8819e-08	74.7219	59.0586	2.1100	-34.56
GRB201029847	2020-10-29 20:19:51.611	105.474	19.262	3.6882e-06	8.7883e-08	73.2751	55.9475	0.0008	-1.024
GRB130407800	2013-04-07 19:12:43.057	32.000	9.137	1.7462e-06	4.9528e-08	151.2306	-9.5819	9.2900	-5.632
GRB131024900	2013-10-24 21:35:28.846	45.312	5.538	1.3261e-06	4.3163e-08	175.8579	47.8819	0.0050	-2.304
GRB230902615	2023-09-02 14:45:45.812	3.584	1.493	5.7465e-07	2.2337e-08	81.6551	3.9310	13.6600	-0.768
GRB180913783	2018-09-13 18:48:07.540	0.768	0.143	7.9118e-07	2.0642e-08	106.7729	-15.7219	6.7300	-0.064
GRB210627312	2021-06-27 07:29:15.677	12.800	4.048	2.0452e-06	5.4400e-08	174.9114	50.5535	10.7300	-4.096
GRB250212035	2025-02-12 00:49:53.925	24.576	1.717	3.0655e-06	8.5421e-08	73.4661	20.2645	4.5900	-2.56
GRB230228244	2023-02-28 05:50:51.193	2.304	1.088	5.0645e-07	4.4026e-08	127.0740	-18.2111	0.0003	-0.896
GRB240405932	2024-04-05 22:22:27.444	19.968	3.916	9.5869e-07	3.7632e-08	70.6241	32.5489	8.6800	-1.536
GRB240514169	2024-05-14 04:03:45.040	1.408	1.154	1.9499e-06	4.2765e-08	117.1001	-17.9986	3.9900	-0.064
GRB180730018	2018-07-30 00:25:40.343	0.256	0.707	1.2283e-07	2.4928e-08	170.3968	15.4516	8.2900	-0.256
GRB240525491	2024-05-25 11:47:38.050	0.640	0.286	1.7826e-07	4.6010e-08	73.5223	20.3274	8.2900	-0.64
GRB230506531	2023-05-06 12:45:18.768	38.400	12.803	6.2425e-06	5.8646e-08	91.9074	-7.0011	0.0500	0.0
GRB140218427	2014-02-18 10:14:29.328	53.505	5.684	5.6143e-06	6.1862e-08	104.5230	-14.6727	3.6200	-1.024
GRB110609185	2011-06-09 04:26:11.059	9.984	4.471	5.0531e-07	3.4466e-08	92.4018	-7.3438	12.7200	-3.328
GRB111109873	2011-11-09 20:57:16.657	9.664	6.457	6.6921e-06	5.4026e-07	175.9067	37.5232	1.5000	-4.608
GRB180626392	2018-06-26 09:23:50.648	0.960	0.405	4.9141e-07	3.7846e-08	75.0009	17.2880	8.2100	-0.64
GRB230409626	2023-04-09 15:00:58.203	20.224	1.379	3.9020e-05	3.8379e-07	170.7197	17.2130	1.1500	1.28
GRB240407042	2024-04-07 00:59:51.811	13.824	0.572	7.7628e-06	3.5035e-08	107.9945	-15.5568	1.7100	0.256
GRB121117018	2012-11-17 00:25:37.726	331.782	4.048	1.0632e-05	6.8216e-08	73.6290	21.2790	4.3200	-270.341
GRB250711611	2025-07-11 14:40:12.940	30.209	1.379	1.4856e-05	5.7906e-08	70.6948	33.6486	1.1900	1.536
GRB160609690	2016-06-09 16:33:16.636	1.600	1.145	5.1506e-08	1.5773e-08	131.4171	-17.1632	10.4100	-0.32
GRB241115755	2024-11-15 18:07:25.968	70.654	2.064	3.9807e-06	3.1146e-08	136.7082	-15.8710	9.2300	0.003
GRB190913155	2019-09-13 03:43:09.332	0.128	1.235	6.5685e-08	9.4465e-09	70.2935	39.2348	12.9900	-0.096
GRB210510806	2021-05-10 19:20:00.830	1.344	0.792	2.3152e-07	1.4045e-08	124.1640	72.2632	21.6800	-0.192
GRB221029045	2022-10-29 01:05:27.313	27.648	0.362	2.5570e-05	2.8380e-08	150.6449	-9.1237	1.0000	0.256
GRB230506715	2023-05-06 17:09:16.966	23.041	2.360	2.5759e-06	3.9929e-08	175.3724	40.6440	0.0500	-3.84
GRB151107851	2015-11-07 20:24:52.297	139.010	6.446	2.9583e-05	1.2498e-07	136.2037	-15.3724	1.6700	2.048
GRB220925462	2022-09-25 11:05:56.092	56.577	3.874	4.6538e-06	5.9953e-08	171.3911	56.1427	5.6200	-2.304
GRB140703026	2014-07-03 00:37:07.190	83.969	2.996	7.5662e-06	5.0890e-08	123.0329	-17.7698	0.0010	0.768
GRB251011154	2025-10-11 03:41:40.088	4.864	0.792	3.9542e-06	3.6199e-08	116.9824	-17.3090	0.0833	-0.256
GRB130716352	2013-07-16 08:26:19.203	91.136	10.801	2.9918e-06	5.6314e-08	105.7786	-14.3117	6.2700	-3.328
GRB210410037	2021-04-10 00:53:16.519	48.128	2.828	3.1006e-05	9.9609e-08	72.2596	27.7914	0.0020	0.0
GRB160314929	2016-03-14 22:17:53.734	98.562	5.431	4.4671e-06	5.8558e-08	163.5204	62.6781	0.6500	-3.84
GRB210515623	2021-05-15 14:56:46.180	16.384	1.717	6.5398e-06	1.1759e-07	86.7622	-0.3312	1.5700	-1.536
GRB190123513	2019-01-23 12:19:18.218	16.896	6.085	8.0198e-07	4.3625e-08	150.2468	-8.6117	0.0007	-9.472
GRB250107210	2025-01-07 05:02:30.286	53.246	2.611	4.2815e-06	5.8805e-08	81.3435	6.6585	0.0670	0.003
GRB231019715	2023-10-19 17:09:58.333	9.472	2.064	1.4763e-06	1.1248e-08	102.1774	-12.3051	7.1600	-0.256
GRB251028325	2025-10-28 07:48:06.706	13.952	3.401	4.1271e-06	8.1587e-08	98.8889	-10.4773	3.6900	-1.984
GRB200613229	2020-06-13 05:30:08.214	478.026	3.168	4.8873e-05	2.2787e-07	171.5846	53.4764	0.0004	3.648
GRB230910125	2023-09-10 03:00:01.741	12.288	0.923	2.3069e-06	2.3753e-08	152.1553	-6.7598	2.8600	-7.68
GRB220702842	2022-07-02 20:12:46.598	35.840	1.557	1.6830e-06	2.1562e-08	158.6721	63.7000	5.4800	-0.768
GRB220211657	2022-02-11 15:46:28.962	152.579	6.297	1.0100e-05	9.3640e-08	116.4195	-16.1830	7.0200	-6.4
GRB120703498	2012-07-03 11:56:56.870	77.568	2.187	2.5968e-06	5.3469e-08	91.4683	66.3196	5.1500	-2.048
GRB141031257	2014-10-31 06:10:40.949	38.656	7.464	1.6006e-06	4.1214e-08	132.8955	-15.8164	9.0100	-1.28
GRB230715072	2023-07-15 01:43:15.940	18.688	2.064	1.4668e-06	3.5418e-08	173.1188	29.1699	8.1400	-14.08
GRB210618072	2021-06-18 01:43:36.140	3.584	0.960	3.4839e-07	2.9270e-08	73.7822	51.2912	0.0500	-1.408
GRB250320254	2025-03-20 06:05:44.579	81.409	2.360	6.3697e-05	1.2781e-07	73.6972	32.7179	1.1800	11.008
GRB201008443	2020-10-08 10:37:36.705	2.048	0.572	1.0908e-06	1.6411e-08	166.8945	59.0397	0.0013	0.0
GRB190604446	2019-06-04 10:42:37.054	31.998	9.476	1.7676e-05	3.0853e-08	102.1133	-11.5431	1.0000	0.003
GRB240831710	2024-08-31 17:02:38.471	0.320	0.429	3.5407e-08	1.4607e-08	77.3395	18.5554	16.7500	-0.448
GRB180218635	2018-02-18 15:14:05.488	5.632	0.362	5.4708e-05	7.0289e-08	146.1008	-9.9442	4.4400	1.536
GRB160917479	2016-09-17 11:30:19.286	19.456	5.638	5.2324e-06	6.1881e-08	79.6597	11.1963	0.0010	-0.256
GRB190827467	2019-08-27 11:12:48.546	43.777	1.493	1.1200e-05	3.4106e-08	153.3056	66.4522	1.0000	-2.304
GRB121122564	2012-11-22 13:31:27.521	8.704	0.724	8.1464e-07	1.7939e-08	149.3786	-8.0632	12.8900	-1.28
GRB170610689	2017-06-10 16:31:47.644	19.200	0.362	1.0314e-05	1.9372e-08	157.7700	-0.6650	2.5700	0.256
GRB140907672	2014-09-07 16:07:11.803	35.841	5.473	6.4501e-06	6.3631e-08	146.6771	-9.6664	0.0001	-10.496
GRB150703259	2015-07-03 06:13:33.081	46.593	1.280	9.4769e-06	3.9187e-08	101.4698	-10.9392	2.0200	2.304
GRB240425015	2024-04-25 00:21:20.341	37.377	2.429	5.8068e-06	3.9844e-08	77.8578	56.4154	3.6300	-5.376
GRB171126235	2017-11-26 05:38:43.709	1.472	0.143	7.1957e-06	4.9012e-08	74.3634	49.7687	3.2900	0.0
GRB130314147	2013-03-14 03:31:16.299	142.851	2.360	1.4603e-05	4.6685e-08	98.2776	67.7196	1.4100	1.536
GRB140508128	2014-05-08 03:03:54.598	44.288	0.231	6.1432e-05	1.2084e-07	72.6384	37.7845	0.0005	2.816
GRB181216551	2018-12-16 13:13:11.605	43.520	21.262	1.6438e-06	2.6897e-08	89.9564	64.9793	5.4200	-8.448
GRB120504468	2012-05-04 11:13:39.935	41.985	2.673	3.3628e-06	2.6299e-08	94.9679	-6.5080	4.0600	-0.512
GRB160119072	2016-01-19 01:44:12.563	23.296	7.424	7.5283e-07	3.5525e-08	76.7880	53.4887	6.3100	-4.608
GRB221215177	2022-12-15 04:14:27.975	13.248	1.012	6.6178e-07	4.2601e-08	169.0308	54.4405	0.0500	-0.768
GRB220408240	2022-04-08 05:46:04.405	17.920	1.305	1.9029e-06	3.6101e-08	104.8001	68.6909	0.0010	-0.256
GRB211120548	2021-11-20 13:09:46.838	36.097	2.534	7.6453e-06	5.4692e-08	146.2673	-9.2745	1.9300	-3.328
GRB240814785	2024-08-14 18:50:17.943	65.025	1.717	1.6328e-05	2.5562e-07	172.5327	41.7469	2.4400	3.072
GRB230313485	2023-03-13 11:38:43.007	6.461	0.572	4.3880e-06	2.5259e-08	105.0702	68.5471	1.6100	0.003
GRB130518580	2013-05-18 13:54:37.525	48.577	0.916	9.4591e-05	1.5428e-07	111.0631	-13.8031	0.0500	9.92
GRB191008297	2019-10-08 07:06:59.080	32.513	3.665	1.5479e-06	3.3158e-08	147.7375	-8.1301	11.9000	-4.864
GRB130705398	2013-07-05 09:33:03.959	0.128	0.528	2.1179e-07	2.3407e-08	167.6318	55.0338	19.3700	-0.064
GRB160718975	2016-07-18 23:24:28.804	8.448	0.810	2.4683e-06	2.2637e-08	167.9670	17.4688	1.8200	-0.256
GRB170614486	2017-06-14 11:39:46.658	26.880	1.280	2.1953e-05	7.2661e-08	83.4996	60.2050	1.8600	2.56
GRB230703954	2023-07-03 22:53:07.384	17.920	0.572	1.1136e-05	3.8104e-08	88.1668	0.8274	1.0000	0.768
GRB210620204	2021-06-20 04:54:14.284	53.760	3.167	2.0870e-06	3.2116e-08	79.3556	14.5133	8.5000	-0.512
GRB191031891	2019-10-31 21:23:31.128	0.256	0.023	3.9689e-06	1.5183e-08	77.3335	19.4257	0.0500	0.0
GRB230805303	2023-08-05 07:16:16.496	59.392	10.373	2.9394e-06	1.6352e-07	144.1096	-9.9196	6.4700	-6.144
GRB161205561	2016-12-05 13:27:18.269	33.536	3.874	3.1749e-06	3.8807e-08	89.9592	-0.9416	1.0000	-1.28
GRB140630505	2014-06-30 12:07:52.823	63.745	2.769	7.6320e-06	7.6928e-08	133.0765	-13.9786	2.2400	-1.28
GRB160813297	2016-08-13 07:07:03.134	7.936	1.639	1.0544e-06	3.2607e-08	92.0831	-2.6734	10.8400	-1.28
GRB230812790	2023-08-12 18:58:12.050	3.264	0.091	2.7987e-04	2.5309e-07	74.0769	42.0719	0.1300	0.384
GRB221127352	2022-11-27 08:27:10.515	0.512	0.389	2.3014e-07	1.7154e-08	102.3771	67.4507	13.2700	-0.064
GRB250920366	2025-09-20 08:46:26.161	127.747	0.362	2.1091e-05	4.0240e-08	133.2393	68.8397	0.0500	3.584
GRB251220985	2025-12-20 23:38:04.629	0.384	0.181	1.4735e-06	3.4961e-08	74.1696	40.5536	6.4000	-0.064
GRB170711931	2017-07-11 22:20:25.303	12.288	2.429	2.1242e-06	2.4529e-08	144.6309	-9.3955	0.0500	-1.28
GRB220424481	2022-04-24 11:32:49.172	39.425	1.844	9.7165e-06	4.1209e-08	76.7513	51.1945	1.8800	0.256
GRB120118898	2012-01-18 21:32:45.806	17.152	2.111	1.6159e-06	3.3932e-08	160.5326	60.8603	7.1700	-0.512
GRB131029973	2013-10-29 23:20:48.578	104.449	7.241	2.8958e-05	1.2303e-07	108.7888	67.9504	0.2580	1.024
GRB221209243	2022-12-09 05:50:24.853	4.160	0.834	3.3656e-05	1.3245e-07	75.4859	46.9519	1.0000	1.024
GRB190122305	2019-01-22 07:19:07.574	54.016	3.338	6.7809e-06	4.0513e-08	74.3881	35.6316	0.9100	0.0
GRB250702413	2025-07-02 09:54:07.561	52.737	0.810	3.6011e-05	7.5083e-08	89.7549	-0.0161	1.1500	1.344
GRB121122885	2012-11-22 21:14:52.546	7.936	0.572	3.8485e-05	1.5508e-07	143.3281	-9.7300	1.0000	0.512
GRB241025650	2024-10-25 15:36:10.655	4.992	0.659	1.9049e-06	3.4736e-08	167.7862	52.3822	2.2900	-3.264
GRB121220311	2012-12-20 07:28:13.239	5.120	0.810	4.5315e-07	2.7791e-08	135.2482	-12.8421	8.3000	-1.28
GRB211211909	2021-12-11 21:48:42.842	54.272	3.125	4.8277e-06	8.0304e-08	80.4087	55.4475	7.3000	-42.752
GRB250814316	2025-08-14 07:35:09.277	21.504	2.187	1.2916e-06	2.4966e-08	85.1591	6.0599	25.1167	-5.12
GRB210504959	2021-05-04 23:00:47.171	13.568	5.910	3.4670e-06	6.7895e-08	154.1174	-0.7439	3.9100	-4.096
GRB110710954	2011-07-10 22:53:50.597	22.720	1.604	9.3170e-06	4.1910e-08	79.9676	54.8472	3.8700	-4.864
GRB131125689	2013-11-25 16:32:51.048	3.008	2.159	4.5236e-07	2.9447e-08	170.0327	27.5172	2.2500	-0.576
GRB140928100	2014-09-28 02:23:23.977	7.680	0.923	2.7794e-06	2.3235e-08	161.6515	58.9809	7.0700	-0.768
GRB130919352	2013-09-19 08:27:04.735	80.897	3.665	4.6836e-06	3.6162e-08	151.9344	-3.4893	5.7200	0.768
GRB240627839	2024-06-27 20:08:11.987	23.808	1.810	3.6898e-06	2.2648e-08	89.8643	62.4573	2.2900	-0.512
GRB190411579	2019-04-11 13:53:58.091	60.928	5.910	4.8090e-06	3.3271e-08	144.1530	-8.7659	3.1800	-1.28
GRB250824475	2025-08-24 11:24:18.377	58.881	0.810	2.0145e-05	3.4778e-08	88.3078	3.7992	1.9900	10.752
GRB120226871	2012-02-26 20:54:17.027	52.993	0.572	5.2036e-05	9.1383e-08	84.1336	8.0861	6.0100	4.352
GRB140306146	2014-03-06 03:29:44.951	51.713	0.810	5.7804e-05	8.8872e-08	133.0133	-12.7074	0.2100	1.088
GRB130623396	2013-06-23 09:30:24.065	44.544	3.665	1.0690e-06	4.8327e-08	105.0445	66.5807	7.1200	-2.816
GRB240704855	2024-07-04 20:31:37.557	55.040	4.672	1.6868e-06	2.9999e-08	169.8282	44.8359	8.3800	-1.28
GRB150710646	2015-07-10 15:30:21.562	33.280	11.276	1.5243e-06	3.0513e-08	170.4340	40.1746	11.6700	-0.512
GRB150707124	2015-07-07 02:59:13.228	112.384	1.493	2.5310e-05	5.2089e-08	162.0493	9.1543	2.5300	12.032
GRB250920121	2025-09-20 02:54:06.824	9.408	0.143	3.9707e-05	1.3751e-07	150.1438	64.2844	1.0000	0.96
GRB140502354	2014-05-02 08:30:20.107	20.096	0.916	2.1082e-06	3.5542e-08	91.0029	-0.1216	0.0011	-1.536
GRB231030005	2023-10-30 00:07:34.119	6.400	1.105	2.6656e-07	1.1867e-08	144.5605	-7.9845	16.2600	-2.176
GRB120819048	2012-08-19 01:08:26.765	66.304	1.379	1.3343e-06	3.2672e-08	153.5499	62.3311	7.9400	-5.632
GRB140808038	2014-08-08 00:54:00.618	4.477	0.362	3.2122e-06	3.2739e-08	85.9290	58.9626	0.0009	0.003
GRB220912035	2022-09-12 00:50:21.526	51.969	1.056	8.0445e-06	3.4185e-08	159.2988	59.3420	3.5800	1.568
GRB110522296	2011-05-22 07:06:01.931	27.136	1.950	1.0566e-06	4.0610e-08	136.9586	66.8732	6.4000	-5.12
GRB190615636	2019-06-15 15:16:27.372	16.896	1.379	5.0079e-06	5.6812e-08	125.4386	67.7198	2.3200	-3.84
GRB130206482	2013-02-06 11:33:34.503	11.264	1.950	7.1626e-06	6.0838e-08	76.7186	28.9498	2.4000	-4.608
GRB180523782	2018-05-23 18:46:28.107	1.984	1.350	2.5738e-07	2.2569e-08	156.4671	60.8157	12.9400	-0.064
GRB140906175	2014-09-06 04:11:38.696	37.633	9.691	1.5513e-06	4.3360e-08	76.5076	42.3840	7.6600	-11.52
GRB121124606	2012-11-24 14:32:07.299	0.256	0.842	5.6602e-08	1.4227e-08	162.6921	11.4336	14.6400	-0.128
GRB170724543	2017-07-24 13:02:30.900	19.200	4.419	1.2288e-06	3.1816e-08	152.8547	62.4452	5.2500	-0.512
GRB130815420	2013-08-15 10:05:07.886	236.292	0.810	4.5851e-05	1.0204e-07	159.2178	58.8704	1.6000	-5.888
GRB210413991	2021-04-13 23:46:52.451	2.048	0.951	4.1843e-07	2.8348e-08	134.2077	66.9294	18.4100	-1.152
GRB210518545	2021-05-18 13:04:09.640	6.461	0.768	7.0941e-06	4.3106e-08	77.0276	28.4018	1.7700	0.003
GRB251228029	2025-12-28 00:42:10.257	0.704	0.345	3.2295e-07	1.8955e-08	166.2278	50.4277	10.7200	-0.32
GRB140423356	2014-04-23 08:32:38.541	95.233	11.585	1.8062e-05	1.2224e-07	115.5985	67.0329	0.0010	-66.561
GRB221018459	2022-10-18 11:00:27.469	226.304	6.165	2.6877e-06	8.9437e-08	77.7853	27.6995	5.8800	-0.256
GRB140620219	2014-06-20 05:15:28.017	45.825	12.130	6.1453e-06	6.4030e-08	79.1331	20.9684	0.0000	-13.824
GRB170831179	2017-08-31 04:18:11.132	57.345	8.738	2.1684e-05	2.7918e-07	162.6468	55.4548	1.6100	-1.024
GRB120729456	2012-07-29 10:56:12.665	25.472	2.612	5.0787e-06	5.2985e-08	123.0738	-12.9318	0.0100	-1.024
GRB150330828	2015-03-30 19:52:21.265	153.859	0.810	1.4373e-04	6.0235e-08	96.5404	-3.7493	1.0000	4.672
GRB160518985	2016-05-18 23:37:58.447	27.136	2.360	3.3308e-06	3.9977e-08	77.0193	31.1633	4.0400	-0.256
GRB140219319	2014-02-19 07:38:54.449	6.080	0.464	2.6949e-06	2.7003e-08	86.6589	58.1366	8.2300	-0.128
GRB140105065	2014-01-05 01:33:01.014	1.088	0.466	6.4311e-07	1.3796e-08	100.0410	64.1392	6.0700	-0.384
GRB260207550	2026-02-07 13:12:10.829	55.663	2.307	9.0955e-06	6.7167e-08	82.1360	14.4820	2.8100	0.002
GRB170817908	2017-08-17 21:47:34.434	2.624	0.181	2.1548e-06	1.9104e-08	160.6130	8.9681	3.6900	0.0
GRB231018521	2023-10-18 12:30:10.664	39.425	0.572	1.0948e-04	5.1763e-08	116.6053	-11.6891	1.0000	26.625
GRB170219002	2017-02-19 00:03:07.123	0.096	0.437	5.4657e-07	2.5623e-08	148.4336	-4.2974	1.4100	-0.032
GRB210101620	2021-01-01 14:53:06.860	23.297	3.916	1.1588e-06	1.1253e-07	168.6339	41.8921	4.5600	-0.512
GRB240408043	2024-04-08 01:02:12.765	219.136	1.950	6.4926e-06	5.0097e-08	110.4110	-10.8668	13.4400	-38.144
GRB220623649	2022-06-23 15:33:56.432	1.024	0.272	4.5533e-07	2.0579e-08	91.5572	60.9318	4.0600	-0.192
GRB251216401	2025-12-16 09:38:09.654	25.088	8.272	2.2446e-06	8.4212e-08	83.4343	16.4044	9.3200	-10.24
GRB240422389	2024-04-22 09:19:29.448	42.753	2.919	3.3510e-06	2.3529e-08	80.3933	18.9459	2.7700	-0.512
GRB120427153	2012-04-27 03:40:37.868	22.784	1.999	6.8051e-07	3.7361e-08	168.0407	27.8556	26.6500	-2.304
GRB150323712	2015-03-23 17:05:09.638	43.264	2.429	1.8823e-06	2.8186e-08	123.3346	66.9295	0.0050	-14.336
GRB160804180	2016-08-04 04:18:43.244	0.640	0.091	1.0886e-06	3.0208e-08	168.6622	33.0435	6.6900	-0.064
GRB170119228	2017-01-19 05:27:51.738	28.928	2.429	3.4136e-06	5.5555e-08	167.3908	25.9579	4.4100	-5.632
GRB231108877	2023-11-08 21:03:09.442	4.736	0.916	6.9823e-07	2.1798e-08	166.1522	21.7999	18.6400	-0.512
GRB200903031	2020-09-03 00:44:19.250	26.881	4.375	5.2646e-06	3.8332e-08	158.0656	58.1155	0.0500	-5.376
GRB250723615	2025-07-23 14:45:37.499	6.400	3.874	2.0945e-06	5.8428e-08	113.3901	-11.1580	3.1400	-1.024
GRB231109274	2023-11-09 06:34:01.337	7.936	4.810	6.8333e-07	6.2961e-08	150.2348	62.0577	6.7800	-2.816
GRB240308268	2024-03-08 06:25:22.054	77.825	3.114	8.6452e-06	2.9603e-08	158.0626	6.7262	4.5600	1.792
GRB130208684	2013-02-08 16:24:23.836	41.472	2.360	2.2549e-06	5.0101e-08	139.6736	64.7092	4.6700	-1.024
GRB200605762	2020-06-05 18:17:42.195	0.320	0.072	2.5842e-06	2.0570e-08	163.6544	16.5954	0.6000	-0.032
GRB120625119	2012-06-25 02:50:46.037	7.424	0.571	1.0216e-05	4.2459e-08	145.9913	-4.7929	1.1700	-0.256
GRB131020113	2013-10-20 02:42:25.917	2.240	1.145	2.7565e-07	2.5391e-08	100.2441	63.0897	19.7700	-0.832
GRB200303107	2020-03-03 02:34:23.847	82.177	3.874	2.3708e-05	1.2178e-07	96.5329	61.5036	0.0005	2.304
GRB240207639	2024-02-07 15:20:18.223	22.784	3.692	1.5153e-06	3.3391e-08	157.9483	56.3839	9.1600	-11.008
GRB240814483	2024-08-14 11:34:55.448	12.032	2.318	1.3229e-06	2.1269e-08	138.5992	-8.5657	4.0000	-0.768
GRB140709051	2014-07-09 01:13:41.377	69.633	21.549	7.3491e-06	1.8500e-07	86.9081	8.5497	0.0500	-25.088
GRB210125369	2021-01-25 08:52:00.399	68.864	5.615	3.0587e-06	3.6342e-08	158.9428	8.5431	6.5100	-18.176
GRB180110608	2018-01-10 14:35:59.218	1.536	1.619	1.6419e-07	1.9910e-08	167.5960	35.2800	30.0800	-1.024
GRB200826923	2020-08-26 22:09:42.721	7.424	0.362	1.3515e-04	3.4242e-08	163.1868	50.4139	1.0000	2.304
GRB171207055	2017-12-07 01:18:42.452	0.176	0.072	2.2932e-07	1.6415e-08	90.9338	3.9593	9.5400	-0.064
GRB200817393	2020-08-17 09:25:20.224	30.464	2.919	1.8648e-06	4.3989e-08	120.5292	65.3280	16.4800	-22.272
GRB170306588	2017-03-06 14:07:22.273	18.944	0.923	2.6920e-05	7.1729e-08	161.9319	52.3348	0.6000	4.608
GRB230613373	2023-06-13 08:56:25.711	17.408	0.724	4.5713e-06	3.6677e-08	90.8836	4.4675	3.4700	-1.536
GRB130112286	2013-01-12 06:52:07.524	35.328	1.846	2.6135e-06	4.6856e-08	82.8983	49.3030	4.9300	-29.696
GRB191203290	2019-12-03 06:57:19.076	0.832	0.640	1.0241e-07	1.3545e-08	99.2278	-3.4524	34.2500	-0.448
GRB170506169	2017-05-06 04:02:48.201	0.832	1.950	2.1086e-07	3.3186e-08	165.8948	26.6435	9.6900	-0.448
GRB260221683	2026-02-21 16:22:52.240	2.304	0.810	6.7160e-07	5.6139e-08	96.6460	60.8607	6.6200	-1.28
GRB161217128	2016-12-17 03:03:45.786	3.584	2.360	5.1346e-07	4.2226e-08	93.7250	59.4172	7.5600	-1.536
GRB250217996	2025-02-17 23:54:41.802	0.352	0.045	1.3279e-06	9.2246e-09	164.5154	22.0489	4.5500	-0.032
GRB130305486	2013-03-05 11:39:11.369	25.600	1.557	4.6490e-05	7.1830e-08	166.2180	29.4095	0.0583	1.28
GRB251128182	2025-11-28 04:22:21.612	46.849	0.572	1.8365e-05	3.7875e-08	166.0256	29.8909	2.0100	-4.352
GRB221211274	2022-12-11 06:34:53.713	4.416	1.431	6.9405e-07	2.7553e-08	157.7095	55.3578	4.7000	-0.128
GRB120226447	2012-02-26 10:44:16.385	14.592	3.916	5.8476e-06	7.8484e-08	160.0726	12.5832	1.1500	-3.264
GRB241120246	2024-11-20 05:53:58.544	3.200	0.202	3.3722e-06	1.2452e-08	120.8568	64.9548	0.0167	-0.128
GRB231028935	2023-10-28 22:25:54.098	44.801	3.367	6.9903e-06	8.5520e-08	96.0356	-0.2186	2.4600	-0.256
GRB160206430	2016-02-06 10:19:12.431	21.504	4.199	2.7962e-06	5.2127e-08	134.9027	63.9114	4.1700	-5.632
GRB110605183	2011-06-05 04:23:32.304	82.689	3.083	1.9252e-05	5.5931e-08	124.2268	-10.3907	1.0000	1.536
GRB180201780	2018-02-01 18:43:45.497	0.640	0.547	1.2710e-07	1.8577e-08	156.0161	6.6299	9.2100	-0.576
GRB180130744	2018-01-30 17:51:26.791	0.256	0.916	8.1398e-08	1.6276e-08	165.1804	41.6132	68.0800	-0.192
GRB200109074	2020-01-09 01:45:51.894	40.960	4.615	2.3109e-06	3.3592e-08	89.2553	8.2778	0.0006	0.0
GRB140311885	2014-03-11 21:14:35.646	72.193	8.764	7.0240e-06	6.7481e-08	80.3932	39.5637	0.0500	-4.352
GRB120101354	2012-01-01 08:30:06.908	0.128	0.072	1.0925e-07	1.3869e-08	132.4650	63.6977	8.7700	-0.096
GRB150416773	2015-04-16 18:33:25.965	33.281	3.665	6.2375e-06	5.9016e-08	148.5600	-0.5255	1.9300	0.512
GRB181127274	2018-11-27 06:35:01.896	12.288	2.673	8.6200e-07	2.5579e-08	118.5411	-9.6561	9.3000	-2.304
GRB200323006	2020-03-23 00:08:42.965	7.168	2.521	7.2956e-07	2.8290e-08	106.0767	-6.0501	11.8300	-2.304
GRB160211119	2016-02-11 02:50:48.276	0.960	1.042	1.4487e-07	1.2475e-08	164.9367	33.4035	4.9700	-0.768
GRB190611950	2019-06-11 22:47:49.337	100.610	0.572	8.3951e-05	7.1703e-08	159.7652	13.6655	1.0000	0.768
GRB150316400	2015-03-16 09:36:09.199	1.984	1.541	1.3116e-07	1.8718e-08	124.7756	-9.6883	11.4400	-1.472
GRB220507423	2022-05-07 10:09:05.746	5.950	0.831	1.6732e-06	2.1645e-08	91.3293	56.1307	3.6700	0.003
GRB160512536	2016-05-12 12:52:09.526	104.448	8.764	3.4108e-06	6.1294e-08	104.2776	61.6882	5.0800	-72.448
GRB180521935	2018-05-21 22:26:57.242	31.232	7.940	6.6444e-07	2.3899e-08	162.7690	21.0820	20.4500	-14.336
GRB200623138	2020-06-23 03:18:00.637	0.096	0.136	6.3341e-08	1.1293e-08	82.9622	45.4239	0.0700	-0.064
GRB190311600	2019-03-11 14:23:37.601	12.544	5.278	1.3640e-06	6.7788e-08	99.8569	60.0504	0.0005	-5.632
GRB131126163	2013-11-26 03:54:10.431	0.128	0.353	1.7045e-06	2.8336e-08	96.8185	58.7796	2.2800	-0.016
GRB200924284	2020-09-24 06:48:55.203	7.168	1.950	4.6957e-06	3.2954e-07	127.8554	-9.0179	3.0800	-1.024
GRB230321100	2023-03-21 02:24:09.679	6.912	0.724	4.7192e-06	2.5968e-08	160.5933	17.4640	1.0000	-0.256
GRB130304410	2013-03-04 09:49:53.099	67.841	2.862	3.7015e-05	9.1510e-08	161.8166	19.3088	1.2000	0.832
GRB240106024	2024-01-06 00:34:08.403	143.875	0.923	2.8181e-05	4.4469e-08	119.9962	-9.0700	1.7000	13.824
GRB250313607	2025-03-13 14:34:33.689	298.245	0.810	8.7791e-05	9.9732e-08	82.6857	24.0379	0.2300	1.088
GRB190601325	2019-06-01 07:47:24.176	0.640	0.749	4.9921e-07	1.4397e-08	153.1160	54.9621	8.2800	-0.128
GRB140608713	2014-06-08 17:07:10.509	6.400	3.874	1.9455e-06	6.0005e-08	100.3297	59.8270	2.9100	-0.256
GRB171102107	2017-11-02 02:33:35.989	48.385	0.572	2.9167e-05	2.6299e-08	129.5367	62.8343	0.9200	7.68
GRB250527582	2025-05-27 13:58:32.415	27.136	1.280	8.8074e-07	2.6511e-08	93.7521	4.4890	11.1900	-3.328
GRB200706231	2020-07-06 05:32:09.326	0.832	0.577	6.0408e-08	7.5004e-09	158.5084	14.5559	48.5300	-0.064
GRB141202470	2014-12-02 11:17:05.606	1.408	0.272	4.3517e-06	2.2705e-08	162.0867	44.9177	0.3600	-0.064
GRB170310417	2017-03-10 09:59:50.544	13.568	6.676	6.7460e-07	2.2593e-08	95.0526	57.2870	13.6800	-10.24
GRB121128212	2012-11-28 05:05:50.959	17.344	0.923	9.2979e-06	1.1379e-07	88.2704	12.2424	0.0002	-0.768
GRB161022114	2016-10-22 02:43:45.921	26.368	6.323	1.7294e-06	8.7850e-08	163.7351	36.8039	0.0006	-15.872
GRB130420539	2013-04-20 12:56:32.988	13.824	5.278	1.5971e-06	5.7693e-08	134.9608	61.8193	0.0005	-7.168
GRB230827256	2023-08-27 06:08:30.734	11.005	2.318	1.0490e-05	1.4682e-07	88.1345	12.8096	0.0001	0.003
GRB250529157	2025-05-29 03:46:16.316	102.658	0.362	3.3633e-05	2.4844e-08	119.5550	-7.9796	4.2300	13.056
GRB200802491	2020-08-02 11:46:46.843	91.138	2.318	1.2139e-05	5.0068e-08	99.7342	-0.1745	2.1200	1.28
GRB220618382	2022-06-18 09:10:19.587	43.777	8.464	3.3780e-06	4.9904e-08	137.5211	-4.6721	0.0500	-0.512
GRB120308588	2012-03-08 14:06:05.773	25.600	1.557	6.7214e-06	6.2736e-08	133.0849	-6.2348	1.1900	-21.504
GRB160101215	2016-01-01 05:10:12.860	22.013	1.619	1.8666e-06	3.3025e-08	116.3538	-7.0532	1.3700	0.003
GRB180428102	2018-04-28 02:27:15.309	64.510	0.923	5.2549e-06	4.3172e-08	159.0653	16.0734	3.0400	0.003
GRB120522361	2012-05-22 08:39:16.839	28.160	8.039	9.3244e-06	5.0849e-08	146.1470	-0.0351	2.0200	-11.52
GRB201031744	2020-10-31 17:51:24.536	34.048	3.665	2.2277e-06	2.8242e-08	140.3546	-3.7014	4.0000	-14.848
GRB251025964	2025-10-25 23:08:40.294	44.032	5.221	4.3215e-06	2.6496e-08	147.0281	57.8809	2.2100	0.0
GRB250620672	2025-06-20 16:07:09.917	31.806	1.492	6.5088e-05	7.5872e-08	161.1161	44.4338	1.0000	0.003
GRB130228111	2013-02-28 02:40:02.166	107.778	1.448	8.2787e-06	5.6910e-08	83.0404	37.4747	0.5000	-9.984
GRB151014592	2015-10-14 14:13:03.581	34.304	1.448	2.8912e-06	3.6013e-08	115.7750	-7.1071	14.1700	-1.024
GRB250523602	2025-05-23 14:26:23.305	10.237	0.360	4.9905e-06	1.5604e-08	144.4502	-0.8319	3.0300	0.003
GRB200529504	2020-05-29 12:05:34.896	46.592	1.639	5.0010e-06	6.4179e-08	103.4995	-2.1670	3.6500	-38.4
GRB230904853	2023-09-04 20:28:02.189	5.632	1.864	6.0497e-07	2.2535e-08	162.6900	35.9765	3.9200	-0.256
GRB230805684	2023-08-05 16:25:10.824	0.384	0.834	1.1125e-07	1.0865e-08	154.3227	8.9903	12.6700	-0.032
GRB130925546	2013-09-25 13:05:43.127	265.477	3.338	1.4880e-05	2.2030e-07	156.2076	11.9084	4.1200	-217.604
GRB121125356	2012-11-25 08:32:29.627	49.857	2.099	6.5605e-06	6.7469e-08	90.4541	51.8506	0.0500	-6.144
GRB220829610	2022-08-29 14:37:48.797	20.480	0.572	9.3643e-06	1.3855e-08	141.4597	-2.5612	1.0000	0.256
GRB260105949	2026-01-05 22:47:11.668	46.093	0.371	9.1612e-06	3.4225e-08	149.3728	3.6250	3.3300	0.004
GRB211204901	2021-12-04 21:37:00.552	17.408	1.999	2.2565e-05	1.2188e-07	108.4275	-4.0270	1.7200	1.536
GRB110522256	2011-05-22 06:08:17.449	28.160	2.673	2.1093e-06	3.1613e-08	90.5433	51.5520	5.5600	-8.704
GRB190404293	2019-04-04 07:01:21.925	9.472	1.999	9.4758e-07	8.2899e-08	162.5310	32.4090	11.6200	-7.424
GRB170207906	2017-02-07 21:45:03.673	38.913	0.572	5.4200e-05	9.0799e-08	94.4960	6.0019	6.0850	1.28
GRB230130204	2023-01-30 04:53:48.905	1.792	1.864	5.2463e-07	2.6920e-08	110.0638	60.2315	6.2700	-1.28
GRB210827416	2021-08-27 09:59:24.343	8.704	6.026	3.8975e-07	3.7629e-08	142.3252	58.5578	0.0666	-2.56
GRB140829880	2014-08-29 21:07:27.466	77.568	2.064	5.3902e-06	1.2456e-07	84.1711	37.3118	3.5300	-1.024
GRB130813791	2013-08-13 18:59:22.758	11.264	1.145	1.2314e-06	2.1521e-08	110.6404	59.7092	10.4700	-9.472
GRB210501940	2021-05-01 22:33:02.155	0.832	0.202	6.8464e-07	1.8888e-08	96.4501	54.6332	13.6100	-0.448
GRB241206505	2024-12-06 12:06:49.876	30.782	2.072	3.5433e-06	3.0916e-08	99.7232	56.8657	5.1500	0.003
GRB201228640	2020-12-28 15:21:45.972	30.977	9.220	1.0086e-06	2.9546e-08	135.4490	-4.6309	0.0500	-0.256
GRB190712095	2019-07-12 02:16:41.727	6.400	1.056	1.1094e-06	2.5213e-08	86.9501	19.3244	7.5900	-2.048
GRB170428136	2017-04-28 03:16:17.458	27.648	3.974	2.7361e-06	3.1502e-08	118.4123	-6.3572	7.4600	-5.632
GRB170626401	2017-06-26 09:37:21.954	12.288	0.362	1.5101e-05	6.0049e-08	149.0907	54.7250	0.0500	0.512
GRB120616630	2012-06-16 15:06:50.639	0.048	0.484	2.5760e-07	1.1567e-08	154.0825	10.7427	8.5400	-0.048
GRB171212948	2017-12-12 22:44:40.434	6.656	0.923	1.2377e-06	5.7295e-08	160.1191	24.7285	9.9500	-2.304
GRB231030832	2023-10-30 19:58:19.937	10.752	0.362	2.0996e-05	2.3598e-08	86.5465	43.4993	1.1200	0.32
GRB130706900	2013-07-06 21:36:07.810	0.128	1.118	1.8650e-07	2.1250e-08	89.8728	13.9196	10.4300	-0.064
GRB130404877	2013-04-04 21:02:11.029	0.960	1.729	2.2021e-07	5.6106e-08	131.4162	-5.3616	18.2300	-0.128
GRB200830413	2020-08-30 09:54:18.490	15.104	1.619	1.8985e-06	2.2069e-08	107.8681	-3.0656	7.1900	-7.936
GRB251003082	2025-10-03 01:58:31.956	9.728	2.862	1.0080e-06	3.8883e-08	126.0767	-6.2424	0.0006	-4.096
GRB160814622	2016-08-14 14:54:58.382	1.664	1.900	3.9107e-07	5.3157e-08	127.8291	-6.0248	16.0600	-0.832
GRB170511477	2017-05-11 11:26:55.123	2.304	1.280	4.1050e-07	7.7838e-08	157.9998	18.2153	6.7900	-0.768
GRB251010739	2025-10-10 17:44:25.726	17.664	1.846	2.1948e-06	2.9974e-08	101.5764	56.9226	4.5000	-1.536
GRB240414098	2024-04-14 02:20:39.262	82.176	4.128	6.5656e-06	4.7327e-08	131.7549	59.8446	0.0500	-44.8
GRB200619108	2020-06-19 02:36:11.670	28.672	1.305	5.5215e-06	5.0950e-08	159.0700	21.6189	4.0200	0.256
GRB140716306	2014-07-16 07:20:12.701	3.328	2.919	2.3956e-07	3.2221e-08	101.0854	56.1590	5.6700	-0.768
GRB250602128	2025-06-02 03:04:31.307	14.592	0.810	2.0176e-06	2.0262e-08	160.2915	27.2811	0.4000	0.0
GRB160303201	2016-03-03 04:49:32.084	48.129	6.446	1.4295e-05	1.4987e-07	149.7547	53.6358	9.0500	1.792
GRB140705539	2014-07-05 12:55:28.740	26.880	1.557	3.1772e-06	4.8210e-08	149.4858	53.7633	5.8300	-3.072
GRB120114681	2012-01-14 16:20:05.680	43.264	5.804	2.3862e-06	4.1988e-08	96.3214	5.9989	0.0380	-7.936
GRB170921168	2017-09-21 04:02:11.511	39.361	4.481	6.5640e-05	3.2633e-07	160.0759	38.3968	1.0000	1.024
GRB210704815	2021-07-04 19:33:24.588	4.672	0.181	4.0022e-05	7.1147e-08	151.9671	51.5943	0.0009	0.32
GRB240829058	2024-08-29 01:23:40.698	11.520	0.810	1.4833e-05	5.2108e-08	110.6537	58.7099	1.0000	0.768
GRB250813074	2025-08-13 01:46:03.861	18.944	2.415	6.4211e-07	3.2350e-08	113.8333	-4.3885	3.0600	-6.144
GRB160912674	2016-09-12 16:10:11.390	48.128	5.221	3.1922e-06	3.0264e-08	91.4318	13.4325	0.0050	1.024
GRB140930134	2014-09-30 03:12:32.489	3.264	1.619	2.4858e-07	2.1561e-08	137.8843	-1.9144	10.5300	-0.704
GRB231123832	2023-11-23 19:58:25.384	0.448	1.105	1.1397e-07	1.3892e-08	131.3594	59.1496	11.6900	-0.064
GRB200714247	2020-07-14 05:56:02.259	8.704	2.429	6.1866e-07	4.2588e-08	121.6092	-5.3766	6.6700	-0.256
GRB150206407	2015-02-06 09:46:27.485	5.120	1.056	1.3681e-06	2.9761e-08	97.8331	53.8855	6.7600	-1.024
GRB150530488	2015-05-30 11:42:15.607	7.168	0.572	3.4853e-06	4.0925e-08	100.4424	2.7929	0.0009	-1.024
GRB210226197	2021-02-26 04:43:56.563	18.880	1.145	2.4903e-06	2.1454e-08	159.9442	33.9095	0.0006	-0.896
GRB231215408	2023-12-15 09:47:17.811	16.128	0.572	5.9323e-05	7.8989e-08	121.2572	-5.1847	0.0010	1.28
GRB130818941	2013-08-18 22:34:33.785	25.344	3.183	3.5262e-06	6.8296e-08	123.5343	59.5456	2.2300	-16.896
GRB161115745	2016-11-15 17:52:31.624	0.032	2.240	1.6436e-07	2.2797e-08	111.8527	-2.9699	8.4400	-0.048
GRB180803590	2018-08-03 14:09:49.734	0.384	2.382	1.8976e-07	5.1973e-08	150.4478	7.9499	17.3700	-0.384
GRB140727748	2014-07-27 17:56:44.855	13.824	1.864	1.3213e-06	4.5601e-08	149.3426	6.7053	11.3700	-1.792
GRB160709370	2016-07-09 08:52:30.456	38.657	1.864	7.0224e-06	5.0520e-08	86.2020	31.3214	3.0400	-0.768
GRB241026946	2024-10-26 22:42:31.284	16.384	1.557	5.9128e-06	3.6524e-08	89.8105	17.4638	0.0500	0.32
GRB200723691	2020-07-23 16:35:24.787	58.113	1.639	5.3839e-06	3.9911e-08	87.5808	40.2275	4.0100	-1.28
GRB231230062	2023-12-30 01:29:10.052	17.152	1.379	3.9900e-06	1.5047e-07	88.4437	42.4076	0.0500	-0.768
GRB120206949	2012-02-06 22:46:16.685	9.472	3.338	5.8759e-06	6.3131e-08	150.4642	9.1770	2.2500	-0.256
GRB250309029	2025-03-09 00:42:03.785	2.240	0.410	4.0277e-08	8.9562e-09	140.0675	-0.2812	22.8600	-0.704
GRB180426549	2018-04-26 13:11:00.846	16.189	0.831	1.0632e-05	3.3239e-08	113.3616	58.2428	1.6500	0.003
GRB140817293	2014-08-17 07:01:58.190	16.128	4.382	5.0345e-06	4.1116e-08	159.0836	35.5442	0.0360	-9.216
GRB200528436	2020-05-28 10:27:24.347	56.577	0.362	2.9052e-05	3.8009e-08	138.5772	56.9223	0.0010	2.56
GRB161015400	2016-10-15 09:36:01.104	0.192	0.847	1.0710e-07	2.0115e-08	143.5389	55.1956	15.1300	-0.096
GRB151212064	2015-12-12 01:32:04.972	13.312	1.557	8.4142e-06	3.2493e-08	95.7435	8.4995	1.6900	0.32
GRB120926335	2012-09-26 08:02:56.573	4.288	1.833	2.4776e-06	4.8167e-08	97.4883	6.7264	1.5100	-0.64
GRB230808451	2023-08-08 10:49:12.783	62.465	13.968	1.1860e-05	2.3237e-07	152.8782	12.7381	2.2000	1.024
GRB150202999	2015-02-02 23:59:08.273	167.427	3.367	3.2522e-05	9.4521e-08	154.2116	15.0883	1.0000	1.536
GRB120130938	2012-01-30 22:30:34.465	38.913	7.455	1.0413e-05	1.6258e-07	99.4458	5.0438	1.0000	-5.12
GRB150522944	2015-05-22 22:38:44.068	1.024	0.580	2.1346e-07	1.1225e-08	158.3233	37.3686	10.4700	-0.128
GRB140824606	2014-08-24 14:33:12.039	108.802	0.923	1.2611e-05	7.5641e-08	125.7830	-4.1106	1.4900	2.816
GRB200211813	2020-02-11 19:30:01.312	55.040	8.291	2.4467e-06	5.0305e-08	157.8778	27.1867	10.8900	-16.896
GRB200318941	2020-03-18 22:35:27.222	10.240	1.619	2.9050e-06	2.3825e-08	158.1746	33.5056	1.0000	-0.256
GRB220620016	2022-06-20 00:22:46.101	0.064	1.083	1.1817e-07	1.2940e-08	156.2005	43.2706	9.2300	-0.064
GRB140108721	2014-01-08 17:18:42.988	91.393	2.360	1.9727e-05	2.4767e-07	100.2722	4.5484	0.0006	1.536
GRB230430196	2023-04-30 04:42:34.211	12.032	2.721	8.3926e-07	2.5349e-08	130.8184	-1.3257	15.1400	-0.768
GRB120715066	2012-07-15 01:35:15.573	29.696	3.083	2.1952e-06	3.6310e-08	87.5633	28.4043	3.7300	-4.864
GRB250816063	2025-08-16 01:30:10.454	0.704	0.143	1.2196e-06	1.0887e-08	151.0229	49.6232	3.0400	-0.064
GRB190326975	2019-03-26 23:24:41.342	20.736	1.280	1.6705e-06	4.2828e-08	150.7645	49.7506	4.5900	0.768
GRB110903111	2011-09-03 02:39:34.422	341.254	2.288	3.4703e-05	7.6100e-08	118.8457	58.0095	0.0006	-0.256
GRB150512432	2015-05-12 10:22:25.873	123.138	3.167	1.4435e-05	1.1005e-07	115.6167	57.5821	3.6400	-19.968
GRB140912664	2014-09-12 15:56:35.838	2.304	1.619	5.9209e-07	2.1183e-08	93.7439	13.5437	8.2100	-0.768
GRB120129580	2012-01-29 13:55:46.244	3.072	0.362	5.4486e-05	7.1163e-08	131.8151	-2.3715	0.9270	0.32
GRB130215649	2013-02-15 15:34:16.190	58.113	1.557	2.1492e-05	6.0381e-08	117.9765	-3.1160	2.1000	6.912
GRB120716577	2012-07-16 13:51:02.134	24.960	3.958	5.2229e-06	1.2542e-07	93.8931	13.0194	5.0900	-5.888
GRB130420313	2013-04-20 07:30:19.925	104.962	8.809	1.1593e-05	2.4326e-07	119.8433	57.6302	0.0010	-59.649
GRB140713780	2014-07-13 18:43:45.303	5.376	1.379	8.3145e-07	3.9676e-08	89.3346	24.0228	0.0010	-0.256
GRB211216556	2021-12-16 13:21:07.392	28.416	1.280	6.3826e-06	2.9238e-08	155.5133	22.2761	4.2900	-1.024
GRB220523558	2022-05-23 13:24:08.418	7.168	1.145	4.5841e-06	6.6831e-08	156.3908	23.8995	1.8900	-0.256
GRB130224370	2013-02-24 08:53:02.377	70.913	4.291	4.9616e-06	5.9366e-08	111.1314	56.1972	2.6200	-35.841
GRB250610966	2025-06-10 23:11:04.772	42.753	2.111	6.1406e-06	5.1029e-08	129.8913	-2.3783	2.5300	-0.768
GRB240804796	2024-08-04 19:06:02.353	52.736	3.974	4.4429e-06	5.3786e-08	88.4735	31.3394	3.7100	-25.6
GRB200524211	2020-05-24 05:04:00.358	37.761	6.209	1.3964e-05	9.1271e-08	106.7717	53.5542	0.2000	0.704
GRB160118060	2016-01-18 01:25:42.450	46.849	1.145	2.9840e-05	4.5460e-08	125.3795	-2.9993	1.4900	1.024
GRB121113544	2012-11-13 13:02:43.531	95.490	2.611	2.6848e-05	7.8198e-08	96.8099	9.6932	2.0600	1.536
GRB141126233	2014-11-26 05:35:56.536	0.896	0.792	4.0459e-07	2.2758e-08	91.1400	42.4478	17.1200	-0.192
GRB130630272	2013-06-30 06:31:19.699	17.152	0.572	1.6520e-05	6.9479e-08	141.9743	53.5584	1.0000	0.512
GRB170315582	2017-03-15 13:57:56.729	16.128	2.360	1.5030e-06	3.1499e-08	96.0410	48.2020	9.1800	-1.28
GRB181221565	2018-12-21 13:34:19.059	15.616	3.167	1.5537e-06	3.5300e-08	89.5143	32.9232	6.0600	-4.864
GRB200614608	2020-06-14 14:34:55.239	9.728	1.810	1.7360e-06	5.9218e-08	156.1580	29.6463	6.4600	-0.256
GRB250331243	2025-03-31 05:49:17.015	8.960	1.810	5.6208e-07	3.1485e-08	138.6914	3.8824	0.0830	-1.28
GRB160316573	2016-03-16 13:45:26.609	17.920	3.665	3.4895e-06	7.1833e-08	135.4112	54.9178	3.4400	-0.768
GRB211018505	2021-10-18 12:07:38.850	24.576	2.429	1.7998e-06	3.4793e-08	95.0940	13.8687	11.0200	-0.768
GRB190222537	2019-02-22 12:53:27.151	13.312	2.318	1.5106e-05	1.1246e-07	152.0335	44.5365	1.5000	0.32
GRB250128440	2025-01-28 10:33:42.595	23.296	2.828	1.5254e-06	3.1986e-08	92.5711	23.3245	5.4200	-0.256
GRB210227115	2021-02-27 02:45:10.888	17.920	1.305	1.7695e-06	3.0365e-08	155.7571	29.6851	5.8000	-0.256
GRB130831058	2013-08-31 01:24:13.793	24.832	0.810	2.1300e-06	2.4717e-08	89.9653	30.8952	8.0600	-6.912
GRB151027166	2015-10-27 03:58:24.033	123.394	1.145	1.4069e-05	6.0969e-08	90.4834	28.4889	0.0005	0.256
GRB201004365	2020-10-04 08:45:57.614	36.353	6.955	5.6424e-06	1.4220e-07	131.1532	-0.5749	4.2900	-1.024
GRB130620498	2013-06-20 11:57:06.927	14.592	4.404	1.1754e-06	5.5800e-08	148.5309	11.2618	12.2700	-11.264
GRB120415958	2012-04-15 22:59:19.133	12.544	1.717	2.3142e-06	5.4739e-08	150.5860	45.7059	4.9600	-4.352
GRB221110619	2022-11-10 14:50:57.648	36.352	3.125	1.5217e-06	3.2580e-08	110.7983	54.2748	5.6500	-3.328
GRB190406465	2019-04-06 11:09:47.053	15.104	3.238	1.5556e-06	8.1773e-08	92.0174	22.0209	7.0900	-6.144
GRB170111760	2017-01-11 18:14:36.125	0.832	0.781	2.6165e-07	2.4975e-08	155.3216	30.5877	14.7400	-0.704
GRB250327313	2025-03-27 07:30:06.326	161.283	8.464	1.6798e-05	8.0405e-08	92.2508	39.9317	0.0500	1.28
GRB210511477	2021-05-11 11:26:39.260	5.888	0.724	9.7435e-06	4.0545e-08	99.2220	9.7642	1.0000	0.512
GRB220418661	2022-04-18 15:51:58.878	2.752	1.346	6.0154e-07	1.2607e-08	105.8219	4.3211	7.7700	-0.32
GRB130325005	2013-03-25 00:07:46.818	0.640	0.453	5.6564e-08	1.3883e-08	131.0680	0.3042	16.1400	-0.064
GRB191019469	2019-10-19 11:15:15.469	11.264	1.864	9.2177e-07	1.6740e-08	154.3333	26.8434	3.2800	-0.512
GRB260222423	2026-02-22 10:09:38.751	61.185	5.221	4.2038e-06	7.2366e-08	106.4380	3.6117	4.3900	6.144
GRB230128950	2023-01-28 22:47:49.077	119.042	3.125	1.1762e-05	3.0073e-08	119.0105	55.2543	6.2700	-26.113
GRB251102086	2025-11-02 02:03:46.071	62.206	1.863	1.1647e-05	3.2970e-08	122.4454	53.2658	2.1800	0.004
GRB200412381	2020-04-12 09:08:40.707	6.080	0.286	7.2489e-05	3.4581e-07	91.3012	26.1846	0.5000	5.184
GRB161109263	2016-11-09 06:18:45.665	23.552	1.379	2.0917e-05	6.0081e-08	146.9643	48.2768	0.3000	3.84
GRB220210998	2022-02-10 23:56:38.371	43.520	4.471	1.6531e-06	6.1653e-08	110.5144	1.5942	0.0200	-0.512
GRB260120750	2026-01-20 18:00:26.046	6.656	1.305	3.1468e-06	3.1839e-08	92.2119	22.8967	0.0500	0.0
GRB190612165	2019-06-12 03:57:24.648	144.896	3.367	4.8785e-06	4.0459e-08	101.1218	49.4300	9.3000	-2.816
GRB120811649	2012-08-11 15:34:55.092	14.336	6.557	3.4466e-06	2.1134e-07	117.4461	54.5445	0.0500	-7.168
GRB121019233	2012-10-19 05:35:09.226	14.336	7.907	5.8857e-07	8.3598e-08	136.7122	2.5898	7.5200	-2.56
GRB210615982	2021-06-15 23:33:53.604	1.856	0.405	1.4019e-07	1.3970e-08	109.4410	2.4669	7.5500	-1.472
GRB180102660	2018-01-02 15:49:47.209	13.312	4.344	8.2580e-07	3.2399e-08	114.7795	54.3063	0.0010	-8.192
GRB170808065	2017-08-08 01:34:09.390	4.352	0.810	2.4514e-06	5.4462e-08	118.5167	-0.2545	2.0000	-0.256
GRB141026742	2014-10-26 17:48:07.097	2.560	0.968	3.9677e-07	8.7507e-09	153.2680	37.5719	13.3000	-0.512
GRB160821937	2016-08-21 22:29:13.333	1.088	0.977	1.9536e-07	2.0238e-08	92.1864	25.1340	0.0500	-0.064
GRB260314041	2026-03-14 00:58:50.354	115.458	2.862	3.5943e-06	3.3320e-08	92.3790	34.1796	8.2400	-2.304
GRB161210524	2016-12-10 12:33:54.354	2.304	2.862	5.5857e-07	2.3896e-08	93.2232	23.8680	10.1100	-1.792
GRB130716442	2013-07-16 10:36:53.588	0.768	0.389	6.4029e-07	8.8594e-09	132.8974	53.0315	0.0420	-0.448
GRB140204547	2014-02-04 13:07:02.560	71.168	8.798	2.3535e-06	3.6892e-08	141.9658	50.4596	5.6400	-1.536
GRB170723677	2017-07-23 16:15:27.855	20.992	3.083	8.0212e-07	2.0665e-08	127.1448	0.1100	12.6300	-1.792
GRB110722710	2011-07-22 17:01:45.913	14.336	2.721	1.7989e-06	6.6845e-08	120.8361	-0.0572	4.6600	-4.608
GRB160421137	2016-04-21 03:17:33.153	25.088	6.676	3.9607e-05	1.7973e-07	137.9339	3.9838	1.1800	1.792
GRB140311618	2014-03-11 14:49:13.096	14.336	5.684	3.9747e-06	1.2390e-07	130.0459	53.8065	3.3200	-3.072
GRB191130253	2019-11-30 06:04:41.797	121.090	1.448	1.2931e-05	3.5379e-08	112.5411	2.1170	2.2700	-45.313
GRB220330520	2022-03-30 12:28:09.273	0.320	0.143	4.4071e-07	1.9545e-08	102.8153	8.0788	3.7500	-0.192
GRB120911298	2012-09-11 07:08:33.988	22.016	1.833	2.3432e-06	4.2500e-08	116.2597	1.0000	0.0001	-4.48
GRB150128624	2015-01-28 14:58:54.503	0.096	0.906	1.2711e-07	5.0093e-08	153.0200	35.1256	9.0900	-0.064
GRB121118576	2012-11-18 13:48:54.256	33.277	0.808	6.7077e-06	3.5376e-08	97.8698	13.9877	2.4000	0.003
GRB240320729	2024-03-20 17:29:47.559	4.864	3.083	4.0852e-07	3.2671e-08	147.9401	44.7447	14.5200	-2.048
GRB130106995	2013-01-06 23:52:25.792	70.401	0.572	1.5435e-05	6.7999e-08	129.9852	1.3826	1.8700	-1.024
GRB140709637	2014-07-09 15:17:52.853	156.416	7.940	7.3577e-06	6.3382e-08	149.2544	42.8393	0.0100	-131.328
GRB260101039	2026-01-01 00:56:30.650	27.392	0.572	7.0714e-06	1.9819e-08	149.4624	17.2431	0.0000	0.256
GRB221221944	2022-12-21 22:39:30.568	7.424	0.769	1.0728e-05	4.6150e-08	148.6129	15.3464	2.7400	0.32
GRB170521882	2017-05-21 21:10:46.825	7.680	1.999	9.4081e-07	4.9725e-08	148.4523	15.2615	9.7000	-4.864
GRB151009949	2015-10-09 22:47:03.449	18.944	2.429	1.4330e-06	3.0712e-08	103.7946	48.8609	13.2800	-14.848
GRB170111815	2017-01-11 19:34:01.386	3.072	1.318	5.9553e-07	1.2093e-08	93.1150	29.3825	6.7100	-1.6
GRB220823618	2022-08-23 14:50:33.960	69.632	6.527	2.4932e-06	4.3060e-08	94.5518	21.9544	7.7800	-18.688
GRB200421865	2020-04-21 20:45:59.726	67.073	2.611	1.0003e-05	5.7194e-08	141.8021	48.8546	2.2800	-0.768
GRB190109497	2019-01-09 11:56:10.763	8.192	2.996	6.3140e-07	2.3126e-08	140.5875	6.7282	0.0006	-5.376
GRB260130562	2026-01-30 13:29:20.821	0.496	0.480	1.0451e-06	1.4004e-08	137.7827	5.5135	1.6000	-0.032
GRB170731751	2017-07-31 18:01:39.750	90.112	2.360	3.2456e-06	2.9663e-08	96.1563	40.2954	6.3000	-35.328
GRB200112525	2020-01-12 12:36:31.101	4.925	0.602	6.2234e-06	4.2706e-08	146.9402	43.9182	2.0000	0.003
GRB131230529	2013-12-30 12:41:27.116	3.072	1.056	5.9074e-07	3.9786e-08	149.6951	19.4036	11.0700	-2.56
GRB160714097	2016-07-14 02:19:15.618	0.320	0.362	1.1169e-07	1.4801e-08	98.6277	44.6481	0.0500	-0.064
GRB150314205	2015-03-14 04:54:50.854	10.688	0.143	8.1592e-05	1.2798e-07	152.2764	34.5897	0.0005	0.608
GRB170131969	2017-01-31 23:14:59.358	23.040	5.971	5.0058e-06	1.9142e-07	109.6874	4.4141	0.0500	-2.56
GRB161106499	2016-11-06 11:57:53.617	10.752	0.362	1.4519e-05	2.6616e-08	116.6378	51.7967	1.5000	0.768
GRB140110814	2014-01-10 19:31:34.447	81.152	6.582	8.3201e-06	1.3078e-07	130.8073	3.4569	3.1900	-17.408
GRB210104477	2021-01-04 11:26:59.866	31.745	0.572	1.9137e-05	5.5597e-08	151.0224	24.7220	0.0015	0.512
GRB200125864	2020-01-25 20:43:31.188	5.824	0.091	5.0443e-05	2.3920e-08	120.6208	1.9154	1.0000	0.768
GRB130725527	2013-07-25 12:38:40.770	6.656	0.860	5.1820e-06	6.1025e-08	135.1027	4.7830	2.2700	-0.384
GRB200507662	2020-05-07 15:52:58.839	55.297	0.572	1.2297e-05	2.7592e-08	140.1732	8.8638	2.2000	3.072
GRB201006054	2020-10-06 01:17:52.270	4.288	3.206	6.8831e-07	1.2386e-07	141.7013	9.7149	0.0007	-0.192
GRB230826814	2023-08-26 19:32:44.528	37.377	2.429	6.5835e-06	7.5415e-08	146.4094	17.1375	0.0500	-1.28
GRB250521563	2025-05-21 13:31:01.202	5.952	0.590	5.1780e-07	1.4015e-08	150.0932	25.4087	16.0500	-0.256
GRB191009298	2019-10-09 07:08:56.769	61.697	0.724	5.9945e-06	3.6763e-08	128.6295	3.4774	1.4100	1.024
GRB150828333	2015-08-28 07:58:55.767	12.800	1.145	4.3228e-06	5.9516e-08	122.3077	51.3436	2.2600	-0.256
GRB250620337	2025-06-20 08:05:18.944	12.416	1.361	4.2913e-07	1.5069e-07	136.0210	6.4300	6.1700	-0.448
GRB200609380	2020-06-09 09:06:59.309	92.160	5.101	1.1622e-05	2.2276e-07	121.6065	3.5122	1.8800	-58.112
GRB151227072	2015-12-27 01:44:07.692	3.389	0.602	4.8279e-06	3.3103e-08	114.8540	50.4578	1.5300	0.003
GRB210503815	2021-05-03 19:34:09.461	32.768	4.471	2.7438e-06	5.6179e-08	106.3518	8.9900	5.1000	-17.408
GRB180706351	2018-07-06 08:25:09.026	38.144	1.145	3.9816e-06	2.9510e-08	130.0616	50.4660	0.0050	-28.928
GRB111018595	2011-10-18 14:16:48.868	8.192	1.864	1.1121e-06	5.3334e-08	149.6156	25.9278	7.1500	-0.768
GRB240502906	2024-05-02 21:45:04.749	0.768	0.373	5.6317e-07	2.1688e-08	138.0848	47.6555	8.1900	-0.128
GRB151212030	2015-12-12 00:42:58.448	22.272	4.615	2.0584e-06	6.9738e-08	99.6239	16.7159	3.6000	-14.848
GRB220311690	2022-03-11 16:33:18.401	10.496	1.950	1.2482e-06	4.3046e-08	142.2379	45.4645	0.0500	-6.144
GRB130408653	2013-04-08 15:40:22.855	9.216	3.665	2.0522e-06	4.8250e-08	149.7020	31.0353	3.9300	-4.864
GRB110919634	2011-09-19 15:12:15.784	35.073	3.974	2.6834e-05	1.8110e-07	96.5897	25.8414	1.0000	10.496
GRB140725583	2014-07-25 14:00:06.867	19.968	3.620	1.5077e-06	2.7209e-08	123.1243	3.5790	5.2800	-10.752
GRB220620064	2022-06-20 01:32:06.216	17.408	2.415	3.8356e-06	9.9875e-08	148.9468	27.3363	2.5700	-8.704
GRB170205521	2017-02-05 12:30:19.666	5.376	1.286	1.5164e-06	5.1269e-08	97.4905	23.1533	4.9900	-0.128
GRB201017407	2020-10-17 09:46:32.630	8.960	3.435	1.4105e-06	8.0514e-08	132.1530	5.5236	0.0010	-4.096
GRB240726339	2024-07-26 08:07:48.991	0.448	0.320	2.4449e-08	6.8921e-09	149.2135	28.3084	10.5300	-0.448
GRB200122221	2020-01-22 05:18:20.738	2.816	2.673	3.9052e-07	4.9461e-08	148.5476	33.2766	16.5900	-1.536
GRB140206304	2014-02-06 07:18:15.983	27.264	1.243	1.5520e-05	7.4778e-08	145.6154	41.0043	0.0020	0.512
GRB200423579	2020-04-23 13:54:11.373	0.032	0.403	8.7955e-08	1.2508e-08	105.6362	10.5753	11.2000	-0.064
GRB180411519	2018-04-11 12:27:40.969	77.570	2.996	2.0363e-05	2.0236e-07	116.6631	4.7029	0.0500	1.792
GRB111012811	2011-10-12 19:27:39.098	7.936	1.145	3.2939e-06	3.2261e-08	147.8044	22.6927	1.7100	-0.512
GRB190613172	2019-06-13 04:07:18.234	17.149	1.493	3.2010e-06	5.4623e-08	129.0362	49.4041	0.0500	0.003
GRB120915000	2012-09-15 00:00:41.638	0.576	1.318	5.0545e-07	2.5476e-08	113.4109	48.5708	5.8700	-0.32
GRB140521732	2014-05-21 17:34:18.731	11.550	3.595	2.6816e-06	4.1858e-08	104.8046	12.5190	0.0500	0.003
GRB150506630	2015-05-06 15:07:05.617	0.512	0.326	3.9651e-07	1.4974e-08	143.4879	15.7848	3.2100	0.0
GRB200906550	2020-09-06 13:11:53.377	67.329	1.950	4.6674e-06	2.2982e-08	97.9080	28.9463	0.0010	-49.153
GRB110529034	2011-05-29 00:48:42.871	0.512	0.091	1.4727e-06	1.3262e-08	147.8849	30.7830	1.5000	-0.128
GRB160824598	2016-08-24 14:21:12.938	3.456	0.389	9.5129e-06	1.8410e-08	142.4841	14.9967	1.0000	0.0
GRB111012456	2011-10-12 10:56:37.442	20.736	0.724	1.6452e-05	8.2624e-08	141.5900	42.9755	2.0800	1.024
GRB161212652	2016-12-12 15:38:59.379	2.816	0.320	4.5965e-07	2.4917e-08	127.4065	5.7791	8.5000	-0.384
GRB131215298	2013-12-15 07:08:45.197	23.040	2.360	8.0468e-06	9.0293e-08	147.1544	25.5003	1.3800	2.56
GRB230301278	2023-03-01 06:40:10.892	12.288	2.862	1.0265e-06	3.6537e-08	105.1017	13.2350	3.0100	-3.072
GRB190326314	2019-03-26 07:31:38.998	55.809	0.810	1.4516e-05	7.8707e-08	98.5748	31.9288	1.2600	2.56
GRB140428906	2014-04-28 21:44:38.599	0.320	0.286	9.1869e-07	2.0065e-08	118.8976	5.6410	0.4400	-0.256
GRB210511458	2021-05-11 10:58:57.350	17.920	1.086	1.4380e-06	1.6673e-08	100.9397	37.0081	10.5200	-3.328
GRB160317385	2016-03-17 09:14:06.100	43.776	1.619	2.5569e-06	1.1167e-07	145.6132	22.6997	5.5000	-0.768
GRB150607330	2015-06-07 07:55:09.845	26.173	0.680	3.9912e-06	9.5747e-08	144.8959	38.4276	0.0018	0.003
GRB230308564	2023-03-08 13:32:27.402	0.576	0.091	7.7266e-06	7.5881e-09	146.0687	22.2685	1.1700	0.0
GRB250520442	2025-05-20 10:36:02.409	11.520	2.360	1.4788e-06	2.5983e-08	146.4428	24.3403	4.3300	-0.512
GRB200530031	2020-05-30 00:44:10.568	22.528	2.290	2.3314e-05	3.6629e-08	129.6990	7.3756	0.4900	3.072
GRB180113116	2018-01-13 02:47:06.136	11.264	0.572	1.4232e-05	6.7461e-08	125.2507	5.9248	0.0500	0.32
GRB230320884	2023-03-20 21:12:25.550	14.592	0.810	1.0425e-05	5.3251e-08	128.4076	6.6593	2.5900	0.256
GRB150320462	2015-03-20 11:05:31.599	0.064	0.360	2.1648e-07	3.8479e-08	144.3297	38.2133	10.5500	-0.064
GRB111222619	2011-12-22 14:51:55.023	0.288	0.036	4.4186e-06	1.9059e-08	130.0958	47.3246	0.5000	-0.016
GRB220310122	2022-03-10 02:55:07.867	5.376	0.453	1.4564e-06	3.1142e-08	139.1098	13.4026	5.6500	-0.128
GRB120326056	2012-03-26 01:20:31.513	11.776	1.810	3.2583e-06	4.8406e-08	99.5012	28.3913	0.0005	-1.28
GRB260225789	2026-02-25 18:55:39.904	3.904	1.803	4.8011e-07	5.3933e-08	145.9491	25.1425	15.2100	-3.392
GRB160201883	2016-02-01 21:11:42.996	40.510	6.152	5.3105e-06	8.0009e-08	104.3736	15.6854	2.9000	0.003
GRB230525449	2023-05-25 10:46:08.332	0.112	0.080	9.0371e-07	1.5779e-08	133.9746	9.3065	6.7500	-0.08
GRB150428305	2015-04-28 07:19:02.950	32.512	3.278	1.5333e-06	4.7040e-08	102.9059	39.0193	6.0600	0.0
GRB130615398	2013-06-15 09:33:07.462	21.760	6.763	2.7397e-06	1.5218e-07	127.0263	47.2531	6.2000	-4.864
GRB210812699	2021-08-12 16:47:01.014	39.873	3.641	1.0985e-05	1.1370e-07	132.0964	8.6515	1.1200	-0.384
GRB170124238	2017-01-24 05:42:12.057	39.168	4.891	6.6659e-06	7.6425e-08	101.0884	22.3055	2.6100	0.768
GRB231115650	2023-11-15 15:36:21.201	0.032	0.036	4.7505e-07	7.6463e-09	141.4004	40.5759	0.0333	-0.016
GRB210730207	2021-07-30 04:57:29.034	4.160	0.466	3.0264e-06	2.0967e-08	141.2285	40.7343	0.0020	0.064
GRB230916144	2023-09-16 03:27:45.985	8.704	2.996	1.6820e-06	9.8512e-08	143.6125	37.0501	7.9600	-3.84
GRB191028589	2019-10-28 14:08:04.442	34.305	0.724	2.0311e-06	1.5744e-08	100.3923	27.3989	7.6700	-6.656
GRB180910032	2018-09-10 00:46:12.985	38.401	6.026	7.5301e-06	1.6500e-07	125.1757	46.9296	2.1200	-2.048
GRB170728961	2017-07-28 23:03:19.434	46.336	0.810	4.0192e-06	3.1752e-08	104.6094	39.9665	0.0400	0.0
GRB211118985	2021-11-18 23:38:14.587	7.168	2.828	2.7657e-06	5.8371e-08	129.6452	9.2712	2.6800	0.0
GRB130502327	2013-05-02 07:51:11.761	24.320	0.362	1.0496e-04	6.4268e-08	138.6962	15.1361	0.0000	7.168
GRB180427442	2018-04-27 10:37:03.044	25.921	0.716	5.0455e-05	1.2559e-07	101.0470	25.2667	1.0000	1.088
GRB240209263	2024-02-09 06:19:19.824	5.376	2.919	4.6524e-07	2.7906e-08	101.4131	33.1181	9.1300	-3.328
GRB151006413	2015-10-06 09:54:57.825	93.440	6.149	1.2235e-05	4.6956e-08	140.9233	39.6634	0.0013	1.536
GRB200509818	2020-05-09 19:38:38.819	2.176	0.405	2.2157e-07	1.5101e-08	140.5396	17.2658	14.2100	-0.192
GRB201103259	2020-11-03 06:13:09.809	0.192	0.091	3.8669e-07	1.8970e-08	103.3225	36.3930	15.9400	-0.064
GRB220324110	2022-03-24 02:39:04.314	44.289	13.119	6.7492e-06	7.3888e-08	123.7808	45.5559	2.6400	-1.536
GRB250529457	2025-05-29 10:58:24.317	49.665	2.521	3.4538e-06	3.3636e-08	139.3474	39.4562	2.8800	-3.84
GRB160408268	2016-04-08 06:25:43.857	1.056	0.604	6.9843e-07	2.8017e-08	143.9489	31.9252	0.0006	-0.544
GRB201223749	2020-12-23 17:58:25.695	33.281	25.601	2.0970e-06	5.5637e-08	142.9118	35.0886	0.0010	-18.945
GRB160924253	2016-09-24 06:04:09.039	74.496	14.117	1.0313e-06	5.5444e-08	143.3141	23.7945	11.9000	-6.4
GRB220306761	2022-03-06 18:15:36.243	13.312	3.083	1.0811e-06	3.2110e-08	120.5225	8.6313	0.0010	-1.28
GRB150919606	2015-09-19 14:33:18.900	6.656	0.923	2.3159e-06	6.5173e-08	137.8365	15.1770	2.5700	-0.224
GRB260310206	2026-03-10 04:57:10.810	57.344	9.159	5.3236e-06	1.0418e-07	111.9941	42.9678	0.0030	0.0
GRB220323507	2022-03-23 12:10:11.567	0.448	0.487	2.5985e-07	2.0488e-08	117.4353	9.7666	9.9300	-0.192
GRB160802259	2016-08-02 06:13:29.633	16.384	0.362	6.8399e-05	5.7109e-08	129.5730	10.9854	1.0000	0.288
GRB170514152	2017-05-14 03:38:38.212	12.032	2.828	1.3374e-06	3.1742e-08	140.4214	37.6255	12.0100	-0.256
GRB131028076	2013-10-28 01:49:02.346	17.152	0.572	1.5330e-04	1.3104e-07	135.5908	13.8049	1.0000	2.816
GRB200829582	2020-08-29 13:58:14.660	6.912	0.362	2.1351e-04	1.0470e-07	104.4984	35.1861	0.0013	16.896
GRB140809133	2014-08-09 03:11:10.196	69.120	6.802	1.9215e-06	4.3092e-08	132.1672	43.0989	4.1100	-7.168
GRB230701025	2023-07-01 00:36:36.751	24.832	4.891	1.9557e-06	4.0200e-08	104.7081	33.9781	3.9600	-1.024
GRB230210260	2023-02-10 06:14:06.965	32.512	6.276	2.3800e-06	8.6421e-08	103.7570	27.2473	8.9200	-1.536
GRB140508629	2014-05-08 15:05:26.137	50.433	8.464	2.6069e-06	4.5935e-08	103.2248	29.0013	3.5600	-0.256
GRB131209963	2013-12-09 23:06:16.406	4.096	3.125	6.5666e-07	7.3783e-08	104.4619	34.3373	6.1400	-0.512
GRB140308710	2014-03-08 17:02:38.673	12.032	1.846	6.4391e-06	3.8585e-08	116.3357	11.3317	2.6700	0.768
GRB220209959	2022-02-09 23:00:50.423	200.196	0.362	5.1604e-05	4.1207e-08	116.9141	11.2144	1.4000	9.984
GRB240415269	2024-04-15 06:26:57.604	9.984	1.086	1.6507e-06	2.5341e-08	141.0525	33.4014	0.0500	-4.096
GRB200403919	2020-04-03 22:04:03.419	37.377	3.840	6.6280e-06	5.5325e-08	107.4630	37.6987	4.1900	-7.936
GRB160720767	2016-07-20 18:23:56.999	69.889	2.064	1.3302e-04	8.1054e-08	134.7293	15.3306	0.7800	37.889
GRB260212742	2026-02-12 17:49:08.212	9.664	0.537	6.9106e-06	4.8104e-08	110.8577	39.4694	1.1400	-0.16
GRB150912600	2015-09-12 14:24:31.612	0.320	0.466	2.9364e-07	1.3236e-08	109.3640	16.0861	6.3800	-0.128
GRB200403896	2020-04-03 21:30:16.346	58.881	6.197	8.9962e-06	2.9149e-07	139.4712	20.0437	1.0900	-36.865
GRB230727460	2023-07-27 11:03:06.846	14.592	2.064	7.3716e-06	5.9820e-08	110.1665	15.8592	1.2000	0.256
GRB180618030	2018-06-18 00:43:13.115	3.712	0.580	1.2294e-06	1.4020e-08	131.2838	41.7604	0.0008	-0.064
GRB180515814	2018-05-15 19:32:24.313	20.224	0.572	1.2436e-05	6.1871e-08	139.0408	35.6187	1.0000	1.024
GRB110610640	2011-06-10 15:21:32.549	43.521	2.862	8.0237e-06	6.1467e-08	108.3564	19.9043	0.0005	-5.632
GRB230314119	2023-03-14 02:51:24.129	46.849	5.661	4.0359e-06	3.4565e-08	109.7958	37.4948	4.6100	0.32
GRB240604936	2024-06-04 22:28:29.273	40.192	2.290	2.9743e-06	7.7005e-08	139.7897	32.7174	2.0700	-0.512
GRB160815299	2016-08-15 07:11:16.010	21.248	6.446	1.2182e-06	5.2221e-08	128.0590	12.3085	8.0800	-4.608
GRB230913331	2023-09-13 07:56:12.164	12.032	2.187	1.6139e-06	3.2194e-08	105.5796	30.2008	0.0833	-2.56
GRB180416924	2018-04-16 22:10:11.507	69.888	3.114	7.2510e-06	1.2610e-07	117.7781	12.5368	2.1300	0.512
GRB180812349	2018-08-12 08:22:30.307	38.400	6.661	1.3081e-06	4.2925e-08	107.8895	35.5544	0.0008	-0.256
GRB241229067	2024-12-29 01:36:16.064	5.888	1.864	1.2954e-06	2.0422e-08	105.7020	28.3844	0.0500	-3.072
GRB120513531	2012-05-13 12:44:00.465	23.808	0.923	1.3076e-06	3.7823e-08	137.4823	35.5993	10.8000	-0.512
GRB210516982	2021-05-16 23:34:46.497	2.688	0.771	1.0407e-06	2.2218e-08	125.3860	12.2148	9.5200	-0.832
GRB230116575	2023-01-16 13:48:15.121	39.425	1.086	1.9755e-05	1.1056e-07	108.8605	21.4809	1.4100	1.536
GRB190323179	2019-03-23 04:17:14.965	4.736	0.453	7.4766e-07	3.1742e-08	122.5967	42.1258	6.5400	-0.448
GRB260221971	2026-02-21 23:18:22.777	2.624	0.231	3.1237e-07	1.3576e-08	112.0652	16.0332	8.3700	-1.6
GRB240929826	2024-09-29 19:50:04.094	13.312	0.923	9.3423e-06	3.1834e-08	118.5598	12.7085	1.3800	0.256
GRB181231954	2018-12-31 22:54:26.895	28.929	2.360	2.0574e-06	3.5393e-08	128.3327	13.3866	18.7600	-2.304
GRB111005398	2011-10-05 09:33:03.376	30.720	3.093	2.0545e-06	3.0616e-08	115.0781	14.9540	5.2800	-11.264
GRB120618128	2012-06-18 03:03:49.875	17.600	1.820	5.5799e-06	6.8414e-08	136.5407	20.3842	2.5900	-0.128
GRB160509374	2016-05-09 08:58:46.219	369.670	0.810	1.7898e-04	1.4957e-07	109.6901	20.1139	0.5000	8.192
GRB170414551	2017-04-14 13:13:16.214	45.824	5.526	1.5505e-06	3.3106e-08	130.3155	14.8064	2.2700	-0.768
GRB181225786	2018-12-25 18:52:28.151	1.792	1.286	4.6726e-07	1.4467e-08	112.7519	17.1170	6.6100	-0.128
GRB210406716	2021-04-06 17:11:30.565	21.760	3.566	8.6972e-06	2.2709e-07	136.9178	33.0811	0.0250	-0.256
GRB190118937	2019-01-18 22:29:49.932	0.576	0.453	6.2764e-07	8.4368e-08	110.1066	33.7223	3.4200	-0.064
GRB241030242	2024-10-30 05:48:03.327	165.635	1.280	5.2992e-05	5.8764e-08	117.9270	18.7480	0.0500	20.992
GRB170511648	2017-05-11 15:33:05.264	1.280	1.557	1.9089e-07	1.2841e-08	131.6740	37.6390	16.5200	-1.28
GRB201020732	2020-10-20 17:33:54.329	15.872	0.362	3.4131e-05	6.2829e-08	135.1119	19.6275	1.6200	2.304
GRB250512501	2025-05-12 12:01:36.291	19.456	1.864	2.0496e-06	4.8577e-08	111.5889	18.8692	9.4900	-4.352
GRB120822628	2012-08-22 15:03:56.399	1.536	0.842	1.0853e-07	1.6999e-08	125.1873	36.3723	7.7000	-1.28
GRB140217043	2014-02-17 01:01:41.999	27.136	14.082	2.3443e-06	3.6861e-08	119.7749	14.2096	3.0800	-0.256
GRB160629930	2016-06-29 22:19:38.282	64.769	0.923	1.3146e-05	3.5169e-08	121.0777	14.2104	0.0006	3.328
GRB180622578	2018-06-22 13:52:42.163	58.881	6.415	6.5926e-06	1.3174e-07	137.4395	27.2085	2.1600	0.768
GRB240821721	2024-08-21 17:17:36.468	67.329	0.922	6.4771e-06	2.5209e-08	113.6660	37.0010	3.2800	0.256
GRB210515546	2021-05-15 13:06:45.702	1.600	0.730	1.7896e-07	1.8925e-08	137.0750	29.5292	14.5700	-1.472
GRB140404030	2014-04-04 00:43:26.090	84.992	5.910	1.9232e-06	6.2145e-08	123.3389	16.0247	4.8800	-72.704
GRB160521385	2016-05-21 09:13:58.029	2.816	0.628	1.2129e-05	7.5724e-08	132.3089	34.6277	0.1700	0.32
GRB141124277	2014-11-24 06:38:20.736	0.512	1.000	5.2274e-07	4.8192e-08	134.8473	32.9214	4.9800	-0.512
GRB180615462	2018-06-15 11:05:56.317	22.528	1.810	1.4648e-05	1.7847e-07	131.3081	18.3046	1.0000	-0.256
GRB150828901	2015-08-28 21:37:02.048	2.048	1.778	1.4208e-07	2.1208e-08	135.3286	24.8837	13.3400	-1.856
GRB120530121	2012-05-30 02:53:41.862	77.054	1.810	7.1731e-06	5.0148e-08	127.0164	37.7567	3.2700	0.003
GRB230328621	2023-03-28 14:54:47.430	18.880	1.557	9.0158e-06	2.4844e-08	111.9827	25.2897	0.0050	-0.64
GRB141109447	2014-11-09 10:43:57.808	32.000	4.104	5.2109e-06	8.6511e-08	120.1943	37.8541	2.7700	-0.768
GRB180426005	2018-04-26 00:06:42.396	38.145	1.280	8.1044e-06	6.9164e-08	114.3442	31.3791	2.8000	-4.096
GRB141113346	2014-11-13 08:17:43.503	0.448	0.500	1.4740e-07	1.9229e-08	127.3992	36.0982	12.1500	-0.064
GRB150824125	2015-08-24 02:59:22.318	32.768	5.910	1.2829e-06	3.6979e-08	113.0375	29.4347	4.8400	-8.96
GRB140623224	2014-06-23 05:22:06.601	111.104	3.999	3.2190e-06	4.7770e-08	117.1890	34.4304	0.0100	-45.824
GRB210927996	2021-09-27 23:54:46.168	32.257	0.572	3.9959e-05	4.4178e-08	114.7836	31.9707	1.0000	79.617
GRB140319964	2014-03-19 23:08:30.359	50.369	1.448	7.1330e-06	3.4562e-08	131.2490	31.5132	3.6400	-1.408
GRB170923188	2017-09-23 04:31:05.437	59.454	2.580	2.2420e-06	3.0444e-08	117.8128	34.7471	5.0300	0.003
GRB111018785	2011-10-18 18:50:14.710	29.697	1.810	1.7632e-06	3.3715e-08	132.3050	29.9819	7.4600	-6.4
GRB131002288	2013-10-02 06:55:06.994	55.040	1.379	1.1993e-06	5.5311e-08	114.8886	30.8278	0.0006	-46.08
GRB180715741	2018-07-15 17:47:19.090	1.664	1.421	5.2032e-07	1.6979e-08	119.9908	34.6577	5.1200	-0.064
GRB231220674	2023-12-20 16:10:17.404	5.120	0.810	2.0667e-06	4.1742e-08	130.2283	23.1466	5.0400	-0.768
GRB240830177	2024-08-30 04:15:07.392	0.704	1.012	5.8453e-08	1.0151e-08	128.2239	33.1875	13.4900	-0.256
GRB160518039	2016-05-18 00:55:52.650	22.784	4.375	3.7531e-06	6.3624e-08	114.4158	27.8902	2.1800	-6.4
GRB180330891	2018-03-30 21:23:15.522	14.333	1.305	3.8604e-06	3.5585e-08	126.4141	32.4630	3.7000	0.003
GRB220512211	2022-05-12 05:03:55.169	4.480	0.345	2.7407e-06	4.4238e-08	129.1050	29.5829	1.6800	-0.256
GRB241025067	2024-10-25 01:36:26.890	123.906	2.290	1.1089e-05	5.8169e-08	118.5171	22.0979	0.0500	3.328
GRB201026943	2020-10-26 22:37:33.055	281.349	3.840	1.0665e-05	4.7757e-08	122.4294	33.3282	0.0013	-39.425
GRB231104075	2023-11-04 01:47:28.139	37.121	1.810	5.1246e-05	4.4305e-08	124.1908	21.0264	0.0500	8.704
GRB210909447	2021-09-09 10:43:19.365	1.408	0.091	3.0214e-06	9.5927e-09	124.9661	33.0214	1.8200	-0.064
GRB160815490	2016-08-15 11:45:11.637	7.104	1.145	2.1047e-06	4.0178e-08	116.5792	26.4004	0.0005	-2.944
GRB220915400	2022-09-15 09:35:18.767	21.504	3.338	1.1028e-06	4.6342e-08	119.0539	31.9330	6.4800	-18.688
GRB250504836	2025-05-04 20:03:35.584	230.917	0.923	1.3665e-05	3.7234e-08	128.4281	27.2541	4.0600	1.024
GRB200801352	2020-08-01 08:27:14.081	30.720	4.672	1.3894e-06	3.5193e-08	118.8513	24.1385	11.3000	-6.656
GRB211023546	2021-10-23 13:05:43.174	79.106	0.572	9.1335e-05	1.4154e-07	127.3850	24.6689	1.0000	55.041
GRB230405627	2023-04-05 15:03:04.584	40.704	5.177	2.7102e-06	5.0896e-08	118.1279	28.5527	4.1900	-3.584
GRB250326552	2025-03-26 13:15:15.894	5.120	3.125	7.3613e-07	2.7702e-08	125.8856	30.5128	8.1900	-0.512
GRB150309958	2015-03-09 22:59:50.658	52.481	1.086	3.9770e-05	1.8239e-07	118.9279	27.4297	0.0004	3.648
GRB210624041	2021-06-24 00:58:23.248	0.304	0.333	3.7987e-07	2.0174e-08	126.0686	27.9122	4.6400	-0.032
GRB130528695	2013-05-28 16:41:24.409	55.553	1.864	1.1093e-05	1.2020e-07	125.4537	28.7056	0.0500	0.576
GRB220403863	2022-04-03 20:42:39.048	29.184	2.064	5.7174e-06	4.3008e-08	122.9538	27.9444	0.0010	-6.144
