GRBname     Trig_ID     Trig_time_met  Trig_time_UTC               RA_ground     DEC_ground     Image_position_err  Image_SNR     T90           T90_err       T50           T50_err       Evt_start_sincetrig  Evt_stop_sincetrig  pcode   Trigger_method               XRT_detection  comment                T90_start
----------  ----------  -------------  --------------------------  ------------  -------------  ------------------  ------------  ------------  ------------  ------------  ------------  -------------------  ------------------  ------  ---------------------------  -------------  ---------------------  ---------
GRB250605A  1321323     770842387.008  2025-06-05T18:52:31.274380  1.669628e+02  -1.978594e+01  1.139031e+00        2.525533e+01  1.757840e+02  5.078880e+00  6.518400e+01  3.237866e+00  -239                 963                 0.3516  rate trigger                 Yes                                   -85.616
GRB250603A  1320335     770605858.816  2025-06-03T01:10:23.098520  1.299475e+02  -3.930912e+01  1.964850e+00        1.158981e+01  1.571200e+01  1.187498e+01  1.936000e+00  7.638881e+00  -240                 962                 0.7734  rate trigger                 Yes                                   -11.684
GRB250530C  1319125     770324358.592  2025-05-30T18:58:42.893720  5.514162e+01  -2.245753e+01  1.916185e+00        1.201258e+01  6.532800e+01  2.510668e+01  2.680000e+01  5.675942e+00  -240                 903                 0.9609  rate trigger                 Yes                                   -28.168
GRB250520A  1315630     769401772.48   2025-05-20T02:42:16.844680  2.822659e+02  -1.185553e+01  1.609534e+00        1.541105e+01  4.640000e-01  1.475128e-01  1.280000e-01  3.577705e-02  -239                 963                 0.6875  rate trigger                 Yes                                   -0.248
GRB250516A  1314210     769098964.544  2025-05-16T14:35:28.929340  3.346116e+02  -9.119970e+00  1.073948e+00        2.746987e+01  3.003600e+01  6.009782e+00  1.122800e+01  3.186123e+00  -240                 963                 0.6172  rate trigger                 Yes                                   -8.876
GRB250509A  1311764     768522846.208  2025-05-09T22:33:30.632640  4.645229e+01  -3.885511e+01  7.493952e-01        4.593067e+01  5.432800e+01  1.154252e+01  1.698800e+01  2.162606e+00  -239                 963                 0.9688  rate trigger                 Yes                                   -1.0
GRB250504A  1310284     768093993.024  2025-05-04T23:25:57.477920  2.696040e+02  -4.034643e+01  1.020872e+00        2.953266e+01  5.137600e+01  2.265834e+00  3.100800e+01  3.031335e+00  -239                 963                 0.9844  rate trigger                 Yes                                   -1.788
GRB250430A  1308754     767727095.808  2025-04-30T17:31:00.286960  2.333962e+02  -1.809871e+01  1.103890e+00        2.641168e+01  5.383600e+01  1.409234e+02  6.948000e+00  3.949351e+01  -240                 962                 0.7266  rate trigger                 Yes                                   0.408
GRB250424A  1306404     767170384.0    2025-04-24T06:52:28.516940  2.175316e+02  -3.502450e+01  6.679909e-01        5.413101e+01  1.863200e+01  7.013130e-01  5.700000e+00  1.002397e-01  -239                 963                 0.3906  image trigger                Yes                                   -20.748
GRB250331C  1299967     765088696.0    2025-03-31T04:37:40.659100  8.096256e+01  3.306762e+01   2.021545e+00        1.112827e+01  7.010000e+01  1.170379e+01  2.856800e+01  8.616117e+00  -239                 963                 1.0000  image trigger                Yes                                   -8.948
GRB250331B  1299965     765087618.816  2025-03-31T04:19:43.475160  7.137667e+01  4.379419e+01   2.573816e+00        7.880960e+00  3.952000e+00  7.706310e-01  2.116000e+00  1.006413e+00  -240                 842                 0.5547  rate trigger                 Yes                                   -0.48
GRB250330A  1299776     765007693.504  2025-03-30T06:07:38.168640  2.526855e+02  -8.687489e+01  1.043130e+00        2.863653e+01  1.127200e+01  2.532809e+00  2.752000e+00  3.835206e-01  -180                 963                 0.9844  rate trigger                 Yes                                   0.14
GRB250327A  1299088     764753440.0    2025-03-27T07:30:04.682040  2.482103e+02  6.161106e+01   2.245130e+00        9.579544e+00  9.100800e+01  1.260495e+01  3.462400e+01  9.414583e+00  -239                 843                 0.1035  image trigger                Yes                                   3.752
GRB250322A  1297832     764352408.128  2025-03-22T16:06:12.837500  1.067755e+02  7.196604e+00   1.544426e+00        1.634749e+01  6.240000e-01  4.866208e-02  3.600000e-01  4.816643e-02  -239                 963                 1.0000  rate trigger                 Yes                                   0.004
GRB250321A  1297508     764210594.176  2025-03-21T00:42:38.895220  2.950996e+02  2.105468e+01   1.814515e+00        1.298555e+01  6.208000e+00  1.357645e+00  2.624000e+00  1.055515e+00  -239                 963                 0.2461  rate trigger                 Yes                                   -0.008
GRB250312A  1294765     763478692.864  2025-03-12T13:24:17.633320  2.951526e+01  -4.234348e+01  2.932386e+00        6.541232e+00  2.222120e+02  1.346956e+01  1.819120e+02  1.384686e+02  -120                 962                 0.6328  rate trigger                 Yes                                   0.172
GRB250306A  1293340     762971443.904  2025-03-06T16:30:08.708060  3.547237e+02  -4.799790e+01  1.057663e+00        2.807609e+01  1.139200e+01  2.439567e+00  4.032000e+00  2.023858e-01  -240                 362                 0.1309  rate trigger                 No                                    -0.352
GRB250225B  1291459     762205188.968  2025-02-25T19:39:13.824460  3.061330e+02  -4.147984e+01  8.545669e-01        3.807361e+01  1.105520e+02  1.824285e+00  6.697200e+01  2.928003e+00  -240                 962                 0.5000  rate trigger                 No                                    0.472
GRB250221A  1290305     761801712.192  2025-02-21T03:34:37.076040  5.947575e+01  -1.513582e+01  1.878338e+00        1.235985e+01  1.800000e+00  3.084153e-01  8.799999e-01  2.351850e-01  -479                 903                 0.1973  rate trigger                 Yes                                   -0.136
GRB250207A  1287821     760583802.368  2025-02-07T01:16:07.335260  1.610029e+01  -1.216302e+01  7.135240e-01        4.926457e+01  4.121200e+01  1.649658e+01  1.034400e+01  8.298916e-01  -239                 963                 0.7266  rate trigger                 Yes                                   -3.664
GRB250129A  1285812     759818744.0    2025-01-29T04:45:09.019520  1.987003e+02  5.026172e+00   1.716242e+00        1.406067e+01  2.721840e+02  2.267354e+01  1.327080e+02  8.692337e+00  -571                 963                 0.8438  image trigger                Yes                                   -32.032
GRB250128B  1285677     759774208.696  2025-01-28T16:22:53.718560  2.314229e+02  -5.464525e-01  2.032493e+00        1.104274e+01  4.840000e-01  1.098363e-01  1.920000e-01  1.374626e-01  -240                 962                 1.0156  rate trigger                 Yes                                   -0.012
GRB250114A  1281241     758532834.368  2025-01-14T07:33:19.475360  1.665733e+02  -1.512591e+01  1.939626e+00        1.180573e+01  2.940000e+02  1.169131e+01  2.478000e+02  1.331558e+01  -239                 963                 0.2129  rate trigger                 Yes                                   -1.232
GRB250108B  1280056     758024621.056  2025-01-08T10:23:06.198080  2.013113e+02  2.562394e+01   1.805891e+00        1.307424e+01  2.181120e+02  9.047834e+01  4.748800e+01  3.235386e+01  -239                 963                 0.8984  rate trigger                 Yes                                   -54.176
GRB250103B  1278865     757611892.544  2025-01-03T15:44:17.714260  N/A           N/A            N/A                 N/A           1.638400e+01  N/A           1.638400e+01  N/A           -240                 963                 0.0000  rate trigger                 Yes                                   0.0
GRB250101A  1278305     757430604.864  2025-01-01T13:22:50.046640  3.705689e+01  1.918044e+01   1.873714e+00        1.240345e+01  3.421600e+01  6.197666e+00  1.506800e+01  5.869903e+00  -240                 1101                0.4766  rate trigger                 Yes                                   0.52
GRB241229B  1277428     757129010.752  2024-12-29T01:36:15.955240  2.741396e+02  7.469430e+01   1.226982e+00        2.270946e+01  5.048000e+00  6.487527e-01  1.504000e+00  3.924488e-01  -240                 962                 0.3984  rate trigger                 Yes                                   -2.108
GRB241228A  1277277     757051069.952  2024-12-28T03:57:15.160580  3.448105e+02  1.860785e+01   7.598891e-01        4.502723e+01  8.068000e+00  5.332954e-01  2.552000e+00  6.997138e-02  -240                 1101                0.3906  rate trigger                 Yes                                   -4.344
GRB241218A  1275005     756173365.888  2024-12-18T00:08:51.156520  1.856864e+02  2.998587e+01   2.096417e+00        1.056488e+01  2.335200e+01  4.450433e+00  1.196400e+01  4.389630e+00  -520                 962                 0.5234  rate trigger                 Yes                                   -0.084
GRB241213A  1274039     755749174.848  2024-12-13T02:19:00.145500  1.161629e+02  3.526819e+01   7.554646e-01        4.540442e+01  8.132000e+00  1.735046e+00  2.312000e+00  1.388524e-01  -240                 962                 0.4219  rate trigger                 Yes                                   -3.852
GRB241209D  1273106     755434821.12   2024-12-09T10:59:46.438980  1.901030e+02  -2.886965e+00  8.669276e-01        3.730047e+01  6.400000e+01  1.600000e+01  1.600000e+01  1.600000e+01  -239                 963                 0.6562  rate trigger                 Yes                                   -15.12
GRB241209A  1273071     755415378.752  2024-12-09T05:35:44.072300  1.553654e+02  6.349293e+00   2.104227e+00        1.050890e+01  2.559999e-01  9.050968e-02  1.279999e-01  6.400001e-02  -240                 962                 0.6953  rate trigger                 Yes                                   -0.072
GRB241128A  1270999     754503308.864  2024-11-28T16:14:34.246600  2.737237e+02  3.349246e+01   2.413521e+00        8.639209e+00  2.376240e+02  1.549667e+01  2.159760e+02  2.081457e+02  -240                 962                 0.5234  rate trigger                 Yes                                   0.04
GRB241127A  1270788     754436630.848  2024-11-27T21:43:16.235160  3.279049e+02  -5.665301e+01  1.674661e+00        1.456205e+01  2.598800e+01  3.645852e+00  8.424000e+00  4.932703e+00  -61                  962                 1.0156  rate trigger                 Yes                                   -19.44
GRB241115A  1267921     753369539.584  2024-11-15T13:18:25.044040  8.677126e+01  -6.657301e-01  9.001586e-01        3.534898e+01  3.700000e+00  2.923577e+00  1.324000e+00  1.209297e-01  -739                 1263                0.7812  rate trigger                 Yes                                   -0.248
GRB241113A  1267501     753176928.32   2024-11-13T07:48:13.793200  1.657780e+01  -2.265901e+01  1.649477e+00        1.488071e+01  1.872000e+00  4.749947e-01  7.799999e-01  2.450795e-01  -239                 363                 0.9375  rate trigger                 Yes                                   0.056
GRB241030B  1263840     752006095.36   2024-10-30T18:34:20.913240  5.078349e+01  3.443726e+01   1.704678e+00        1.419713e+01  6.624000e+00  1.545057e+00  2.624000e+00  5.817490e-01  -239                 963                 0.1123  rate trigger                 Yes                                   -0.864
GRB241030A  1263718     751960117.568  2024-10-30T05:48:03.124380  3.432184e+02  8.043916e+01   1.121880e+00        2.580870e+01  1.734320e+02  5.190718e+00  4.592400e+01  1.000240e+00  -268                 963                 0.8047  rate trigger                 Yes                                   18.388
GRB241026A  1262764     751675386.432  2024-10-26T22:42:32.007860  2.934245e+02  5.799578e+01   1.253972e+00        2.201443e+01  2.497600e+01  5.814960e+00  9.088000e+00  1.859376e+00  -239                 963                 0.1797  rate trigger                 Yes                                   -0.6
GRB241025A  1262165     751513044.992  2024-10-25T01:36:50.578960  3.337056e+02  8.357738e+01   8.112650e-01        4.100964e+01  1.300880e+02  4.969774e+00  7.018000e+01  4.391614e+00  -240                 962                 0.4688  rate trigger                 Yes                                   -20.932
GRB241010A  1259578     750247548.736  2024-10-10T10:05:14.409700  1.533673e+02  1.154448e+01   1.125426e+00        2.569263e+01  3.085600e+01  1.358358e+00  2.322400e+01  6.616947e-01  -240                 962                 0.8594  rate trigger                 Yes                                   0.228
GRB241006A  1258721     749944352.576  2024-10-06T21:51:58.270480  3.047794e+02  -4.080480e+01  1.830146e+00        1.282740e+01  4.700000e+01  9.848858e+00  1.700000e+01  7.615773e+00  -240                 963                 0.6562  rate trigger                 Yes                                   -3.576
GRB241002A  1257556     749523057.152  2024-10-02T00:50:22.875360  1.409424e+02  3.983111e+01   9.677698e-01        3.187455e+01  4.330400e+01  4.392307e+00  1.445600e+01  2.001668e+00  -239                 963                 0.6875  rate trigger                 Yes                                   -16.988
GRB240912A  1253910     747798433.344  2024-09-12T01:46:39.185300  1.246227e+02  3.399498e+01   1.040790e+00        2.872856e+01  1.149320e+02  8.080113e+00  2.520800e+01  4.753945e-01  -239                 963                 0.8672  rate trigger                 Yes                                   20.6
GRB240905E  1252695     747253597.76   2024-09-05T18:26:03.638540  3.457947e+02  3.551276e+01   1.877866e+00        1.236428e+01  1.211560e+02  3.133573e+01  5.106000e+01  1.099174e+01  -240                 962                 0.2227  rate trigger                 Yes                                   0.34
GRB240904A  1252402     747158693.44   2024-09-04T16:04:19.325020  1.364422e+02  -3.051931e+01  1.782557e+00        1.331941e+01  1.262880e+02  1.153029e+01  5.901200e+01  1.243708e+01  -239                 483                 1.0000  rate trigger                 Yes                                   -54.84
GRB240829A  1251252     746596622.528  2024-08-29T03:56:28.451440  1.430706e+02  -1.869538e+01  1.350922e+00        1.979265e+01  4.297600e+01  8.639348e+00  1.876800e+01  2.061207e+00  -240                 963                 0.1523  rate trigger                 No                                    -0.408
GRB240825A  1250617     746294013.888  2024-08-25T15:52:59.832120  3.445701e+02  1.018934e+00   5.486407e-01        7.170741e+01  4.160000e+02  4.800000e+01  1.600000e+01  1.600000e+01  -240                 962                 0.5391  rate trigger                 Yes                                   0.112
GRB240824A  1250282     746154239.552  2024-08-24T01:03:25.505660  2.131767e+02  6.373446e+01   1.363020e+00        1.954216e+01  3.944000e+01  3.427533e+00  2.360400e+01  2.921055e+00  -240                 963                 0.7266  rate trigger                 No                                    0.608
GRB240811A  1248132     745078087.168  2024-08-11T14:07:33.195260  2.263394e+02  2.890127e+01   1.245794e+00        2.222114e+01  6.291200e+01  4.673577e+00  1.454000e+01  2.169892e+00  -239                 963                 0.7188  rate trigger                 Yes                                   -29.348
GRB240809A  1247745     744885063.552  2024-08-09T08:30:29.592500  2.375449e+02  -2.330404e+00  5.253207e-01        7.629778e+01  6.944000e+01  2.071389e+01  9.408000e+00  7.916363e-01  -240                 963                 0.7266  rate trigger                 Yes                                   -2.816
GRB240805B  1246989     744560968.064  2024-08-05T14:28:54.126720  2.542237e+02  1.831703e+01   1.321680e+00        2.042117e+01  6.499600e+01  2.550536e+00  3.030000e+01  1.067251e+00  -239                 1121                0.8594  rate trigger                 Yes                                   3.012
GRB240805A  1246907     744516176.576  2024-08-05T02:02:22.641800  1.909202e+02  -5.360193e+01  7.835277e-01        4.309921e+01  4.024400e+01  6.715023e+00  6.924000e+00  6.192253e-01  -240                 963                 0.3164  rate trigger                 Yes                                   -1.324
GRB240730A  1245636     744018760.0    2024-07-30T07:52:06.099900  3.784302e+01  5.904666e+01   1.918461e+00        1.199223e+01  5.011600e+01  7.963470e+00  2.955600e+01  5.998959e+00  -239                 963                 0.9844  image trigger                Yes                                   -4.056
GRB240727A  1245074     743744808.0    2024-07-27T03:46:14.118700  2.364509e+02  8.611614e+00   1.602475e+00        1.550812e+01  1.778840e+02  3.546310e+01  7.157200e+01  2.373673e+01  -239                 963                 1.0000  image trigger                Yes                                   2.628
GRB240720A  1243868     743127925.12   2024-07-20T00:24:51.280960  9.672127e+01  3.029833e+01   2.778130e+00        7.066202e+00  1.834760e+02  7.147430e+01  8.246800e+01  3.859075e+01  -239                 963                 0.5781  rate trigger                 No                                    0.112
GRB240712A  1242223     742447666.624  2024-07-12T03:27:12.831520  1.223796e+02  -3.709728e+01  2.488589e+00        8.269343e+00  1.278000e+01  2.711059e+00  6.732000e+00  3.548431e+00  -240                 962                 0.9375  rate trigger                 Yes                                   -0.58
GRB240624A  1238732     740901703.68   2024-06-24T06:01:09.993340  1.024727e+02  -6.537435e+00  1.744617e+00        1.373512e+01  5.888000e+00  2.000448e+00  1.536000e+00  7.491008e-01  -240                 962                 0.4961  rate trigger                 No                                    0.128
GRB240529A  1231488     738644344.32   2024-05-29T02:58:30.788060  3.353405e+02  5.155731e+01   8.706068e-01        3.707549e+01  1.589720e+02  1.297622e+01  6.524000e+01  1.356260e+00  -239                 963                 0.2617  rate trigger                 Yes                                   -37.052
GRB240523A  1230423     738168225.408  2024-05-23T14:43:11.908720  3.353671e+01  -2.205154e+01  1.623625e+00        1.522035e+01  4.193200e+01  8.651784e+00  2.311600e+01  5.506006e+00  -239                 963                 0.4727  rate trigger                 Yes                                   -3.928
GRB240516A  1228797     737523421.76   2024-05-16T03:36:28.304860  2.127831e+02  -6.349352e+01  1.644494e+00        1.494517e+01  8.512000e+01  3.114848e+01  2.828800e+01  9.802870e+00  -240                 962                 0.4570  rate trigger                 Yes                                   -3.664
GRB240511A  1227767     737143646.656  2024-05-11T18:06:53.226840  3.366685e+02  8.514165e+00   6.892327e-01        5.176358e+01  1.485360e+02  1.706579e+01  5.998800e+01  2.395973e+00  -240                 962                 0.8516  rate trigger                 Yes                                   -44.828
GRB240421B  1223470     735385407.36   2024-04-21T09:42:54.051140  2.996875e+02  -1.486873e+01  1.314076e+00        2.059020e+01  1.240000e+01  2.603874e+00  3.424000e+00  4.751758e-01  -239                 963                 0.0474  rate trigger                 Yes                                   -6.352
GRB240419B  1223072     735222205.632  2024-04-19T12:22:52.334300  3.258913e+02  4.232397e+00   1.456437e+00        1.777642e+01  1.445520e+02  1.222421e+01  1.049760e+02  4.829165e+00  -240                 963                 0.4336  rate trigger                 Yes                                   -10.368
GRB240419A  1222955     735184114.432  2024-04-19T01:48:01.136900  9.455062e+01  -4.497245e+01  3.173994e+00        5.841687e+00  1.142560e+02  3.313465e+01  5.781600e+01  3.673541e+01  -239                 963                 0.9141  rate trigger                 Yes                                   -72.724
GRB240418A  1222885     735164681.472  2024-04-18T20:24:08.178240  2.393339e+02  2.361226e+01   2.207696e+00        9.812429e+00  1.242800e+01  3.544425e+00  5.848000e+00  2.921929e+00  -239                 963                 0.7422  rate trigger                 Yes                                   0.272
GRB240415A  1221874     734855246.4    2024-04-15T06:26:53.127400  1.291904e+02  7.315493e+01   1.084462e+00        2.709021e+01  3.080000e+01  3.814885e+00  3.904000e+00  6.887438e-01  -239                 963                 0.6016  rate trigger                 Yes                                   0.6
GRB240414A  1221714     734754069.696  2024-04-14T02:20:36.430320  1.848343e+02  5.673030e+01   1.475041e+00        1.745701e+01  1.565240e+02  1.702151e+02  3.988800e+01  5.279470e+00  -240                 962                 0.9141  rate trigger                 Yes                                   -36.288
GRB240411B  1221183     734542407.104  2024-04-11T15:32:53.852800  2.315627e+02  -2.173305e+00  3.641537e+00        4.800463e+00  3.326400e+01  1.442220e+00  2.982400e+01  2.117095e+01  -239                 963                 0.5312  rate trigger                 Yes                                   0.288
GRB240222A  1216804     730284724.288  2024-02-22T08:51:31.328680  1.432078e+02  -6.803141e+01  1.825357e+00        1.287551e+01  3.944000e+00  2.334883e+00  9.799999e-01  2.364474e+00  -239                 963                 0.9453  rate trigger                 Yes                                   -2.668
GRB240218A  1215912     729914433.6    2024-02-18T02:00:00.666060  1.618058e+02  1.289783e+00   1.186071e+00        2.383670e+01  2.580320e+02  2.673540e+01  4.666400e+01  2.015749e+01  -240                 963                 0.3672  rate trigger                 Yes                                   -9.136
GRB240205B  1213095     728864019.648  2024-02-05T22:13:06.785960  3.514653e+02  -5.512333e+01  4.799144e-01        8.681578e+01  4.730400e+01  2.916711e-01  2.371600e+01  4.311473e-01  -240                 962                 0.9844  rate trigger                 No                                    3.56
GRB240204A  1212898     728752103.488  2024-02-04T15:07:50.633620  1.042879e+02  1.077073e+00   1.263441e+00        2.177910e+01  1.630400e+01  1.850820e+00  3.744000e+00  3.375204e-01  -239                 963                 0.0967  rate trigger                 Yes                                   -10.992
GRB240123A  1210276     727700779.648  2024-01-23T11:05:46.865580  1.993003e+02  6.061257e+01   2.074763e+00        1.072275e+01  8.984000e+01  4.558216e+01  3.161600e+01  1.827133e+01  -240                 1236                0.3125  rate trigger                 Yes                                   0.784
GRB240112C  1208389     726773877.696  2024-01-12T17:37:24.977140  2.706416e+02  2.449485e+01   6.283753e-01        5.907134e+01  4.924000e+00  3.354520e-01  2.540000e+00  6.324560e-02  -240                 962                 0.6094  rate trigger                 Yes                                   0.18
GRB240109A  1207446     726465727.824  2024-01-09T04:01:35.126280  3.013236e+02  1.654000e+01   2.662948e+00        7.506845e+00  8.000004e-02  3.577705e-02  4.799998e-02  2.262746e-02  -240                 962                 0.6797  rate trigger                 No                                    0.0
GRB240102A  1205899     725909728.0    2024-01-02T17:34:55.340440  9.686681e+01  -2.004133e+01  1.887279e+00        1.227628e+01  1.143040e+02  3.597454e+01  4.624000e+01  1.394294e+01  -239                 963                 1.0156  image trigger                Yes                                   11.368
GRB240101B  1205744     725833572.032  2024-01-01T20:25:39.377680  3.520924e+02  5.162062e+01   2.353158e+00        8.957532e+00  1.340160e+02  3.900793e+01  3.904000e+01  3.778304e+01  -239                 963                 1.0156  rate trigger                 Yes                                   -50.744
GRB240101A  1205708     725811649.984  2024-01-01T14:20:17.331180  1.032464e+01  8.534202e+00   2.203620e+00        9.838368e+00  1.641600e+01  3.391132e+00  7.888000e+00  2.479548e+00  -240                 962                 0.6641  rate trigger                 Yes                                   -4.0
GRB231230A  1205319     725592581.376  2023-12-30T01:29:08.738220  2.452222e+02  5.813193e+01   1.126147e+00        2.566913e+01  1.524000e+01  9.222234e-01  7.748000e+00  1.400206e+00  -239                 963                 0.3555  rate trigger                 Yes                                   1.128
GRB231216A  1202749     724444574.592  2023-12-16T18:35:42.032980  3.977787e+01  3.361517e+01   2.048455e+00        1.092002e+01  5.114000e+01  3.050031e+00  4.314800e+01  2.643694e+00  -240                 963                 0.5938  rate trigger                 Yes                                   -0.528
GRB231215A  1202522     724326477.824  2023-12-15T09:47:25.273080  9.729820e+00  5.763370e+01   1.296588e+00        2.098807e+01  2.209600e+01  3.472525e+00  7.040000e+00  1.432603e+00  -240                 962                 0.0654  rate trigger                 Yes                                   -5.792
GRB231214A  1202386     724278300.864  2023-12-14T20:24:28.316380  3.056688e+02  -7.243144e+01  9.176696e-01        3.438932e+01  2.763600e+01  4.568637e+00  1.382000e+01  5.367308e-01  -61                  984                 0.3906  rate trigger                 Yes                                   -2.396
GRB231210B  1201696     723936577.024  2023-12-10T21:29:04.499760  9.580293e+01  -4.833463e+01  1.761250e+00        1.355020e+01  7.472000e+00  6.479506e-01  4.048000e+00  8.921345e-01  -60                  963                 0.1758  rate trigger                 Yes                                   0.008
GRB231205B  1200812     723487472.0    2023-12-05T16:43:59.506460  5.415053e+01  2.714630e+01   9.781400e-01        3.139288e+01  6.400000e+01  1.600000e+01  1.600000e+01  1.600000e+01  -239                 963                 0.5078  image trigger                Yes                                   -31.0
GRB231129A  1199764     722927191.552  2023-11-29T05:05:59.096760  3.175410e+02  4.153033e+01   9.604032e-01        3.222439e+01  1.063240e+02  2.018324e+00  6.652000e+01  1.336700e+00  -240                 963                 0.4648  rate trigger                 Yes                                   1.92
GRB231118A  1197311     722020625.6    2023-11-18T17:16:33.206740  4.840021e+00  -4.804358e+01  7.716568e-01        4.404950e+01  1.514880e+02  9.402678e+01  6.944000e+00  7.222401e+00  -240                 963                 0.5547  rate trigger                 Yes                                   -4.288
GRB231117A  1197027     721883032.064  2023-11-17T03:03:19.680140  3.324042e+02  1.351728e+01   6.032611e-01        6.261555e+01  6.679999e-01  7.299319e-02  1.999999e-01  8.944317e-03  -239                 963                 0.8359  rate trigger                 Yes                                   -0.02
GRB231111A  1195887     721405072.064  2023-11-11T14:17:19.712860  2.901988e+02  5.244006e+01   7.729632e-01        4.394318e+01  3.407600e+01  4.850340e+00  1.161200e+01  8.603069e-01  -239                 963                 0.6172  rate trigger                 Yes                                   -3.744
GRB231110A  1195733     721344007.168  2023-11-10T21:19:34.821020  3.562546e+02  8.262810e+01   1.249555e+00        2.212567e+01  1.201200e+01  3.467468e+00  4.948000e+00  1.047855e+00  -239                 963                 0.3438  rate trigger                 Yes                                   -0.612
GRB231104A  1194500     720755292.224  2023-11-04T01:47:39.917340  2.382329e+01  8.379422e+01   5.125638e-01        7.902493e+01  4.671200e+01  1.568418e+00  2.200400e+01  2.274380e-01  -239                 963                 0.8906  rate trigger                 Yes                                   -5.756
GRB231028A  1193078     720158981.824  2023-10-28T04:09:09.558200  2.140160e+02  2.089630e+01   6.603723e-01        5.502535e+01  3.711200e+01  9.636763e-01  1.488400e+01  1.293213e+00  -240                 962                 0.6875  rate trigger                 Yes                                   -2.036
GRB230911C  1191188     716114877.504  2023-09-11T08:47:25.515160  2.268013e+02  -4.135260e+01  1.869955e+00        1.243908e+01  1.448800e+01  2.858812e+00  6.356000e+00  3.067904e+00  -240                 963                 0.9531  rate trigger                 Yes                                   -7.376
GRB230903A  1189514     715454608.192  2023-09-03T17:22:56.248260  9.897540e+00  -4.090888e+01  1.853172e+00        1.260032e+01  2.536000e+00  2.694290e-01  1.580000e+00  5.442499e-01  -344                 963                 0.4062  rate trigger                 Yes                                   0.276
GRB230826A  1187463     714771198.976  2023-08-26T19:32:47.078920  8.304964e+01  6.612486e+01   6.182241e-01        6.046184e+01  4.084000e+01  1.658322e+00  1.218800e+01  8.655725e-01  -240                 1091                0.8750  rate trigger                 Yes                                   -2.752
GRB230818A  1186032     714094086.208  2023-08-18T23:27:34.357180  2.858869e+02  4.088654e+01   1.157656e+00        2.467691e+01  6.400000e+01  3.577709e+01  1.600000e+01  1.600000e+01  -239                 1041                0.3242  rate trigger                 Yes                                   0.792
GRB230816A  1185673     713894960.128  2023-08-16T16:08:48.290780  3.284532e+02  3.785778e+01   1.206236e+00        2.326947e+01  1.944800e+01  3.218161e+00  7.256000e+00  1.547462e+00  -239                 963                 0.9844  rate trigger                 Yes                                   -4.248
GRB230815A  1185505     713789427.776  2023-08-15T10:49:55.945980  1.847605e+02  -5.806694e+01  1.211139e+00        2.313502e+01  1.700000e+01  7.615773e+00  2.000000e+00  1.000000e+00  -240                 962                 0.1113  rate trigger                 Yes                                   -11.776
GRB230805B  1183217     712927462.848  2023-08-05T11:23:51.076980  2.077497e+02  3.119459e+01   1.904342e+00        1.211945e+01  1.145200e+02  2.334909e+01  3.853600e+01  1.859213e+01  -240                 962                 0.4180  rate trigger                 Yes                                   -11.752
GRB230802A  1182085     712651857.92   2023-08-02T06:50:26.167840  7.622385e+01  1.955145e+01   7.472170e-01        4.612206e+01  1.751520e+02  1.729387e+01  9.946000e+01  5.211548e+01  -240                 962                 0.9922  rate trigger                 Yes                                   -1.78
GRB230728A  1181187     712205434.944  2023-07-28T02:50:03.222400  3.435141e+02  2.816951e+01   1.300888e+00        2.088904e+01  1.476000e+01  8.923072e-01  5.548000e+00  3.447074e+00  -240                 962                 0.4961  rate trigger                 Yes                                   -4.852
GRB230723B  1180410     711805384.576  2023-07-23T11:42:32.881800  2.503903e+02  -5.319407e+00  1.006541e+00        3.013515e+01  5.756000e+00  8.524812e-01  2.672000e+00  3.540396e-01  -240                 963                 0.3984  rate trigger                 Yes                                   0.116
GRB230628E  1177054     709684002.24   2023-06-28T22:26:10.691020  1.718514e+02  -1.142921e+01  2.448778e+00        8.462063e+00  4.720000e+00  1.075695e+00  2.032000e+00  1.258443e+00  -239                 963                 0.4102  rate trigger                 Yes                                   -0.328
GRB230622A  1176135     709121092.8    2023-06-22T10:04:21.289560  2.925028e+02  -3.298033e+01  2.156409e+00        1.014751e+01  2.355200e+01  1.772985e+01  1.318400e+01  1.206824e+01  -369                 962                 0.3086  rate trigger                 Yes                                   0.16
GRB230618A  1175438     708753104.0    2023-06-18T03:51:12.514680  1.966422e+02  3.277636e+00   1.742882e+00        1.375466e+01  1.040520e+02  2.286110e+01  4.280000e+01  1.487095e+01  -275                 963                 1.0000  image trigger                Yes                                   -18.248
GRB230606A  1173731     707703308.736  2023-06-06T00:14:37.322360  1.667769e+02  3.650380e+01   2.467450e+00        8.370732e+00  1.625600e+01  1.307015e+00  1.300800e+01  1.035580e+01  -240                 962                 0.1523  rate trigger                 Yes                                   0.088
GRB230510A  1167973     705413219.84   2023-05-10T12:06:28.582740  3.181360e+02  3.443421e+01   8.767269e-01        3.670631e+01  1.783680e+02  6.931233e+00  2.272000e+01  5.630909e+00  -240                 962                 1.0156  rate trigger                 Yes                                   -138.976
GRB230506C  1167288     705085790.592  2023-05-06T17:09:19.357100  1.343743e+02  4.512995e+01   1.438293e+00        1.809765e+01  3.100000e+01  6.324555e+00  9.000000e+00  3.605551e+00  -240                 962                 0.4688  rate trigger                 Yes                                   -7.592
GRB230506B  1167266     705069949.952  2023-05-06T12:45:18.718180  3.269859e+02  4.451414e+01   1.215743e+00        2.300995e+01  6.154000e+01  1.089256e+01  2.153600e+01  3.968790e+00  -240                 962                 0.7344  rate trigger                 Yes                                   2.624
GRB230427A  1165948     704284343.168  2023-04-27T10:31:51.987820  1.533815e+02  4.826114e+01   3.250580e+00        5.646063e+00  6.336000e+00  2.572532e+00  2.928000e+00  2.204287e+00  -239                 963                 0.8750  rate trigger                 Yes                                   -0.16
GRB230423A  1165354     703969706.624  2023-04-23T19:07:55.465280  1.226176e+02  -2.190101e+01  2.319364e+00        9.144560e+00  2.360400e+01  4.271545e+00  1.357600e+01  5.710365e+00  -240                 962                 1.0312  rate trigger                 Yes                                   -0.66
GRB230420A  1164980     703678772.224  2023-04-20T10:19:01.085120  1.610388e+02  3.210635e+01   1.446483e+00        1.795145e+01  1.119480e+02  1.192865e+01  5.601200e+01  6.833734e+00  -239                 963                 1.0312  rate trigger                 Yes                                   -23.2
GRB230414B  1164180     703181692.352  2023-04-14T16:14:21.246980  1.810271e+02  5.319210e+01   2.467609e+00        8.369965e+00  2.906000e+01  7.740739e+00  1.254000e+01  8.641718e+00  -239                 963                 0.8047  rate trigger                 Yes                                   -0.068
GRB230409B  1163401     702709047.872  2023-04-09T04:56:56.799160  3.295155e+02  5.283200e+01   1.695563e+00        1.430629e+01  9.792000e+00  2.588640e+00  3.456000e+00  1.134083e+00  -240                 962                 0.3203  rate trigger                 Yes                                   -0.256
GRB230405B  1163119     702417514.56   2023-04-05T19:58:03.507020  2.714346e+02  -4.707181e+01  7.816871e-01        4.324426e+01  1.413600e+01  5.592688e+00  1.852000e+00  1.674754e-01  -240                 963                 0.9453  rate trigger                 Yes                                   -7.012
GRB230328B  1162001     701708119.552  2023-03-28T14:54:48.547340  2.910341e+02  8.001228e+01   8.294132e-01        3.973378e+01  2.233600e+01  5.710095e+00  6.784000e+00  6.872554e-01  -240                 963                 0.4688  rate trigger                 Yes                                   -2.624
GRB230325A  1161390     701406966.848  2023-03-25T03:15:35.863840  2.968570e+02  -4.607073e+01  1.556813e+00        1.616199e+01  3.828800e+01  1.134183e+01  6.048000e+00  7.180168e+00  -240                 962                 0.4883  rate trigger                 Yes                                   -7.224
GRB230322B  1161127     701212268.864  2023-03-22T21:10:37.893100  1.655345e+01  -4.771145e+01  1.709201e+00        1.414350e+01  1.180000e+01  2.291292e+00  5.236000e+00  1.722779e+00  -826                 962                 0.9219  rate trigger                 Yes                                   -2.252
GRB230228A  1156572     699256281.088  2023-02-28T05:50:50.250320  1.839720e+01  4.449514e+01   1.528454e+00        1.659207e+01  2.184000e+00  3.960808e-01  9.360000e-01  2.741678e-01  -239                 963                 0.7891  rate trigger                 Yes                                   0.076
GRB230217A  1154967     698363621.68   2023-02-17T21:53:10.903120  2.807594e+02  -2.884029e+01  1.279915e+00        2.137974e+01  1.376000e+00  4.402182e-01  4.480001e-01  8.158436e-02  -240                 962                 0.2168  rate trigger                 Yes                                   -0.08
GRB230216A  1154815     698251745.6    2023-02-16T14:48:34.830740  1.139660e+02  -7.993553e+00  2.131592e+00        1.031671e+01  9.120000e+01  7.539243e+00  5.561600e+01  2.891568e+01  -240                 963                 0.8516  rate trigger                 Yes                                   -78.896
GRB230205A  1152764     697285821.888  2023-02-05T10:29:51.184520  2.020571e+02  4.668558e+01   2.329109e+00        9.089948e+00  2.300000e+00  3.551057e-01  1.328000e+00  4.248671e-01  -240                 962                 1.0156  rate trigger                 Yes                                   0.456
GRB230204A  1152509     697172248.0    2023-02-04T02:56:57.304260  2.381466e+02  -5.084804e+01  2.495606e+00        8.236146e+00  1.861920e+02  2.375776e+01  1.083200e+02  2.236251e+01  -239                 963                 0.4883  image trigger                Yes                                   -5.192
GRB230123A  1150429     696162015.552  2023-01-23T10:19:44.925060  4.090587e+01  -6.566107e+01  1.773493e+00        1.341676e+01  5.368000e+00  1.028801e+00  2.484000e+00  7.459545e-01  -240                 963                 0.8828  rate trigger                 Yes                                   -0.892
GRB230116D  1149293     695595913.856  2023-01-16T21:04:43.267620  9.857124e+01  4.984403e+01   1.941624e+00        1.178837e+01  4.100000e+01  1.118034e+01  1.600000e+01  8.246211e+00  -240                 962                 0.9844  rate trigger                 Yes                                   2.144
GRB230116C  1149250     695576032.0    2023-01-16T15:33:21.412960  2.234671e+02  -1.688284e+01  1.387655e+00        1.904842e+01  3.158720e+02  5.342169e+01  1.179040e+02  5.776234e+01  -239                 963                 0.6562  image trigger                No                                    -20.296
GRB221226B  1145959     693787310.528  2022-12-26T22:41:20.062800  2.290235e+01  -4.151430e+01  1.232418e+00        2.256649e+01  3.440000e+00  5.524057e-01  1.488000e+00  2.004795e-01  -240                 963                 0.9766  rate trigger                 Yes                                   0.296
GRB221216A  1144698     692882511.36   2022-12-16T11:21:20.956420  3.260534e+02  -3.441404e+01  1.225893e+00        2.273828e+01  2.285320e+02  4.422950e+01  1.560000e+02  4.534298e+00  -239                 963                 1.0000  rate trigger                 Yes                                   -11.996
GRB221202A  1142997     691704400.896  2022-12-02T20:06:10.572660  7.695500e+01  -5.981610e+01  2.292825e+00        9.296143e+00  1.683200e+01  4.284177e+00  8.064000e+00  3.319373e+00  -240                 962                 0.8516  rate trigger                 Yes                                   1.448
GRB221201A  1142847     691590336.0    2022-12-01T12:25:05.684420  2.669022e+02  -6.822975e+01  8.423569e-01        3.886444e+01  3.372000e+01  2.039019e+00  1.269200e+01  8.327424e-01  -239                 963                 0.5156  image trigger                Yes                                   -18.76
GRB221120A  1141030     690672598.4    2022-11-20T21:29:28.146920  4.136253e+01  4.324053e+01   1.847243e+00        1.265814e+01  7.920001e-01  1.601000e-01  4.719999e-01  8.246215e-02  -239                 963                 0.9766  rate trigger                 Yes                                   -0.544
GRB221110A  1136936     689740127.744  2022-11-10T02:28:17.554360  2.910629e+01  -2.729787e+01  1.490552e+00        1.719807e+01  8.980000e+00  2.106938e+00  3.840000e+00  7.633191e-01  -240                 962                 0.7578  rate trigger                 Yes                                   0.068
GRB221028A  1131910     688655817.792  2022-10-28T13:16:27.675980  3.141978e+02  4.108220e+01   1.550570e+00        1.625503e+01  6.832400e+01  1.488081e+01  2.272800e+01  1.194502e+01  -240                 962                 0.5391  rate trigger                 Yes                                   0.684
GRB221027B  1131397     688590848.896  2022-10-27T19:13:38.784400  2.256007e+02  4.745259e+01   1.614674e+00        1.534102e+01  8.848000e+00  1.536333e+00  1.728000e+00  2.510318e+00  -817                 962                 0.4570  rate trigger                 Yes                                   -5.312
GRB221024A  1131029     688309257.216  2022-10-24T13:00:27.123520  1.697031e+02  3.307757e+01   2.902134e+00        6.638859e+00  1.221760e+02  1.088623e+02  1.043440e+02  2.140036e+02  -239                 963                 0.3594  rate trigger                 Yes                                   0.28
GRB221016A  1129775     687656394.24   2022-10-16T23:39:24.191840  3.893796e+01  -3.461508e+01  9.026181e-01        3.521146e+01  2.198400e+01  5.775673e+00  5.264000e+00  9.042479e-01  -239                 963                 0.5312  rate trigger                 Yes                                   -1.704
GRB221009A  1126853     687017448.0    2022-10-09T14:10:17.995220  N/A           N/A            N/A                 N/A           1.104752e+03  7.636763e+00  5.645240e+02  5.751816e+00  -239                 1371                0.0000  image trigger                Yes                                   192.956
GRB220930A  1125809     686229142.08   2022-09-30T11:11:52.128760  6.472790e+01  1.335054e+01   1.674695e+00        1.456163e+01  1.820960e+02  9.589012e+01  6.086400e+01  2.293233e+01  -239                 963                 0.1104  rate trigger                 Yes                                   -1.304
GRB220907A  1123129     684252355.584  2022-09-07T14:05:25.767040  2.688597e+02  -2.029756e+01  1.846869e+00        1.266180e+01  8.880000e+00  1.473973e+00  4.652000e+00  1.084620e+00  -240                 963                 0.9062  rate trigger                 Yes                                   -0.264
GRB220826A  1121751     683207751.488  2022-08-26T11:55:21.742040  2.064278e+02  -4.403903e+01  1.077205e+00        2.735128e+01  1.114000e+01  1.019569e+00  5.980000e+00  4.757856e-01  -239                 1246                0.9219  rate trigger                 Yes                                   0.256
GRB220813A  1120270     682111413.248  2022-08-13T19:23:03.576540  8.153186e+01  -3.301828e+01  1.597627e+00        1.557540e+01  1.659200e+01  1.912302e+00  6.568000e+00  3.851435e+00  -239                 963                 0.9609  rate trigger                 Yes                                   -8.42
GRB220806A  1119268     681502149.44   2022-08-06T18:08:39.809960  2.608538e+02  -2.602365e+01  2.053693e+00        1.088026e+01  4.708000e+00  2.065260e+00  1.756000e+00  8.371475e-01  -239                 963                 1.0156  rate trigger                 No                                    -0.068
GRB220730A  1116441     679616711.68   2022-07-15T22:24:42.178080  2.548555e+02  -3.358388e+01  1.066609e+00        2.774029e+01  4.040800e+01  1.215409e+00  1.516000e+01  3.216118e+00  -240                 962                 0.9531  rate trigger                 Yes                                   0.4
GRB220715B  1116441     679616711.68   2022-07-15T22:24:42.178080  2.548556e+02  -3.358417e+01  1.066890e+00        2.772984e+01  4.040800e+01  1.217810e+00  1.516000e+01  3.228681e+00  -240                 962                 0.9531  rate trigger                 Yes                                   0.4
GRB220714B  1116221     679499914.048  2022-07-14T13:58:04.554000  4.708313e+01  -1.931884e+01  1.241687e+00        2.232622e+01  4.904000e+01  7.735328e+00  1.670400e+01  6.672691e-01  -179                 963                 0.8828  rate trigger                 Yes                                   -19.684
GRB220711B  1115766     679256218.176  2022-07-11T18:16:28.698520  2.620179e+02  2.467500e+01   1.272425e+00        2.155976e+01  8.705600e+01  9.321645e+00  2.953600e+01  1.512482e+01  -239                 963                 0.1953  rate trigger                 Yes                                   -29.752
GRB220708A  1115156     678947999.296  2022-07-08T04:39:29.839400  1.030847e+02  7.218687e+01   2.193726e+00        9.901818e+00  4.000000e+00  1.414214e+00  2.000000e+00  1.000000e+00  -239                 963                 0.7578  rate trigger                 Yes                                   -1.296
GRB220706A  1114937     678816583.744  2022-07-06T16:09:14.296300  5.766359e-01  -1.640994e+01  1.838745e+00        1.274180e+01  8.599600e+01  1.833380e+01  2.442800e+01  1.018361e+01  -240                 962                 0.7422  rate trigger                 Yes                                   -55.388
GRB220701A  1114034     678344007.488  2022-07-01T04:52:58.072320  2.424917e+02  5.542448e+01   2.350325e+00        8.972960e+00  1.352400e+01  2.596553e+00  8.064000e+00  3.184211e+00  -239                 963                 0.5625  rate trigger                 Yes                                   -0.652
GRB220623A  1111672     677660683.776  2022-06-23T07:04:14.406620  1.454681e+02  7.582315e+01   8.442733e-01        3.873848e+01  5.679600e+01  4.030395e+00  2.367600e+01  4.526799e+00  -294                 962                 0.9453  rate trigger                 Yes                                   -3.268
GRB220618A  1110821     677236259.264  2022-06-18T09:10:29.923380  3.899538e+01  5.521912e+01   2.057060e+00        1.085482e+01  1.063680e+02  5.087108e+01  2.227200e+01  1.133199e+01  -239                 963                 0.1934  rate trigger                 Yes                                   -9.2
GRB220611A  1110090     676663340.48   2022-06-11T18:01:51.178200  6.650493e+01  -3.726505e+01  2.111250e+00        1.045900e+01  5.700000e+01  1.236932e+01  2.800000e+01  1.726268e+01  -239                 963                 0.7031  rate trigger                 Yes                                   1.52
GRB220521A  1107466     674868050.624  2022-05-21T23:20:21.443840  2.752179e+02  1.037222e+01   1.663765e+00        1.469849e+01  1.354800e+01  2.691501e+00  9.032000e+00  3.119054e+00  -240                 962                 0.4609  rate trigger                 Yes                                   -0.06
GRB220518A  1107050     674547590.016  2022-05-18T06:19:20.857560  5.534012e+01  -4.759320e+01  1.950958e+00        1.170788e+01  1.228800e+01  3.035787e+00  5.376000e+00  1.558502e+00  -239                 963                 0.5156  rate trigger                 No                                    -7.528
GRB220501A  1104842     673127540.288  2022-05-01T19:51:51.225760  8.558329e+01  1.401015e+01   1.578693e+00        1.584295e+01  2.022400e+02  2.060134e+01  4.070400e+01  9.558095e+00  -239                 843                 0.9297  rate trigger                 No                                    0.456
GRB220430A  1104692     673019625.024  2022-04-30T13:53:15.969080  9.761732e+01  9.547301e+00   7.037578e-01        5.024412e+01  4.314400e+01  5.641277e-01  1.071200e+01  8.485290e-02  -239                 963                 1.0000  rate trigger                 Yes                                   12.108
GRB220427A  1104343     672786064.0    2022-04-27T21:00:34.960900  2.759207e+02  -5.625698e+01  2.029851e+00        1.106328e+01  5.721600e+01  1.231129e+01  1.770400e+01  3.956542e+00  -239                 963                 0.6250  image trigger                Yes                                   5.772
GRB220412B  1102329     671476037.984  2022-04-12T17:06:49.033660  3.207590e+02  -2.603049e-01  1.658613e+00        1.476375e+01  1.400000e-01  3.999999e-02  5.999994e-02  2.039607e-02  -240                 962                 0.7500  rate trigger                 No                                    -0.012
GRB220412A  1102281     671438239.168  2022-04-12T06:36:50.220220  1.239705e+02  3.033890e+01   1.929186e+00        1.189710e+01  4.426000e+01  7.827425e+00  2.146000e+01  6.708419e+00  -239                 1226                0.9297  rate trigger                 Yes                                   -8.136
GRB220408A  1101675     671089593.152  2022-04-08T05:46:04.227800  2.023958e+02  4.706537e+01   1.193543e+00        2.362379e+01  1.724400e+01  1.109104e+00  4.424000e+00  1.567086e+00  -119                 183                 0.3477  rate trigger                 Yes                                   -0.08
GRB220404A  1101133     670766099.328  2022-04-04T11:54:30.425640  5.042823e+01  1.000762e+01   2.890318e+00        6.677664e+00  5.280000e+00  9.467079e-01  3.088000e+00  2.054054e+00  -239                 963                 0.4727  rate trigger                 No             Tentative detection.   0.368
GRB220403B  1101053     670711391.552  2022-04-03T20:42:42.653340  1.909728e+02  8.918030e+01   7.538860e-01        4.554031e+01  2.696800e+01  3.276352e+00  1.192000e+01  6.477160e-01  -240                 962                 0.6016  rate trigger                 Yes                                   -8.784
GRB220325A  1099310     669921411.904  2022-03-25T17:16:23.058720  2.694696e+02  -7.055132e+00  1.466019e+00        1.761068e+01  3.504000e+00  5.576414e-01  1.380000e+00  4.049692e-01  -240                 962                 0.5234  rate trigger                 Yes                                   -0.752
GRB220319A  1098132     669404462.144  2022-03-19T17:40:33.333640  2.181402e+02  6.128932e+01   1.897771e+00        1.217943e+01  6.420000e+00  1.375034e+00  2.688000e+00  8.063670e-01  -239                 963                 0.4375  rate trigger                 Yes                                   -0.216
GRB220306B  1095288     668283366.208  2022-03-06T18:15:37.473400  5.380113e+00  7.138460e+01   1.554696e+00        1.619345e+01  1.233600e+01  3.235800e+00  3.440000e+00  2.584532e+00  -239                 963                 0.7891  rate trigger                 Yes                                   -1.576
GRB220305A  1095215     668189617.344  2022-03-05T16:13:08.615740  1.076082e+02  -3.770061e+01  1.498082e+00        1.707470e+01  2.800000e+01  5.385165e+00  1.100000e+01  3.605551e+00  -239                 963                 0.2539  rate trigger                 Yes                                   -9.344
GRB220302A  1094950     667899648.192  2022-03-02T07:40:19.483320  3.013985e+02  4.940749e+01   2.738451e+00        7.212921e+00  6.592000e+00  2.093265e+00  2.736000e+00  1.326843e+00  -239                 963                 0.4453  rate trigger                 Yes                                   -1.56
GRB220218A  1093860     666916168.0    2022-02-18T22:28:59.357780  1.338121e+02  3.196772e+01   1.561884e+00        1.608709e+01  2.708400e+02  4.792474e+01  1.319400e+02  1.497844e+01  -239                 963                 1.0156  image trigger                No                                    43.308
GRB220118A  1093742     664222866.56   2022-01-18T18:20:38.099740  1.922769e+02  2.291048e+01   1.356442e+00        1.967768e+01  1.060800e+01  1.779528e+00  4.864000e+00  8.232229e-01  -240                 963                 0.2266  rate trigger                 Yes                                   -2.312
GRB220117B  1093611     664142756.608  2022-01-17T20:05:28.153160  1.919894e+02  -2.876204e+01  2.655284e+00        7.537816e+00  2.436800e+01  4.633444e+00  1.281600e+01  7.213942e+00  -240                 962                 0.9688  rate trigger                 Yes                                   -1.896
GRB220117A  1093592     664129160.0    2022-01-17T16:18:51.546080  9.159176e+01  -2.840332e+01  1.644461e+00        1.494560e+01  5.056000e+01  2.881111e+00  2.164800e+01  1.520171e+01  -239                 963                 0.2695  image trigger                Yes                                   15.352
GRB220101A  1091527     662706639.872  2022-01-01T05:10:11.514060  1.362136e+00  3.175828e+01   2.197660e+00        9.876505e+00  1.618880e+02  1.270973e+01  3.692000e+01  1.023914e+00  -240                 962                 0.6484  rate trigger                 Yes                                   3.04
GRB211227A  1091101     662340755.2    2021-12-27T23:32:06.866680  1.321447e+02  -2.734388e+00  1.352971e+00        1.974983e+01  8.351200e+01  7.556661e+00  2.888400e+01  1.216717e+00  -239                 963                 0.4219  rate trigger                 Yes                                   1.156
GRB211225B  1090853     662130767.424  2021-12-25T13:12:19.104820  2.585451e+02  1.727685e+01   5.148788e-01        7.851784e+01  1.215200e+02  2.969466e+00  2.783600e+01  8.107380e-01  -239                 963                 1.0156  rate trigger                 No                                    4.612
GRB211223C  1090656     661962595.008  2021-12-23T14:29:26.700140  2.271696e+02  -2.688044e+01  1.107794e+00        2.627878e+01  1.107600e+01  7.190773e-01  5.056000e+00  6.012254e-01  -239                 963                 0.3281  rate trigger                 No                                    -2.752
GRB211221A  1090472     661812549.12   2021-12-21T20:48:40.822240  7.889057e+01  9.127819e-01   1.858695e+00        1.254687e+01  1.365280e+02  1.388821e+01  7.516800e+01  1.774033e+01  -239                 963                 0.9766  rate trigger                 Yes                                   -118.44
GRB211211A  1088940     660921027.872  2021-12-11T13:09:59.634260  2.122718e+02  2.788442e+01   7.986894e-01        4.193518e+01  5.071200e+01  9.292406e-01  2.117600e+01  1.631687e-01  -240                 962                 0.2168  rate trigger                 Yes                                   2.932
GRB211207A  1088376     660603204.992  2021-12-07T20:52:56.775700  1.496010e+02  -2.436072e+01  2.276665e+00        9.390550e+00  3.728000e+00  8.713943e-01  1.688000e+00  7.099859e-01  -240                 962                 0.6250  rate trigger                 Yes                                   -0.936
GRB211129A  1085430     659872294.4    2021-11-29T09:51:06.232980  2.745659e+02  3.178081e+01   1.449537e+00        1.789743e+01  6.436880e+02  2.042677e+02  1.707000e+02  1.315576e+02  -239                 963                 0.8359  rate trigger                 Yes                                   0.608
GRB211025A  1081113     656831448.0    2021-10-25T05:10:20.037640  1.624131e+02  3.149287e+01   2.244908e+00        9.580896e+00  9.526400e+01  2.896553e+01  4.398400e+01  1.592132e+01  -239                 963                 1.0312  image trigger                Yes                                   35.176
GRB211024B  1081073     656806864.0    2021-10-24T22:20:36.039280  1.547093e+02  2.456587e+01   9.205181e-01        3.423740e+01  6.000080e+02  1.817655e+01  4.709720e+02  7.698664e+01  -239                 963                 1.0312  image trigger                Yes                                   -19.8
GRB211023B  1080859     656715980.096  2021-10-23T21:05:52.141400  1.703186e+02  3.913435e+01   1.942180e+00        1.178356e+01  1.300000e+00  2.656012e-01  6.600000e-01  1.807097e-01  -239                 963                 0.4883  rate trigger                 Yes                                   0.06
GRB210930A  1075565     654662840.0    2021-09-30T02:46:52.183340  1.974146e+02  4.862974e+01   1.565267e+00        1.603744e+01  1.181200e+01  1.940826e+00  5.540000e+00  1.234828e+00  -239                 963                 1.0000  image trigger                Yes                                   6.528
GRB210919A  1073893     653704141.312  2021-09-19T00:28:33.559600  8.024227e+01  1.285563e+00   2.016365e+00        1.116914e+01  1.639999e-01  3.124102e-02  7.599998e-02  2.561250e-02  -239                 1376                0.5000  rate trigger                 Yes                                   0.064
GRB210912A  1072990     653137299.264  2021-09-12T11:01:11.549600  1.298729e+02  7.921860e+01   1.213889e+00        2.306017e+01  2.069600e+01  3.605352e+00  6.940000e+00  2.266491e+00  -239                 963                 1.0312  rate trigger                 Yes                                   -14.8
GRB210905A  1071993     652493588.992  2021-09-05T00:12:41.320740  3.090539e+02  -4.442288e+01  1.391915e+00        1.896520e+01  7.784000e+02  3.884563e+02  7.784000e+02  7.724519e+02  -240                 962                 0.3398  rate trigger                 Yes                                   -24.168
GRB210901A  1071488     652201504.0    2021-09-01T15:04:36.348320  2.952250e+02  -7.694316e+01  1.879291e+00        1.235089e+01  4.678400e+01  7.716331e+00  2.305600e+01  6.051639e+00  -239                 963                 0.1201  image trigger                Yes                                   31.176
GRB210824A  1070157     651471029.248  2021-08-24T04:10:01.645220  2.321121e+02  1.116974e+01   1.246638e+00        2.219966e+01  7.763200e+01  1.668195e+01  2.592000e+01  9.664636e+00  -239                 963                 0.6016  rate trigger                 Yes                                   -6.992
GRB210822A  1069788     651316725.76   2021-08-22T09:18:18.167540  3.044613e+02  5.265284e+00   5.283998e-01        7.566342e+01  1.856760e+02  4.663205e+01  8.492000e+00  4.882622e-01  -240                 962                 0.6406  rate trigger                 Yes                                   0.256
GRB210820A  1069551     651173908.288  2021-08-20T17:38:00.705080  2.062481e+01  4.646804e+00   3.530542e+00        5.017504e+00  1.517400e+02  2.055790e+01  9.706400e+01  2.965455e+01  -239                 963                 0.4844  rate trigger                 Yes                                   2.556
GRB210818A  1069169     650941355.764  2021-08-18T01:02:08.196640  1.489451e+02  -8.702935e+01  4.801713e-01        8.674944e+01  7.356000e+01  1.604200e+00  3.227600e+01  5.209991e-01  -240                 962                 0.9766  rate trigger                 Yes                                   1.668
GRB210807C  1064421     650069856.0    2021-08-07T22:57:08.490960  1.435403e+02  -5.140912e+01  1.003445e+00        3.026805e+01  8.997200e+01  6.255759e+00  4.499600e+01  3.201365e+00  -239                 963                 0.2031  image trigger                Yes                                   -27.232
GRB210807A  1064221     650023448.0    2021-08-07T10:03:40.494060  7.671732e+01  5.825958e+01   2.661543e+00        7.512506e+00  1.436640e+02  4.561776e+01  6.216000e+01  5.158884e+00  -239                 963                 0.2812  image trigger                Yes                                   15.16
GRB210731A  1062336     649462896.0    2021-07-31T22:21:08.531520  3.003106e+02  -2.805556e+01  1.654643e+00        1.481438e+01  2.251200e+01  2.785228e+00  1.052000e+01  1.678747e+00  -239                 423                 0.3906  image trigger                Yes                                   0.464
GRB210730A  1062150     649313876.672  2021-07-30T04:57:29.213460  1.495699e+02  6.970345e+01   1.014389e+00        2.980262e+01  3.860000e+00  6.578146e-01  1.680000e+00  2.687452e-01  -240                 962                 0.5547  rate trigger                 Yes                                   0.028
GRB210726A  1061687     649019971.136  2021-07-26T19:19:03.697060  1.933326e+02  1.921065e+01   2.550256e+00        7.985174e+00  3.839999e-01  1.112115e-01  1.799999e-01  8.653324e-02  -239                 963                 1.0156  rate trigger                 Yes                                   0.016
GRB210725B  1061554     648907275.456  2021-07-25T12:00:48.024580  1.928909e+02  1.710179e+01   3.250374e+00        5.646575e+00  4.179080e+02  1.587659e+02  2.903600e+02  2.749044e+02  -239                 963                 0.9844  rate trigger                 Yes                                   0.82
GRB210725A  1061511     648877650.368  2021-07-25T03:47:02.938560  2.153808e+02  -1.176988e+00  2.332499e+00        9.071082e+00  5.354400e+01  1.125350e+01  2.301600e+01  1.155473e+01  -239                 963                 0.9297  rate trigger                 Yes                                   0.268
GRB210724A  1061482     648850476.672  2021-07-24T20:14:09.244380  2.274310e+02  -6.273702e+00  1.806519e+00        1.306774e+01  4.417600e+01  5.377863e+00  1.777600e+01  1.177327e+01  -240                 962                 0.3438  rate trigger                 Yes                                   -31.272
GRB210723A  1061284     648744398.336  2021-07-23T14:46:10.915460  1.217209e+02  -3.289371e+01  6.609096e-01        5.496147e+01  5.506400e+01  4.496802e+02  1.897200e+01  4.091439e+00  -239                 963                 0.7734  rate trigger                 Yes                                   -1.892
GRB210722A  1061223     648680109.44   2021-07-22T20:54:42.023740  2.703070e+01  -6.347208e+00  1.154987e+00        2.475841e+01  5.020400e+01  1.053831e+01  1.569200e+01  4.346196e+00  -239                 963                 0.4336  rate trigger                 Yes                                   -2.196
GRB210712A  1059881     647775819.264  2021-07-12T09:43:11.908060  9.732062e+01  -3.537859e+01  1.662551e+00        1.471382e+01  1.212840e+02  1.871801e+01  5.120000e+01  2.790963e+00  -239                 963                 0.7109  rate trigger                 Yes                                   -34.84
GRB210708A  1059460     647403964.416  2021-07-08T02:25:37.084880  1.737597e+02  -4.916551e+01  2.141870e+00        1.024606e+01  2.772000e+00  7.000486e-01  1.140000e+00  5.680141e-01  -239                 963                 0.9453  rate trigger                 Yes                                   -0.488
GRB210702A  1058804     646945660.992  2021-07-02T19:07:13.691440  N/A           N/A            -inf                N/A           2.194720e+02  1.078858e+02  7.502400e+01  1.041797e+01  -240                 962                 0.0000  rate trigger                 Yes                                   -2.452
GRB210619B  1056757     645839992.896  2021-06-19T23:59:25.669220  3.197179e+02  3.384969e+01   6.882009e-01        5.187448e+01  6.091200e+01  2.734373e-01  4.474400e+01  9.138927e-02  -240                 962                 0.3672  rate trigger                 Yes                                   0.748
GRB210618A  1056426     645673444.224  2021-06-18T01:43:37.008340  2.357636e+02  4.606864e+01   2.011074e+00        1.121114e+01  2.132000e+00  4.384883e-01  1.256000e+00  5.155036e-01  -119                 963                 1.0156  rate trigger                 Yes                                   -1.364
GRB210610B  1054681     645047514.688  2021-06-10T19:51:27.514180  2.439285e+02  1.439847e+01   8.143705e-01        4.078641e+01  6.938400e+01  2.534148e+00  2.544000e+01  6.220097e-01  -240                 962                 0.2461  rate trigger                 Yes                                   -0.664
GRB210610A  1054627     645030250.56   2021-06-10T15:03:43.387320  2.042840e+02  1.447570e+01   1.705920e+00        1.418237e+01  1.361600e+01  3.151310e+00  4.256000e+00  1.256280e+00  -240                 963                 0.2656  rate trigger                 Yes                                   -4.696
GRB210527A  1051453     643792096.0    2021-05-27T07:07:48.910100  1.723475e+02  3.162802e+01   1.817500e+00        1.295510e+01  6.446400e+01  1.062998e+01  4.042000e+01  1.066173e+01  -239                 963                 0.9062  image trigger                Yes                                   -11.936
GRB210517A  1048783     642922108.608  2021-05-17T05:28:01.576140  3.581895e+02  -3.910413e+01  2.045833e+00        1.094002e+01  3.056000e+00  1.399429e+00  9.920000e-01  3.298484e-01  -240                 962                 0.7891  rate trigger                 Yes                                   -0.104
GRB210515C  1048618     642801721.984  2021-05-15T20:01:34.960160  1.097728e+00  -1.496858e+01  1.952277e+00        1.169659e+01  5.571200e+01  2.670112e+01  1.590400e+01  1.686350e+01  -240                 962                 1.0156  rate trigger                 Yes                                   -1.792
GRB210514A  1048372     642709453.824  2021-05-14T18:23:46.806320  2.945883e+00  -2.189712e+01  6.541025e-01        5.578039e+01  7.020800e+01  7.405187e-01  3.469600e+01  4.321328e+00  -240                 1553                0.7969  rate trigger                 Yes                                   -0.256
GRB210509A  1047531     642263567.424  2021-05-09T14:32:20.436060  3.503678e+02  6.646770e+00   1.403234e+00        1.874703e+01  1.081600e+01  1.440200e+00  4.672000e+00  1.127858e+00  -239                 963                 0.9531  rate trigger                 Yes                                   -3.712
GRB210504A  1046782     641829320.0    2021-05-04T13:54:53.041040  2.223802e+02  -3.055664e+01  2.075613e+00        1.071648e+01  1.429840e+02  9.329086e+00  6.662400e+01  1.826395e+01  -239                 963                 0.5312  image trigger                Yes                                   -14.196
GRB210430A  1046014     641472156.8    2021-04-30T10:42:09.864820  5.718499e+01  4.507965e+01   1.702470e+00        1.422344e+01  1.393200e+01  2.814344e+00  6.604000e+00  1.392167e+00  -240                 962                 0.2500  rate trigger                 No                                    -1.692
GRB210422A  1044678     640806457.408  2021-04-22T17:47:10.517100  2.107945e+01  4.210281e+01   2.126823e+00        1.034977e+01  3.900000e+01  7.280110e+00  1.800000e+01  8.558621e+00  -239                 963                 0.5391  rate trigger                 No                                    -32.408
GRB210421A  1044426     640657677.184  2021-04-21T00:27:30.302980  1.048832e+02  4.928558e+00   1.143882e+00        2.510247e+01  7.920000e+01  2.682820e+01  1.580800e+01  3.317561e+00  -239                 963                 0.4453  rate trigger                 Yes                                   -18.336
GRB210420B  1044382     640636504.0    2021-04-20T18:34:37.120380  2.543192e+02  4.256752e+01   2.136582e+00        1.028230e+01  1.581600e+02  2.968970e+01  7.406400e+01  1.977212e+01  -239                 963                 0.7734  image trigger                Yes                                   -12.84
GRB210419C  1044236     640567696.0    2021-04-19T23:27:49.124960  2.129611e+02  3.599529e+01   1.697283e+00        1.428558e+01  5.449200e+01  1.201047e+01  1.679200e+01  1.055605e+01  -239                 963                 0.7188  image trigger                Yes                                   26.264
GRB210419A  1044032     640508048.0    2021-04-19T06:53:41.128920  8.691918e+01  -6.545321e+01  2.699911e+00        7.360459e+00  7.107600e+01  1.378015e+01  3.589600e+01  1.079513e+01  -239                 963                 0.6172  image trigger                Yes                                   27.816
GRB210411C  1042398     639846378.304  2021-04-11T15:05:51.476880  2.965992e+02  -3.940126e+01  7.875447e-01        4.278550e+01  1.280000e+01  5.970595e-01  6.868000e+00  3.642637e-01  -239                 963                 0.7969  rate trigger                 Yes                                   0.38
GRB210410A  1042113     639708823.296  2021-04-10T00:53:16.478000  2.697410e+02  4.535887e+01   7.397468e-01        4.678887e+01  5.287600e+01  4.145965e+00  2.102000e+01  1.570350e+00  -239                 963                 0.5547  rate trigger                 Yes                                   0.684
GRB210403A  1040345     639131260.736  2021-04-03T08:27:13.956380  2.778257e+00  -3.300239e+01  1.148966e+00        2.494396e+01  1.676600e+02  7.821848e+00  9.868400e+01  3.791943e+00  -240                 962                 0.8047  rate trigger                 No                                    -35.88
GRB210402A  1040123     639093824.0    2021-04-02T22:03:17.222860  1.982840e+02  4.451044e+01   1.062468e+00        2.789486e+01  2.387080e+02  1.879081e+01  1.327040e+02  7.478234e+00  -239                 963                 0.6953  image trigger                Yes                                   1.156
GRB210323A  1038247     638229765.184  2021-03-23T22:02:18.464260  3.179449e+02  2.535234e+01   1.446349e+00        1.795382e+01  1.120000e+00  3.228931e-01  2.479999e-01  1.091788e-01  -239                 963                 0.7656  rate trigger                 Yes                                   -0.072
GRB210321A  1037828     638003657.728  2021-03-21T07:13:51.023260  8.788703e+01  7.010930e+01   1.604696e+00        1.547748e+01  8.212000e+00  5.039683e-01  5.304000e+00  1.164137e+00  -240                 903                 0.3047  rate trigger                 Yes                                   -6.744
GRB210318A  1037339     637732498.368  2021-03-18T03:54:31.681240  3.390377e+01  -3.777242e+01  2.515948e+00        8.141180e+00  8.000000e+01  5.059644e+01  1.600000e+01  4.800000e+01  -239                 963                 0.7578  rate trigger                 Yes                                   0.632
GRB210308A  1036227     636878303.488  2021-03-08T06:37:56.857840  6.708150e+01  3.742965e+01   8.946944e-01        3.565780e+01  6.188000e+00  8.128592e-01  1.596000e+00  1.742642e-01  -239                 963                 0.3203  rate trigger                 Yes                                   0.332
GRB210307A  1036139     636799385.024  2021-03-07T08:42:38.399080  1.192312e+02  -6.696806e+01  2.169392e+00        1.006087e+01  2.708120e+02  7.480052e+01  5.062800e+01  6.152230e+01  -239                 903                 0.7969  rate trigger                 Yes                                   -125.26
GRB210306B  1036024     636715960.896  2021-03-06T09:32:14.276600  3.318091e+02  1.015205e+01   1.890829e+00        1.224337e+01  2.384000e+01  2.226818e+00  1.523200e+01  3.663266e+00  -240                 962                 0.2148  rate trigger                 No                                    -1.704
GRB210306A  1035994     636695663.86   2021-03-06T03:53:57.241940  1.299636e+02  6.020312e+01   6.438354e-01        5.705546e+01  6.373120e+02  3.485352e+01  4.108440e+02  2.675123e+01  -240                 902                 0.5312  rate trigger                 Yes                                   0.604
GRB210305A  1035922     636663811.072  2021-03-05T19:03:04.456060  3.198089e+02  3.454746e+01   7.207260e-01        4.856281e+01  6.752400e+01  4.210722e+00  2.602400e+01  1.345630e+00  -239                 963                 0.7422  rate trigger                 Yes                                   -14.088
GRB210226A  1034721     636007463.808  2021-02-26T04:43:57.235560  1.241571e+02  5.758317e+01   1.503416e+00        1.698823e+01  2.080400e+01  1.675958e+00  1.152400e+01  4.357917e+00  -240                 962                 0.4766  rate trigger                 Yes                                   -1.268
GRB210222B  1034325     635726272.832  2021-02-22T22:37:26.278200  1.546274e+02  -1.493844e+01  2.041388e+00        1.097407e+01  1.211200e+01  9.076387e-01  7.280000e+00  3.825740e+00  -240                 1149                0.3867  rate trigger                 Yes                                   -9.736
GRB210218A  1033328     635348146.176  2021-02-18T13:35:19.647260  4.732033e+01  3.532283e+01   1.417166e+00        1.848431e+01  2.159280e+02  3.025372e+01  9.638000e+01  1.370692e+01  -239                 963                 0.5781  rate trigger                 Yes                                   -3.86
GRB210217A  1033264     635297168.832  2021-02-17T23:25:42.306620  9.755712e+01  6.871327e+01   1.400659e+00        1.879628e+01  4.000000e+00  1.414214e+00  1.000000e+00  1.000000e+00  -240                 962                 0.3086  rate trigger                 Yes                                   -0.832
GRB210212A  1032183     634796744.512  2021-02-12T04:25:18.019800  7.225030e+01  7.215754e+00   1.899659e+00        1.216215e+01  8.000000e+01  3.577709e+01  3.200000e+01  2.262742e+01  -240                 963                 1.0312  rate trigger                 Yes                                   -15.512
GRB210211A  1032024     634725824.832  2021-02-11T08:43:18.344500  2.694232e+02  -4.627152e+01  1.577116e+00        1.586558e+01  4.513000e+02  2.039910e+02  2.774840e+02  2.188437e+02  -240                 962                 1.0156  rate trigger                 Yes                                   3.496
GRB210210A  1031728     634615254.4    2021-02-10T02:00:27.919820  2.627645e+02  1.465730e+01   1.041450e+00        2.870256e+01  6.604000e+00  5.893182e-01  4.348000e+00  2.163330e-01  -239                 963                 0.4336  rate trigger                 Yes                                   -0.408
GRB210209A  1031636     634599611.008  2021-02-09T21:39:44.528860  3.280969e+02  4.354456e+01   1.552168e+00        1.623113e+01  1.394080e+02  2.151339e+01  7.000000e+01  6.484199e+00  -239                 963                 0.9688  rate trigger                 Yes                                   -24.124
GRB210207B  1031297     634427554.624  2021-02-07T21:52:08.156240  2.706126e+02  5.369906e+01   1.407046e+00        1.867451e+01  9.252800e+01  4.539089e+00  3.428400e+01  6.555125e+00  -240                 962                 0.5625  rate trigger                 Yes                                   1.948
GRB210205A  1030629     634216304.064  2021-02-05T11:11:17.610200  3.472638e+02  5.631102e+01   2.113118e+00        1.044580e+01  2.286400e+01  4.013992e+00  1.352000e+01  7.697152e+00  -239                 963                 0.1895  rate trigger                 Yes                                   -3.64
GRB210119A  1017711     632717676.152  2021-01-19T02:54:09.797180  2.828223e+02  -6.176657e+01  1.501765e+00        1.701492e+01  6.400001e-02  2.039607e-02  2.800000e-02  8.000016e-03  -239                 963                 0.9297  rate trigger                 No                                    0.0
GRB210112A  1016881     632108250.112  2021-01-12T01:37:03.797420  2.190055e+02  3.305843e+01   1.187494e+00        2.379589e+01  1.076000e+02  1.301977e+01  1.108000e+01  4.491770e-01  -239                 963                 0.8984  rate trigger                 Yes                                   16.44
GRB210104B  1015919     631487437.12   2021-01-04T21:10:10.846460  5.356154e+01  3.794863e+01   1.577617e+00        1.585838e+01  1.994400e+01  2.398390e+00  7.632000e+00  3.407733e+00  -239                 963                 0.5938  rate trigger                 Yes                                   0.372
GRB210104A  1015873     631452445.376  2021-01-04T11:26:59.104760  1.037710e+02  6.467469e+01   6.689697e-01        5.401790e+01  3.204800e+01  4.893915e-01  1.710800e+01  1.352568e+00  -239                 963                 0.8281  rate trigger                 Yes                                   1.516
GRB210102C  1015728     631312717.632  2021-01-02T20:38:11.370000  2.357457e+02  -3.723264e+01  9.086896e-01        3.487584e+01  8.723200e+01  5.088934e+00  1.064800e+01  1.453988e+00  -240                 543                 0.7656  rate trigger                 No                                    1.504
GRB201229A  1015088     630932397.184  2020-12-29T10:59:30.947160  2.106920e+02  4.820917e+01   2.613515e+00        7.710503e+00  5.324800e+01  4.613441e+00  4.051200e+01  3.555417e+01  -239                 963                 0.2617  rate trigger                 Yes                                   -42.96
GRB201223A  1014316     630439133.184  2020-12-23T17:58:26.979800  1.327362e+02  7.117635e+01   1.351194e+00        1.978695e+01  2.900000e+01  6.708204e+00  1.400000e+01  8.062258e+00  -239                 963                 0.5312  rate trigger                 Yes                                   -23.184
GRB201221D  1014037     630284820.48   2020-12-21T23:06:34.286000  1.710546e+02  4.215232e+01   1.312046e+00        2.063573e+01  1.640000e-01  3.999991e-02  6.799996e-02  1.442218e-02  -239                 963                 0.2344  rate trigger                 Yes                                   -0.024
GRB201221A  1013852     630227367.616  2020-12-21T07:09:01.425800  2.144879e+02  -4.540569e+01  1.630029e+00        1.513499e+01  4.431600e+01  5.946339e+00  1.987200e+01  4.851448e+00  -240                 963                 0.4297  rate trigger                 Yes                                   -6.136
GRB201216C  1013243     629852877.888  2020-12-16T23:07:31.722580  1.636421e+01  1.653731e+01   8.381717e-01        3.914197e+01  4.800000e+01  1.600000e+01  1.600000e+01  1.600000e+01  -240                 962                 0.1855  rate trigger                 Yes                                   -15.888
GRB201209A  1011980     629185518.656  2020-12-09T05:44:52.534740  2.309696e+01  -1.762918e+00  1.129247e+00        2.556853e+01  4.800000e+01  1.600000e+01  1.600000e+01  1.600000e+01  -240                 962                 0.1143  rate trigger                 Yes                                   -31.656
GRB201203A  1010946     628671173.248  2020-12-03T06:52:27.160660  3.805478e+01  -2.650534e+01  1.929275e+00        1.189631e+01  1.218400e+01  2.097451e+00  8.096000e+00  2.116409e+00  -239                 243                 0.9141  rate trigger                 Yes                                   -0.856
GRB201128A  1009679     628237704.384  2020-11-28T06:27:58.325240  2.230905e+02  2.671689e+01   2.399952e+00        8.709071e+00  8.524000e+00  3.219680e+00  3.700000e+00  2.133528e+00  -239                 963                 0.9219  rate trigger                 Yes                                   -0.26
GRB201105A  1004239     626247096.32   2020-11-05T05:31:10.392500  2.456109e+02  1.273411e+01   6.146568e-01        6.096375e+01  3.368000e+01  4.027180e+00  8.680000e+00  3.483906e-01  -239                 963                 0.6094  rate trigger                 No                                    -0.82
GRB201104B  1004168     626204000.704  2020-11-04T17:32:54.779360  5.214836e+00  7.834538e+00   8.146441e-01        4.076684e+01  8.660000e+00  1.618394e-01  5.272000e+00  2.113575e-01  -240                 962                 0.5312  rate trigger                 Yes                                   -8.32
GRB201029A  1003002     625695616.0    2020-10-29T20:19:50.108920  2.296052e+02  4.446868e+01   1.936387e+00        1.183394e+01  4.910240e+02  1.762968e+01  3.756880e+02  7.209799e+01  -239                 963                 0.9609  image trigger                Yes                                   2.724
GRB201027A  1002158     625453690.048  2020-10-27T01:07:44.172880  1.559621e+02  -5.506481e+00  1.711709e+00        1.411390e+01  1.173600e+01  2.607163e+00  4.084000e+00  2.048445e+00  -239                 963                 0.4453  rate trigger                 Yes                                   -3.192
GRB201026A  1002103     625444680.064  2020-10-26T22:37:34.189480  1.966641e+02  8.378469e+01   9.992460e-01        3.044993e+01  2.717840e+02  1.068311e+01  1.992520e+02  6.206149e+00  -239                 963                 0.4688  rate trigger                 Yes                                   -40.664
GRB201024A  1001514     625200564.992  2020-10-24T02:48:59.133600  1.259596e+02  3.356735e+00   1.594735e+00        1.561577e+01  5.000000e+00  2.236068e+00  3.000000e+00  1.000000e+00  -240                 962                 0.2207  rate trigger                 Yes                                   0.008
GRB201021C  1001130     625004864.512  2020-10-21T20:27:18.666520  1.250271e+01  -5.586222e+01  1.335619e+00        2.011740e+01  2.438400e+01  6.760978e+00  9.708000e+00  2.433974e+00  -240                 963                 0.8047  rate trigger                 Yes                                   -3.12
GRB201020A  1000926     624865672.0    2020-10-20T05:47:26.163700  2.612396e+02  3.142796e+01   1.136075e+00        2.534927e+01  1.436000e+01  4.750731e+00  5.144000e+00  6.678922e-01  -239                 963                 0.9062  image trigger                Yes                                   11.18
GRB201017A  1000613     624620817.088  2020-10-17T09:46:31.267800  3.660211e+01  6.667074e+01   2.273641e+00        9.408401e+00  2.208000e+01  6.252424e+00  9.456000e+00  4.880105e+00  -239                 843                 0.3789  rate trigger                 Yes                                   -2.288
GRB201015A  1000452     624495039.04   2020-10-15T22:50:13.228080  3.543098e+02  5.344583e+01   2.857008e+00        6.789165e+00  9.776000e+00  3.470783e+00  5.616000e+00  3.545769e+00  -239                 963                 0.3086  rate trigger                 Yes                                   0.08
GRB201014A  1000255     624408544.0    2020-10-14T22:48:38.193780  2.083408e+01  2.772198e+01   2.507754e+00        8.179211e+00  3.619600e+01  8.107614e+00  1.429200e+01  7.689204e+00  -239                 963                 1.0156  image trigger                Yes                                   31.672
GRB201013A  999948      624253616.448  2020-10-13T03:46:30.651960  1.073917e+02  5.703116e+01   6.241916e-01        5.963776e+01  7.316000e+00  1.783929e-01  5.388000e+00  5.727124e-02  -239                 963                 0.6406  rate trigger                 Yes                                   -0.052
GRB201006A  998907      623639897.792  2020-10-06T01:17:52.036340  6.191034e+01  6.514823e+01   2.047175e+00        1.092978e+01  4.919999e-01  8.560366e-02  2.560000e-01  8.323456e-02  -240                 962                 0.3359  rate trigger                 Yes                                   0.028
GRB201001A  998344      623239157.376  2020-10-01T09:58:51.646720  1.100502e+02  -2.207302e+00  1.846639e+00        1.266405e+01  1.588800e+01  3.134632e+00  8.448000e+00  2.325511e+00  -239                 963                 0.3867  rate trigger                 Yes                                   -3.12
GRB200925B  997453      622763462.72   2020-09-25T21:50:37.022000  2.468977e+02  7.839487e+01   1.216471e+00        2.299030e+01  1.880400e+01  1.478520e+00  4.304000e+00  2.049861e+00  -240                 962                 0.5078  rate trigger                 Yes                                   0.668
GRB200922A  997024      622469232.268  2020-09-22T12:06:46.589360  2.969544e+02  -5.519857e+01  6.591211e-01        5.517463e+01  1.030400e+01  1.955444e+00  2.824000e+00  1.545056e-01  -239                 963                 0.7422  rate trigger                 Yes                                   -0.732
GRB200919A  996503      622173166.592  2020-09-19T01:52:20.932860  1.688987e+02  3.245350e+01   1.477663e+00        1.741277e+01  1.084320e+02  2.153486e+01  2.784000e+01  9.028226e+00  -240                 962                 0.6250  rate trigger                 No                                    -56.808
GRB200917A  996184      622007573.952  2020-09-17T03:52:28.303740  2.357358e+02  -4.690857e+00  2.002663e+00        1.127846e+01  2.100000e+01  4.242641e+00  1.000000e+01  5.000000e+00  -240                 962                 0.9609  rate trigger                 Yes                                   -12.952
GRB200909B  995288      621386256.064  2020-09-09T23:17:10.456620  1.751745e+02  -3.120292e+01  1.405323e+00        1.870723e+01  1.370400e+01  2.167136e+00  6.268000e+00  1.271881e+00  -239                 963                 0.3594  rate trigger                 No                                    -4.836
GRB200907B  995004      621197496.768  2020-09-07T18:51:11.173040  8.901867e+01  6.904930e+00   1.833061e+00        1.279827e+01  8.320000e-01  1.338806e-01  4.480000e-01  1.236931e-01  -240                 962                 0.7891  rate trigger                 Yes                                   -0.572
GRB200906A  994856      621090689.664  2020-09-06T13:11:04.076080  2.722841e+02  6.788705e+01   1.436913e+00        1.812249e+01  7.090000e+01  7.630306e+00  3.414000e+01  8.420665e+00  -240                 962                 0.9766  rate trigger                 Yes                                   -0.132
GRB200903A  994389      620786688.0    2020-09-03T00:44:22.432080  1.643123e+02  5.048726e+01   7.597529e-01        4.503876e+01  2.291200e+01  7.358645e+00  5.548000e+00  6.878255e-01  -239                 963                 0.6797  rate trigger                 No                                    -15.552
GRB200901B  994165      620636992.0    2020-09-01T07:09:26.441920  2.178603e+02  -3.870423e+01  2.987343e+00        6.370003e+00  7.059400e+02  1.487064e+02  2.228000e+02  8.650534e+01  -239                 963                 0.8203  image trigger                Yes                                   52.1
GRB200901A  994143      620624877.12   2020-09-01T03:47:31.562720  6.175974e+01  -5.990121e+01  1.137786e+00        2.529483e+01  2.035200e+01  7.586552e+00  4.928000e+00  8.384367e-01  -239                 963                 0.2148  rate trigger                 Yes                                   -3.888
GRB200829A  993768      620402400.0    2020-08-29T13:59:34.457300  2.511393e+02  7.236396e+01   1.821205e+00        1.291746e+01  1.310000e+01  3.079558e+00  2.684000e+00  4.882629e-02  -239                 963                 0.8828  image trigger                Yes                                   -62.668
GRB200819A  992099      619544658.368  2020-08-19T15:43:52.881500  2.151284e+01  6.306401e+01   2.066521e+00        1.078390e+01  2.694400e+01  7.060334e+00  1.145600e+01  6.706272e+00  -239                 963                 0.9609  rate trigger                 Yes                                   0.312
GRB200809B  987745      618680512.42   20200809T15:41:26.928       1.588788e+01  -7.383024e+01  2.030407e+00        1.106040e+01  4.200000e+00  6.278089e-01  2.448000e+00  7.850733e-01  -49                  151                 0.2402  ground detected              Yes                                   0.084
GRB200806A  987016      618420555.328  2020-08-06T15:28:49.915180  5.293437e+01  3.707842e+01   7.538071e-01        4.554712e+01  3.868800e+01  1.004064e+00  1.455600e+01  3.314453e-01  -239                 963                 0.5703  rate trigger                 Yes                                   3.364
GRB200729A  984929      617744310.464  2020-07-29T19:38:05.095420  1.843603e+02  4.557053e+01   2.318689e+00        9.148365e+00  1.220000e+02  3.423449e+01  5.700000e+01  2.482438e+01  -239                 963                 0.4609  rate trigger                 Yes                                   1.536
GRB200716C  982707      616633086.72   2020-07-16T22:57:41.424000  1.960117e+02  2.963774e+01   8.325877e-01        3.951753e+01  8.657200e+01  1.517080e+01  2.739200e+01  4.822381e+00  -240                 962                 0.5703  rate trigger                 Yes                                   -0.036
GRB200713A  982201      616333400.0    2020-07-13T11:42:54.723580  7.693291e+01  -3.284123e+01  2.747333e+00        7.179631e+00  4.197200e+01  7.986744e+00  2.074800e+01  9.168349e+00  -239                 963                 0.4648  image trigger                Yes                                   21.14
GRB200711A  981957      616158301.76   2020-07-11T11:04:36.495000  2.859741e+02  -1.347893e-01  1.475438e+00        1.745030e+01  2.936000e+01  3.071708e+00  1.696000e+01  1.531013e+00  -240                 962                 0.0869  rate trigger                 Yes                                   -3.264
GRB200701A  980421      615300444.288  2020-07-01T12:46:59.079040  1.235667e+02  -1.453364e+01  1.522583e+00        1.668354e+01  3.878000e+01  8.712849e+00  1.427200e+01  4.494482e+00  -239                 963                 0.7734  rate trigger                 No                                    -5.12
GRB200630A  980210      615174599.68   2020-06-30T01:49:34.479260  9.137756e+01  -6.077785e+01  1.735311e+00        1.384046e+01  1.484400e+01  2.787567e+00  5.788000e+00  3.761330e+00  -240                 962                 0.7031  rate trigger                 Yes                                   -0.248
GRB200612A  977310      613629602.24   2020-06-12T04:39:37.140020  3.027043e+02  -4.534840e+01  1.263027e+00        2.178930e+01  4.259240e+02  7.266132e+00  3.623240e+02  2.030693e+01  -239                 963                 0.9688  rate trigger                 Yes                                   -1.204
GRB200608A  976692      613330144.0    2020-06-08T17:28:38.919540  3.096247e+02  -3.119049e+01  2.436953e+00        8.520785e+00  1.215520e+02  3.300627e+01  5.337600e+01  1.776107e+01  -239                 963                 0.5391  image trigger                No                                    20.648
GRB200529A  974942      612406620.8    2020-05-29T00:56:35.779500  2.387520e+02  -1.107992e+01  1.121178e+00        2.583179e+01  7.991600e+01  7.195824e+00  3.658000e+01  5.168546e+00  -240                 962                 0.5000  rate trigger                 Yes                                   1.096
GRB200528A  974827      612354468.864  2020-05-28T10:27:23.846900  1.766359e+02  5.818495e+01   6.864449e-01        5.206416e+01  5.998400e+01  1.923817e+00  2.463200e+01  4.176124e-01  -240                 962                 0.6250  rate trigger                 Yes                                   4.74
GRB200522A  973628      611840519.104  2020-05-22T11:41:34.120260  5.667824e+00  -2.638565e-01  1.592723e+00        1.564395e+01  6.159999e-01  7.858750e-02  3.759999e-01  5.199997e-02  -239                 963                 0.8672  rate trigger                 Yes                                   -0.004
GRB200519A  973140      611580048.704  2020-05-19T11:20:23.737180  2.553205e+02  -3.039390e+01  8.474731e-01        3.852970e+01  7.169600e+01  1.204817e+00  5.772000e+00  2.497359e-01  -240                 962                 0.9922  rate trigger                 Yes                                   3.248
GRB200512A  971846      611008420.864  2020-05-12T20:33:15.934300  7.417846e+00  -2.218813e+00  1.487260e+00        1.725247e+01  7.400000e+01  1.431782e+01  2.600000e+01  8.246211e+00  -240                 962                 1.0312  rate trigger                 Yes                                   -0.864
GRB200509A  970886      610699662.336  2020-05-09T06:47:17.426340  1.164149e+02  -4.634015e+00  1.705200e+00        1.419093e+01  8.282280e+02  1.338256e+01  6.080000e+02  2.094060e+02  -239                 963                 0.3984  rate trigger                 Yes                                   3.364
GRB200425A  967774      609466606.592  2020-04-25T00:16:21.762420  8.521738e+01  -1.339947e+01  1.950646e+00        1.171056e+01  8.100000e+01  2.166218e+01  2.800000e+01  1.019804e+01  -240                 962                 1.0156  rate trigger                 Yes                                   -41.592
GRB200416A  966554      608713541.952  2020-04-16T07:05:17.171400  3.356935e+02  -7.526944e+00  1.339182e+00        2.004099e+01  6.048000e+00  9.786521e-01  3.184000e+00  6.092619e-01  -240                 962                 0.3398  rate trigger                 Yes                                   -1.808
GRB200411A  965784      608272167.208  2020-04-11T04:29:02.456140  4.768611e+01  -5.232041e+01  1.634272e+00        1.507889e+01  2.199999e-01  4.472132e-02  1.199999e-01  1.788847e-02  -239                 963                 1.0156  rate trigger                 Yes                                   -0.004
GRB200410A  965638      608178335.168  2020-04-10T02:25:10.422240  2.996441e+02  5.174202e+01   2.882486e+00        6.703599e+00  1.087200e+02  4.072945e+01  3.656000e+01  2.263240e+01  -239                 963                 0.5391  rate trigger                 Yes                                   -62.768
GRB200409A  965484      608095224.512  2020-04-09T03:19:59.771640  6.055562e+01  -5.024456e+01  2.701478e+00        7.354359e+00  1.600000e+01  5.099020e+00  1.100000e+01  4.472136e+00  -240                 963                 0.7500  rate trigger                 Yes                                   -0.512
GRB200324A  963260      606760772.608  2020-03-24T16:39:07.954400  2.226611e+02  3.592223e+01   1.448777e+00        1.791085e+01  N/A           N/A           N/A           N/A           -240                 962                 1.0000  rate trigger                 Yes
GRB200306C  960102      605227863.616  2020-03-06T22:50:39.061800  1.985777e+02  1.126316e+01   1.275437e+00        2.148706e+01  5.315200e+01  1.372531e+01  1.905600e+01  3.822569e+00  -240                 1065                0.4297  rate trigger                 Yes                                   -8.816
GRB200306A  959917      605146804.736  2020-03-06T00:19:40.187060  1.011133e+02  -6.200985e+01  6.256628e-01        5.943754e+01  3.296400e+01  1.109263e+00  1.301200e+01  3.089336e-01  -240                 962                 0.7500  rate trigger                 Yes                                   3.32
GRB200303A  959431      604895721.984  2020-03-03T02:34:57.451340  2.126966e+02  5.135930e+01   7.613261e-01        4.490587e+01  9.422000e+01  6.395724e+00  2.875600e+01  1.244521e+00  -240                 962                 0.5938  rate trigger                 Yes                                   -30.344
GRB200228B  958733      604581305.664  2020-02-28T11:14:41.151740  2.520074e+02  1.696378e+01   2.468189e+00        8.367155e+00  7.368000e+00  1.575558e+00  3.768000e+00  1.594873e+00  -240                 303                 0.3125  rate trigger                 Yes                                   -0.58
GRB200227A  958592      604480832.512  2020-02-27T07:20:08.006260  5.643294e+01  9.489893e+00   6.660455e-01        5.435702e+01  3.032800e+01  9.202282e+00  8.888000e+00  4.083331e-01  -240                 963                 0.4648  rate trigger                 Yes                                   2.336
GRB200224A  958141      604207513.792  2020-02-24T03:24:49.304000  2.487434e+02  4.166579e+01   3.501921e+00        5.076189e+00  4.500000e+01  9.219544e+00  3.000000e+01  2.009975e+01  -240                 962                 1.0156  rate trigger                 Yes                                   -0.792
GRB200219A  957271      603790633.6    2020-02-19T07:36:49.139100  3.425947e+02  -5.910125e+01  2.368953e+00        8.872333e+00  2.880000e+02  5.059644e+01  1.440000e+02  5.059644e+01  -240                 962                 0.9922  rate trigger                 Yes                                   -15.6
GRB200216B  956824      603552778.304  2020-02-16T13:32:33.858540  1.604542e+02  1.947113e+01   9.303483e-01        3.372177e+01  6.744800e+01  6.568044e+00  3.819600e+01  5.190732e+00  -239                 963                 0.8438  rate trigger                 Yes                                   0.488
GRB200215A  956639      603470396.416  2020-02-15T14:39:31.975900  3.409998e+01  1.277536e+01   9.816261e-01        3.123374e+01  1.114800e+01  2.154535e+00  3.708000e+00  6.279107e-01  -239                 963                 0.7344  rate trigger                 Yes                                   -7.336
GRB200205B  954519      602623328.0    2020-02-05T19:21:43.614940  1.077689e+02  -5.649777e+01  2.854972e+00        6.796081e+00  4.539120e+02  4.498539e+00  4.685600e+01  5.357338e+00  -239                 1362                0.4766  image trigger                Yes                                   54.032
GRB200131A  953689      602203300.352  2020-01-31T22:41:15.994140  3.088961e+00  5.112488e+01   4.713530e-01        8.907719e+01  3.274000e+01  8.790541e-01  1.728000e+00  5.091171e-02  -239                 963                 0.9609  rate trigger                 Yes                                   -1.964
GRB200127A  952791      601829096.0    2020-01-27T14:44:31.666360  2.952070e+02  4.493265e+01   2.429599e+00        8.557652e+00  2.170240e+02  2.358849e+01  9.004800e+01  1.981810e+01  -475                 1079                0.5078  image trigger                Yes                                   -138.744
GRB200125A  952164      601644723.52   2020-01-25T11:31:39.198280  2.280679e+02  -8.143097e+00  1.762849e+00        1.353264e+01  3.503360e+02  3.296678e+01  2.035680e+02  9.749354e+01  -180                 963                 0.4297  rate trigger                 Yes                                   -15.472
GRB200122A  950330      601350084.672  2020-01-22T01:41:00.369360  2.100117e+02  2.754741e+01   6.419473e-01        5.729533e+01  1.905960e+02  4.514513e+00  1.880000e+01  1.133300e+00  -240                 1862                0.7812  rate trigger                 Yes                                   1.884
GRB200115A  949361      600781848.0    2020-01-15T11:50:23.734140  5.645183e+01  5.607765e+00   1.130359e+00        2.553259e+01  2.421400e+02  2.723407e+01  6.406800e+01  6.304075e+00  -239                 963                 0.8281  image trigger                No                                    -54.352
GRB200109A  948361      600227200.448  2020-01-09T01:46:16.218040  3.071151e+02  5.298910e+01   1.171077e+00        2.427388e+01  1.120000e+02  3.200000e+01  3.200000e+01  1.600000e+01  -239                 963                 1.0000  rate trigger                 Yes                                   -31.448
GRB200107B  948219      600118012.928  2020-01-07T19:26:28.705120  1.070588e+02  -8.371496e+01  1.168728e+00        2.434360e+01  8.667600e+01  1.166023e+01  3.505200e+01  1.783812e+00  -240                 962                 0.7812  rate trigger                 Yes                                   -21.84
GRB191228A  946476      599184104.0    2019-12-28T00:01:19.837560  5.362859e+00  -8.677325e+00  1.395654e+00        1.889266e+01  1.938160e+02  2.987514e+01  1.163720e+02  1.304974e+01  -239                 963                 0.9062  image trigger                Yes                                   -31.964
GRB191227A  946344      599103601.728  2019-12-27T01:39:37.570780  3.191685e+02  -1.671735e+01  1.048210e+00        2.843850e+01  5.588800e+01  1.628185e+01  9.792000e+00  6.335676e-01  -240                 962                 0.1328  rate trigger                 No                                    -13.968
GRB191221B  945521      598653577.28   2019-12-21T20:39:13.151900  1.548306e+02  -3.815197e+01  1.145884e+00        2.503987e+01  4.800000e+01  1.600000e+01  1.600000e+01  1.600000e+01  -239                 963                 0.1201  rate trigger                 Yes                                   -15.28
GRB191220A  945344      598541401.92   2019-12-20T13:29:37.799160  2.813342e+02  2.667486e+01   3.067691e+00        6.133003e+00  1.755840e+02  1.259951e+02  3.992000e+01  1.015955e+02  -240                 962                 0.1953  rate trigger                 Yes                                   -0.384
GRB191218A  944916      598329787.968  2019-12-18T02:42:43.860860  3.010687e+02  -4.027718e+01  1.359916e+00        1.960590e+01  4.466400e+01  7.391347e-01  3.758000e+01  2.844788e+00  -240                 962                 0.0947  rate trigger                 No                                    0.544
GRB191213A  944091      597902808.0    2019-12-13T04:06:23.920500  2.245307e+02  -9.748274e+00  2.190458e+00        9.922927e+00  1.189920e+02  1.826491e+01  6.675200e+01  1.229822e+01  -239                 963                 0.5625  image trigger                No                                    -19.024
GRB191130A  3110538005  596811926.376  2019-11-30T13:05:02.316     1.330794e+02  4.995746e+00   1.162246e+00        2.454099e+01  1.756000e+01  2.876871e+00  6.004000e+00  1.280695e+00  -139                 106                 N/A     ground detected              No                                    2.08
GRB191123A  939079      596198348.288  2019-11-23T10:38:44.318720  2.152925e+02  2.283385e+01   2.157940e+00        1.013723e+01  2.848120e+02  5.223177e+01  1.477000e+02  1.171601e+02  -239                 963                 0.8594  rate trigger                 Yes                                   -1.032
GRB191122A  938899      596122400.384  2019-11-22T13:32:56.419620  5.429023e+01  -3.217611e+01  9.763533e-01        3.147498e+01  1.257360e+02  3.104972e+01  3.351200e+01  4.284305e+00  -239                 963                 0.2695  rate trigger                 Yes                                   -6.52
GRB191106A  933515      594742547.776  2019-11-06T14:15:23.900640  2.693593e+02  4.604733e+01   1.638596e+00        1.502207e+01  3.436000e+00  3.248630e-01  1.648000e+00  7.209882e-01  -767                 962                 0.9531  rate trigger                 Yes                                   -1.252
GRB191101A  932742      594335307.2    2019-11-01T21:08:03.350920  2.518539e+02  4.374194e+01   1.561105e+00        1.609856e+01  1.427080e+02  1.824723e+01  6.800800e+01  2.949918e+01  -239                 963                 0.4727  rate trigger                 Yes                                   -16.48
GRB191031D  932608      594249834.976  2019-10-31T21:23:31.132400  2.832694e+02  4.764469e+01   1.347987e+00        1.985422e+01  2.880000e-01  4.681884e-02  1.439999e-01  2.529827e-02  -713                 1556                0.3750  rate trigger                 Yes                                   -0.02
GRB191031C  932595      594240258.752  2019-10-31T18:43:54.909020  1.158736e+02  -6.232325e+01  1.058367e+00        2.804942e+01  7.850000e+01  7.509189e+00  1.826400e+01  2.561125e+00  -240                 962                 0.2402  rate trigger                 Yes                                   -33.24
GRB191031A  932435      594175017.536  2019-10-31T00:36:33.697220  2.334963e+02  6.105554e+00   1.659184e+00        1.475650e+01  1.213200e+01  2.347513e+00  5.920000e+00  1.820036e+00  -240                 962                 0.4648  rate trigger                 No                                    -4.248
GRB191029A  932058      594040544.0    2019-10-29T11:15:20.169860  3.522052e+02  -4.042630e+01  3.916632e+00        4.326136e+00  4.100000e+01  8.246211e+00  1.400000e+01  1.315295e+01  -239                 363                 0.4609  image trigger                Yes                                   -3.0
GRB191024A  931242      593584996.416  2019-10-24T04:42:52.615160  1.012888e+01  -6.713808e+01  1.307487e+00        2.073859e+01  7.084000e+00  9.782434e-01  3.312000e+00  5.393329e-01  -239                 963                 0.9062  rate trigger                 Yes                                   -0.584
GRB191019A  930285      593190777.408  2019-10-19T15:12:33.632500  3.400347e+02  -1.733996e+01  6.387866e-01        5.770077e+01  6.434800e+01  4.449649e+00  3.047600e+01  1.030643e+00  -239                 963                 0.4648  rate trigger                 Yes                                   1.34
GRB191017B  929981      593015790.656  2019-10-17T14:36:06.891740  2.451152e+02  -7.358520e+01  1.733841e+00        1.385724e+01  4.328000e+00  5.712057e-01  2.040000e+00  5.745120e-01  -120                 962                 0.4414  rate trigger                 Yes                                   -0.92
GRB191016A  929744      592891764.672  2019-10-16T04:09:00.915720  3.027609e+01  2.449786e+01   9.338545e-01        3.354105e+01  1.266800e+02  7.727980e+00  4.610800e+01  3.498137e+00  -240                 962                 0.6484  rate trigger                 Yes                                   -28.976
GRB191011A  928924      592461380.16   2019-10-11T04:35:56.431400  4.472903e+01  -2.785373e+01  1.451834e+00        1.785701e+01  7.352000e+00  9.371702e-01  3.156000e+00  1.873862e+00  -239                 1961                0.9609  rate trigger                 Yes                                   0.016
GRB191004B  927839      591917645.376  2019-10-04T21:33:41.682300  4.920096e+01  -3.963569e+01  6.495837e-01        5.633554e+01  3.001280e+02  8.182884e+01  3.192400e+01  2.776655e+01  -239                 963                 0.9766  rate trigger                 Yes                                   0.864
GRB191004A  927825      591905246.556  2019-10-04T18:07:02.863100  3.171398e+01  -3.693097e+01  1.075790e+00        2.740270e+01  2.444000e+00  8.236510e-02  1.776000e+00  6.511529e-02  -240                 963                 0.2617  rate trigger                 Yes                                   -0.012
GRB191001B  927345      591643184.0    2019-10-01T17:19:20.323880  8.635829e+01  -1.589590e+01  3.292839e+00        5.542834e+00  1.071360e+02  9.354354e+00  5.872000e+01  1.228568e+01  -239                 963                 0.3477  image trigger                No             Tentative detection.   8.328
GRB190926A  926515      591184360.0    2019-09-26T09:52:16.353280  1.006155e+02  5.953175e+01   2.282013e+00        9.359130e+00  3.623400e+02  1.960651e+01  1.871440e+02  1.166394e+02  -239                 963                 0.5000  image trigger                Yes                                   11.208
GRB190829A  922968      588801428.096  2019-08-29T19:56:44.601720  4.454187e+01  -8.957890e+00  1.930355e+00        1.188680e+01  5.689600e+01  4.700110e+01  4.288000e+00  1.317841e+00  -239                 963                 0.0425  rate trigger                 Yes                                   -50.552
GRB190828B  922808      588690022.912  2019-08-28T12:59:59.424820  2.518388e+02  2.728737e+01   9.766538e-01        3.146115e+01  7.158560e+02  4.519719e+02  2.971200e+01  4.120427e+00  -622                 1919                1.0156  rate trigger                 Yes                                   -28.024
GRB190824A  922107      588350823.04   2019-08-24T14:46:39.574480  2.153234e+02  -4.189986e+01  1.709627e+00        1.413846e+01  1.693600e+02  5.854710e+00  5.182400e+01  9.756511e+00  -239                 963                 0.2852  rate trigger                 Yes                                   -62.976
GRB190821A  921722      588100227.328  2019-08-21T17:10:03.878460  2.500702e+02  -3.402652e+01  1.326330e+00        2.031897e+01  5.709600e+01  2.596151e+00  3.268400e+01  2.390036e+00  -239                 963                 0.8359  rate trigger                 Yes                                   -1.072
GRB190816A  920783      587659368.0    2019-08-16T14:42:24.578600  3.411816e+02  -2.974461e+01  1.668653e+00        1.463702e+01  3.757600e+02  9.222019e+01  1.504480e+02  1.078733e+01  -862                 963                 0.3086  image trigger                Yes                                   -118.448
GRB190727B  916733      585951520.332  2019-07-27T20:18:17.019680  1.264994e+02  -1.327225e+01  6.545435e-01        5.572670e+01  3.919600e+01  1.311341e+00  1.284000e+01  1.757271e-01  -239                 963                 0.7031  rate trigger                 No                                    -17.764
GRB190719C  915381      585241137.664  2019-07-19T14:58:34.397080  2.402072e+02  1.300807e+01   1.282075e+00        2.132831e+01  1.858280e+02  9.597204e+00  9.952000e+01  6.172934e+00  -240                 962                 1.0156  rate trigger                 Yes                                   0.62
GRB190718A  915091      585117698.432  2019-07-18T04:41:15.172960  3.366046e+02  -4.118462e+01  2.378201e+00        8.823084e+00  7.040000e+02  9.956063e+02  7.200000e+02  5.268472e+02  -239                 1386                1.0156  rate trigger                 Yes                                   0.568
GRB190706B  913302      584109673.28   2019-07-06T12:40:50.085380  1.074503e+02  -2.957398e+01  2.160837e+00        1.011782e+01  4.358400e+01  1.479785e+01  1.888000e+01  1.046513e+01  -372                 963                 0.6953  rate trigger                 Yes                                   0.328
GRB190701A  912310      583667144.0    2019-07-01T09:45:20.833660  2.813122e+01  5.889914e+01   2.388534e+00        8.768609e+00  5.243200e+01  4.017561e+00  4.331200e+01  3.198061e+01  -239                 963                 0.5234  image trigger                Yes                                   35.912
GRB190630C  912239      583631602.688  2019-06-30T23:52:59.523940  2.938889e+02  -3.275868e+01  1.099224e+00        2.657197e+01  3.838400e+01  9.308885e+00  1.602400e+01  2.744278e+00  -240                 962                 0.5781  rate trigger                 Yes                                   -0.588
GRB190630B  912102      583567351.808  2019-06-30T06:02:08.648040  2.237293e+02  4.152838e+01   1.990971e+00        1.137320e+01  5.568000e+00  9.029042e-01  2.224000e+00  1.332528e+00  -240                 242                 1.0312  rate trigger                 Yes                                   -1.304
GRB190627A  911609      583327134.272  2019-06-27T11:18:31.127400  2.448732e+02  -5.293816e+00  2.770305e+00        7.094732e+00  2.692000e+00  8.809541e-01  1.200000e+00  1.136803e+00  -239                 963                 0.7344  rate trigger                 Yes                                   0.12
GRB190613B  908329      582115645.12   2019-06-13T10:47:02.052640  3.054371e+02  -4.652083e+00  1.969452e+00        1.155115e+01  1.608200e+02  1.708426e+01  1.197600e+02  2.502660e+01  -239                 963                 0.1836  rate trigger                 Yes                                   -2.232
GRB190613A  908288      582091661.376  2019-06-13T04:07:18.310160  1.825522e+02  6.724435e+01   2.213099e+00        9.778223e+00  1.763200e+01  3.113922e+00  9.120000e+00  2.725125e+00  -239                 963                 0.0967  rate trigger                 Yes                                   1.744
GRB190611A  907950      581968165.056  2019-06-11T17:49:01.998020  3.246888e+02  -5.607016e+01  3.007579e+00        6.308865e+00  4.176000e+01  3.062172e+01  8.928000e+00  4.774824e+01  -239                 963                 0.6406  rate trigger                 Yes                                   -0.02
GRB190610A  907754      581858888.768  2019-06-10T11:27:45.716980  4.623929e+01  -7.659683e+00  1.832908e+00        1.279980e+01  6.320000e-01  1.006578e-01  3.640000e-01  9.050968e-02  -488                 62                  1.0156  rate trigger                 Maybe                                 0.248
GRB190604B  906654      581353058.816  2019-06-04T14:57:15.797160  2.975452e+02  -3.297481e+01  1.000881e+00        3.037892e+01  2.201760e+02  4.721114e+00  1.325600e+02  3.089028e+00  -240                 962                 0.6406  rate trigger                 Yes                                   -4.708
GRB190519A  904394      579943562.368  2019-05-19T07:25:39.438900  1.147567e+02  -3.881379e+01  1.665130e+00        1.468128e+01  4.448000e+01  2.585869e+00  2.672000e+01  1.355569e+00  -239                 963                 0.0811  rate trigger                 Yes                                   -41.672
GRB190515B  903845      579629084.224  2019-05-15T16:04:21.314940  9.883336e+01  5.232092e+01   1.421025e+00        1.841264e+01  4.651200e+01  9.644513e+00  1.436800e+01  2.801143e+00  -883                 1162                0.6797  rate trigger                 Yes                                   -20.136
GRB190512A  903357      579364832.0    2019-05-12T14:40:09.107780  8.239738e+01  -7.581785e+00  2.868023e+00        6.751946e+00  4.007200e+01  1.133085e+01  1.554400e+01  2.339244e+00  -239                 963                 0.8359  image trigger                No             Tentative detection.   -8.188
GRB190511A  903158      579251711.168  2019-05-11T07:14:48.282980  1.264434e+02  -2.025165e+01  1.545785e+00        1.632696e+01  2.766400e+01  2.354176e+00  1.577600e+01  1.756360e+00  -239                 963                 0.0908  rate trigger                 Yes                                   -21.792
GRB190427A  900730      578032477.88   2019-04-27T04:34:15.072360  2.802194e+02  4.030997e+01   2.426912e+00        8.571190e+00  1.919999e-01  2.023858e-01  6.399989e-02  6.400001e-02  -240                 962                 0.6875  rate trigger                 No                                    -0.008
GRB190424A  900285      577792865.984  2019-04-24T10:00:43.191560  4.869326e+01  2.024131e+01   1.431031e+00        1.822900e+01  9.836000e+00  3.917965e+00  5.296000e+00  9.853973e-01  -240                 962                 0.4102  rate trigger                 No                                    -0.804
GRB190422A  899979      577666552.0    2019-04-22T22:55:29.215560  1.821347e+02  -6.016924e+01  2.437774e+00        8.516684e+00  2.690160e+02  5.072131e+01  8.816000e+01  2.256960e+01  -239                 963                 0.8281  image trigger                Yes                                   18.252
GRB190331A  895813      575691300.232  2019-03-31T02:14:37.572780  2.857254e+01  2.763542e+01   1.381595e+00        1.916789e+01  4.336000e+00  2.347765e-01  1.176000e+00  1.068316e+00  -599                 1093                0.8281  rate trigger                 No                                    -0.004
GRB190326A  895006      575278551.544  2019-03-26T07:35:28.910940  3.416510e+02  3.991492e+01   1.560447e+00        1.610825e+01  7.599998e-02  3.224899e-02  2.799988e-02  8.944317e-03  -531                 1173                0.5781  rate trigger                 No                                    0.0
GRB190324A  894718      575160264.256  2019-03-24T22:44:01.630420  4.960368e+01  -4.721051e+01  8.351859e-01        3.934203e+01  2.278400e+01  1.014973e+01  6.000000e+00  3.298485e-01  -239                 963                 0.5625  rate trigger                 Yes                                   17.272
GRB190320A  893808      574737299.2    2019-03-20T01:14:36.601140  1.178268e+02  -4.587793e+01  1.908022e+00        1.208606e+01  6.300000e+01  1.208305e+01  2.400000e+01  9.848858e+00  -239                 963                 0.2969  rate trigger                 Yes                                   -23.2
GRB190311A  892607      574007036.224  2019-03-11T14:23:33.671280  2.120643e+02  5.348059e+01   1.323069e+00        2.039056e+01  1.395200e+01  5.315565e+00  5.440000e+00  1.088000e+00  -857                 963                 0.7969  rate trigger                 Yes                                   -1.16
GRB190220A  889785      572324397.12   2019-02-20T02:59:34.673220  3.301353e+02  -7.667019e+01  1.274944e+00        2.149893e+01  1.000000e+01  2.000000e+00  4.000000e+00  1.000000e+00  -239                 963                 0.4688  rate trigger                 Yes                                   -0.12
GRB190219A  889748      572297960.448  2019-02-19T19:38:58.002900  1.896895e+02  7.660710e+01   1.631883e+00        1.511044e+01  1.677400e+02  1.279419e+01  6.250800e+01  2.452613e+00  -239                 963                 0.7656  rate trigger                 Yes                                   -89.332
GRB190211A  888648      571596907.136  2019-02-11T16:54:44.735040  1.966518e+02  4.196860e+01   2.408252e+00        8.666224e+00  1.089600e+01  1.543399e+00  7.280000e+00  3.109161e+00  -239                 963                 0.2617  rate trigger                 Yes                                   -9.44
GRB190204A  887579      570951983.104  2019-02-04T05:46:00.743560  3.514909e+02  5.488407e+01   6.391852e-01        5.764937e+01  2.632400e+01  7.549788e+00  3.904000e+00  2.022672e-01  -234                 968                 0.4844  rate trigger                 Yes                                   -2.588
GRB190203A  887512      570901470.784  2019-02-03T15:44:08.426720  2.260302e+01  5.573658e+01   9.306790e-01        3.370466e+01  8.656000e+01  6.457987e+01  3.385600e+01  2.723809e+00  -240                 962                 0.2168  rate trigger                 Yes                                   -48.6
GRB190202A  887217      570764392.704  2019-02-02T01:39:30.355340  1.665055e+02  9.390266e+00   1.740490e+00        1.378167e+01  1.600000e+01  5.274955e+00  6.528000e+00  2.033952e+00  -240                 962                 0.0449  rate trigger                 Yes                                   -2.136
GRB190123A  885314      569938775.488  2019-01-23T12:19:13.191160  5.317814e+01  4.550385e+01   1.739178e+00        1.379652e+01  2.512400e+01  4.068661e+00  1.143200e+01  5.610542e+00  -239                 963                 0.6484  rate trigger                 Yes                                   -0.34
GRB190114C  883832      569192245.44   2019-01-14T20:57:03.190000  5.450300e+01  -2.693819e+01  3.968080e-01        1.139134e+02  3.614600e+02  1.173603e+01  4.907200e+01  1.473391e+00  -239                 963                 1.0156  rate trigger                 Yes                                   0.26
GRB190114B  883818      569187094.336  2019-01-14T19:31:12.086340  1.748679e+02  1.888149e+01   2.292262e+00        9.299405e+00  2.649200e+01  6.690422e+00  1.304800e+01  4.128615e+00  -239                 963                 0.6328  rate trigger                 Yes                                   0.168
GRB190114A  883600      569128272.0    2019-01-14T03:10:49.754020  6.554272e+01  2.195489e+00   1.656200e+00        1.479450e+01  6.709600e+01  9.829423e+00  3.702400e+01  7.784375e+00  -239                 963                 0.7891  image trigger                Yes                                   128.068
GRB190110A  883012      568833910.528  2019-01-10T17:24:48.300500  2.769373e+02  -5.364255e+01  7.986261e-01        4.193992e+01  9.304000e+00  8.390948e-01  3.100000e+00  2.898067e-01  -240                 243                 0.4336  rate trigger                 No                                    0.152
GRB190109B  882809      568727791.424  2019-01-09T11:56:09.203160  5.555317e+01  6.359550e+01   1.423401e+00        1.836875e+01  6.512000e+00  7.907060e-01  2.816000e+00  8.622297e-01  -239                 963                 0.6094  rate trigger                 Yes                                   -3.56
GRB190109A  882747      568703584.0    2019-01-09T05:12:41.780680  3.321439e+01  3.811125e+01   1.028051e+00        2.923847e+01  1.150080e+02  3.389175e+01  4.538800e+01  3.694871e+00  -239                 963                 0.2852  image trigger                Yes                                   12.256
GRB190106A  882252      568474506.816  2019-01-06T13:34:44.611040  2.987835e+01  2.383957e+01   8.074637e-01        4.128571e+01  7.809600e+01  2.085136e+00  6.208800e+01  6.393622e-01  -666                 962                 0.6562  rate trigger                 Yes                                   1.856
GRB190103B  881709      568242253.376  2019-01-03T21:03:51.185580  2.125609e+02  3.525393e+01   1.322206e+00        2.040958e+01  1.952000e+01  2.716798e+00  9.312000e+00  4.866210e-01  -239                 963                 0.0625  rate trigger                 Yes                                   -4.88
GRB181228A  879909      567658419.776  2018-12-28T02:53:17.622120  4.983135e+01  1.321081e+01   7.598445e-01        4.503100e+01  2.551520e+02  1.380249e+02  1.057600e+01  5.939428e-01  -240                 962                 0.3047  rate trigger                 Yes                                   -0.96
GRB181224A  878911      567351433.728  2018-12-24T13:36:51.593320  1.259489e+02  6.194439e+00   1.854671e+00        1.258578e+01  1.248800e+01  4.203418e+00  4.396000e+00  1.821035e+00  -240                 962                 0.8047  rate trigger                 No                                    -9.508
GRB181213A  876016      566398680.512  2018-12-13T12:57:38.436940  2.482090e+02  7.850094e+01   1.918720e+00        1.198991e+01  1.529600e+01  1.381014e+00  1.115200e+01  2.294034e+00  -840                 963                 0.2129  rate trigger                 Yes                                   0.136
GRB181203A  874475      565531749.888  2018-12-03T12:08:47.866980  1.083372e+02  -3.977838e+01  1.293565e+00        2.105817e+01  1.506000e+01  1.762989e+00  8.392000e+00  9.506966e-01  -429                 962                 0.8359  rate trigger                 Yes                                   -0.812
GRB181202A  874334      565425406.528  2018-12-02T06:36:24.513620  2.807374e+02  2.797749e+01   2.010087e+00        1.121900e+01  6.560000e+00  6.153373e-01  4.464000e+00  7.049652e-01  -886                 1662                0.9609  rate trigger                 Yes                                   0.02
GRB181126A  873539      564918870.08   2018-11-26T09:54:08.097180  1.523497e+02  -2.969792e+01  1.537353e+00        1.645505e+01  2.092000e+00  1.189285e-01  1.616000e+00  1.094468e+00  -239                 963                 0.6875  rate trigger                 Yes                                   0.016
GRB181125A  873433      564828901.888  2018-11-25T08:54:39.910800  2.683924e+02  -2.634339e+00  2.216764e+00        9.755136e+00  1.051200e+01  4.787250e+00  3.192000e+00  2.037508e+00  -240                 962                 0.6953  rate trigger                 No                                    0.072
GRB181123B  873186      564644005.056  2018-11-23T05:33:03.090320  1.843543e+02  1.461892e+01   1.894252e+00        1.221178e+01  2.600000e-01  4.560707e-02  1.240000e-01  4.525484e-02  -239                 963                 0.5938  rate trigger                 Yes                                   0.04
GRB181110A  871316      563532233.216  2018-11-10T08:43:31.319640  3.023301e+02  -3.687817e+01  1.412709e+00        1.856767e+01  1.384240e+02  1.092778e+01  4.720000e+01  1.641000e+00  -239                 963                 1.0156  rate trigger                 Yes                                   -39.268
GRB181103A  870201      562911772.288  2018-11-03T04:22:30.430260  1.970903e+02  5.222204e+01   1.926987e+00        1.191650e+01  9.168000e+00  2.872936e+00  3.488000e+00  1.340018e+00  -239                 963                 0.7891  rate trigger                 Yes                                   -0.728
GRB181030A  869494      562555664.0    2018-10-30T01:27:22.164360  1.469164e+02  1.465722e+01   1.085265e+00        2.706155e+01  3.031960e+02  7.859816e+01  9.519200e+01  1.214756e+01  -239                 963                 0.7109  image trigger                Yes                                   18.244
GRB181027A  868984      562297761.216  2018-10-27T01:48:59.396380  2.253618e+02  3.093774e+01   1.100864e+00        2.651545e+01  8.130400e+01  1.210597e+01  3.990400e+01  8.003353e+00  -239                 963                 0.9609  rate trigger                 No                                    -7.956
GRB181023A  868427      561953064.0    2018-10-23T02:04:02.201780  2.483249e+02  1.957816e+01   1.994557e+00        1.134400e+01  5.698400e+01  8.033103e+00  3.560000e+01  8.242358e+00  -239                 963                 0.5156  image trigger                Yes                                   -21.412
GRB181022A  868312      561922234.944  2018-10-22T17:30:13.147700  5.682622e+01  -2.933805e+01  2.963304e+00        6.443954e+00  7.936000e+00  2.584365e+00  3.736000e+00  2.071839e+00  -240                 962                 1.0312  rate trigger                 Yes                                   -1.156
GRB181020A  867987      561754855.296  2018-10-20T19:00:33.510100  1.398564e+01  -4.737196e+01  5.640576e-01        6.892402e+01  2.380160e+02  1.159881e+01  1.607200e+01  4.867336e+00  -239                 963                 0.9453  rate trigger                 Yes                                   0.796
GRB181016A  867252      561344122.688  2018-10-16T00:55:00.927600  2.312729e+02  -3.530726e+01  1.834177e+00        1.278715e+01  1.113440e+02  2.562730e+01  5.132000e+01  1.261122e+01  -240                 962                 0.4961  rate trigger                 No                                    -12.952
GRB181013A  866783      561091191.424  2018-10-13T02:39:29.679300  2.076821e+02  4.012064e+01   3.546572e+00        4.985139e+00  1.042080e+02  5.369581e+01  7.672000e+01  9.783353e+01  -239                 963                 0.8125  rate trigger                 Yes                                   18.976
GRB181010A  866434      560843773.44   2018-10-10T05:55:51.710680  5.256961e+01  -2.301950e+01  1.447106e+00        1.794040e+01  1.556400e+01  2.192793e+00  8.032000e+00  9.648959e-01  -239                 963                 0.8516  rate trigger                 Yes                                   -2.376
GRB181003A  865179      560236284.928  2018-10-03T05:11:03.236400  5.248173e+01  -3.399075e+01  1.748071e+00        1.369637e+01  2.549200e+01  4.762363e+00  1.060000e+01  3.677064e+00  -240                 962                 0.9688  rate trigger                 Yes                                   -8.6
GRB181002A  865036      560172424.896  2018-10-02T11:26:43.208360  6.473935e+01  1.524766e+01   1.813179e+00        1.299922e+01  6.340800e+01  1.234832e+01  2.708800e+01  7.661983e+00  -240                 962                 0.7031  rate trigger                 Yes                                   -22.872
GRB180930A  864584      560004250.944  2018-09-30T12:43:49.266800  7.689404e+01  -2.512444e+01  2.251474e+00        9.541005e+00  6.804000e+00  9.557908e-01  2.716000e+00  1.953606e+00  -240                 962                 0.8750  rate trigger                 Yes                                   -2.98
GRB180925A  863421      559579073.6    2018-09-25T14:37:31.949140  3.152138e+02  -6.445031e+01  1.486223e+00        1.726968e+01  8.263200e+01  2.364131e+01  4.223600e+01  1.103035e+01  -240                 963                 0.1543  rate trigger                 Yes                                   -3.48
GRB180924A  863186      559495364.032  2018-09-24T15:22:22.386320  4.920986e+01  -5.852245e+01  1.404353e+00        1.872569e+01  9.481600e+01  1.184242e+01  5.095600e+01  4.499049e+00  -239                 963                 1.0000  rate trigger                 Yes                                   -76.408
GRB180905A  859421      557848688.0    2018-09-05T13:57:46.456140  9.103837e+01  -4.592188e+00  1.702935e+00        1.421790e+01  1.653440e+02  2.889950e+01  5.506800e+01  1.051491e+01  -239                 363                 0.2930  image trigger                Yes                                   -47.26
GRB180904A  859282      557789333.952  2018-09-04T21:28:32.411820  2.742633e+02  4.664272e+01   2.381306e+00        8.806656e+00  4.632000e+00  1.031591e+00  3.320000e+00  1.306147e+00  -240                 962                 0.5625  rate trigger                 Yes                                   1.332
GRB180828A  856977      557175476.288  2018-08-28T18:57:34.785720  2.687041e+02  -2.579147e+01  8.546948e-01        3.806547e+01  1.300000e+01  9.000000e+00  4.000000e+00  1.000000e+00  -239                 963                 0.1855  rate trigger                 Yes                                   -7.288
GRB180823A  855434      556743894.464  2018-08-23T19:04:32.988300  2.103581e+02  1.490088e+01   8.102590e-01        4.108239e+01  8.029600e+01  6.893024e+00  3.089600e+01  1.703460e+00  -60                  963                 0.9297  rate trigger                 Yes                                   -29.268
GRB180821A  854578      556562456.0    2018-08-21T16:40:34.535440  7.738850e+00  -3.861107e+01  2.318793e+00        9.147777e+00  6.400000e+01  2.262742e+01  3.200000e+01  1.600000e+01  -239                 963                 0.1758  image trigger                Yes                                   1.0
GRB180818B  853882      556288240.0    2018-08-18T12:30:18.552260  1.042255e+02  3.931036e+01   1.652561e+00        1.484105e+01  1.374600e+02  9.700067e+00  1.104400e+02  4.472767e+00  -239                 963                 0.8906  image trigger                Yes                                   -89.712
GRB180818A  853824      556254745.472  2018-08-18T03:12:04.026320  1.696979e+02  -4.834413e+01  2.258079e+00        9.501166e+00  1.371200e+01  4.050537e+00  5.920000e+00  2.404742e+00  -239                 963                 0.7891  rate trigger                 Yes                                   -1.6
GRB180812A  852903      555754971.648  2018-08-12T08:22:30.233000  2.458314e+02  7.466857e+01   2.265898e+00        9.454358e+00  1.652800e+01  9.701546e-01  1.366400e+01  6.085080e+00  -471                 962                 0.2617  rate trigger                 Yes                                   -0.088
GRB180809B  852553      555539349.504  2018-08-09T20:28:48.102240  2.997118e+02  -1.529277e+01  5.622530e-01        6.924026e+01  2.332440e+02  1.124455e+00  3.759600e+01  1.167568e+00  -240                 963                 0.6328  rate trigger                 Yes                                   3.628
GRB180805B  851855      555166977.856  2018-08-05T13:02:36.477100  2.586833e+01  -1.748139e+01  3.180663e+00        5.824195e+00  1.222400e+02  1.801056e+01  6.497200e+01  3.258223e+01  -240                 962                 0.6797  rate trigger                 Yes                                   0.116
GRB180805A  851829      555152710.4    2018-08-05T09:04:49.021980  1.675753e+02  -4.532662e+01  2.140484e+00        1.025554e+01  1.676000e+00  4.088031e-01  8.640000e-01  3.782275e-01  -239                 963                 0.6406  rate trigger                 Yes                                   0.116
GRB180728A  850471      554491762.048  2018-07-28T17:29:00.710460  2.535736e+02  -5.403714e+01  4.985945e-01        8.220679e+01  8.684000e+00  2.973214e-01  2.464000e+00  3.577716e-02  -239                 723                 0.5703  rate trigger                 Yes                                   11.672
GRB180727A  850231      554393750.016  2018-07-27T14:15:28.684460  3.466387e+02  -6.306607e+01  1.113157e+00        2.609811e+01  1.056000e+00  2.291201e-01  4.520000e-01  7.076724e-02  -239                 363                 0.8594  rate trigger                 Yes                                   0.024
GRB180721A  849018      553864029.696  2018-07-21T11:06:48.396880  3.477070e+02  4.873928e+00   1.827712e+00        1.285181e+01  4.760000e+01  2.986650e+00  1.462800e+01  2.696490e+01  -240                 962                 1.0156  rate trigger                 Yes                                   0.084
GRB180720C  848932      553818258.944  2018-07-20T22:23:57.647680  2.656548e+02  -2.663306e+01  1.639436e+00        1.501108e+01  1.229880e+02  3.167005e+01  4.080400e+01  2.954995e+01  -240                 962                 0.9844  rate trigger                 Yes                                   -112.22
GRB180720B  848890      553789325.888  2018-07-20T14:21:44.593440  5.285718e-01  -2.925526e+00  1.160920e+00        2.457784e+01  1.084000e+02  3.688453e+00  2.006800e+01  1.063850e+00  -240                 962                 0.0850  rate trigger                 Yes                                   0.22
GRB180718A  848489      553571885.816  20180718T01:57:44.530       3.360190e+02  2.789800e+00   3.008257e+00        6.307659e+00  8.399999e-02  2.332388e-02  5.199993e-02  2.561250e-02  -1                   2                   0.2500  ground detected              No             Tentative detection.   0.008
GRB180715A  848048      553370846.272  2018-07-15T18:07:05.003060  2.350854e+02  -8.993133e-01  2.001788e+00        1.128551e+01  6.840000e-01  8.772690e-02  4.079999e-01  8.637128e-02  -239                 963                 0.8516  rate trigger                 No                                    -0.112
GRB180709A  846868      552826341.504  2018-07-09T10:52:00.268380  3.808552e+01  6.033331e+01   1.559965e+00        1.611536e+01  1.948080e+02  3.121534e+01  9.832000e+01  6.763981e+01  -240                 963                 0.8125  rate trigger                 Yes                                   2.748
GRB180706A  846395      552558301.632  2018-07-06T08:24:40.412760  1.816826e+02  6.604476e+01   1.016941e+00        2.969588e+01  4.244400e+01  7.162597e+00  2.073600e+01  1.050577e+01  -660                 962                 0.8672  rate trigger                 Yes                                   -2.112
GRB180705A  846299      552498096.0    2018-07-05T15:41:14.784440  2.126047e+02  -1.163839e+01  2.166228e+00        1.008187e+01  1.067840e+02  1.620255e+01  6.144800e+01  2.567909e+01  -239                 963                 0.3633  image trigger                Yes                                   3.852
GRB180704A  846088      552375424.064  2018-07-04T05:36:42.855940  3.260444e+01  6.996534e+01   1.326405e+00        2.031734e+01  1.965600e+01  1.404706e+00  1.458400e+01  8.155808e-01  -239                 963                 0.0742  rate trigger                 Yes                                   -17.136
GRB180630A  845443      552049932.992  2018-06-30T11:11:51.803800  4.889501e+01  -8.747632e+01  8.322751e-01        3.953874e+01  1.896000e+01  6.314562e+00  3.232000e+00  6.160780e-01  -240                 962                 0.5938  rate trigger                 Yes                                   1.476
GRB180626A  844615      551694098.112  2018-06-26T08:21:16.945520  2.435699e+02  1.475949e+01   7.795616e-01        4.341279e+01  3.010400e+01  1.411388e+00  1.370000e+01  7.586092e-01  -239                 963                 0.3555  rate trigger                 Yes                                   -6.68
GRB180624A  844192      551541001.536  2018-06-24T13:49:40.378860  3.180955e+02  -2.355501e+00  1.309183e+00        2.070022e+01  4.666520e+02  3.575626e+01  3.256760e+02  9.277618e+00  -487                 963                 0.4766  rate trigger                 Yes                                   -43.332
GRB180623A  844015      551464937.536  2018-06-23T16:41:56.383500  2.145283e+02  -6.026823e+01  8.690285e-01        3.717172e+01  1.148800e+02  6.819870e+00  5.796800e+01  1.198145e+00  -240                 963                 0.6328  rate trigger                 Yes                                   -37.172
GRB180620B  843211      551202658.304  2018-06-20T15:50:37.167500  3.575116e+02  -5.795511e+01  7.786400e-01        4.348622e+01  2.239680e+02  2.613269e+01  4.341600e+01  4.589234e+00  -179                 843                 0.7812  rate trigger                 Yes                                   -118.84
GRB180620A  843122      551176519.168  2018-06-20T08:34:58.033100  2.798897e+02  2.323868e+01   7.924114e-01        4.241061e+01  2.294800e+01  4.987643e+00  7.204000e+00  2.375879e-01  -259                 963                 0.4375  rate trigger                 Yes                                   -0.616
GRB180618A  842475      550975414.224  2018-06-18T00:43:13.101380  1.699449e+02  7.382454e+01   1.510609e+00        1.687279e+01  4.742400e+01  1.120165e+01  2.060800e+01  1.134263e+01  -239                 963                 0.7031  rate trigger                 Yes                                   0.008
GRB180614A  841548      550696594.752  2018-06-14T19:16:13.646380  3.073940e+00  4.696753e+01   1.841313e+00        1.271642e+01  7.092000e+00  9.411482e-01  3.568000e+00  1.063009e+00  -240                 962                 1.0156  rate trigger                 Yes                                   -3.956
GRB180613A  840853      550597000.0    2018-06-13T15:36:18.900460  2.115443e+02  -4.308314e+01  1.857236e+00        1.256095e+01  5.081600e+01  8.359981e+00  2.406400e+01  7.526487e+00  -239                 963                 0.9688  image trigger                Yes                                   27.944
GRB180602A  835200      549620112.0    2018-06-02T08:14:50.959800  1.423380e+02  3.208348e+01   1.485870e+00        1.727554e+01  5.320400e+01  1.019750e+01  1.760000e+01  3.314921e+00  -239                 963                 0.7891  image trigger                Yes                                   -32.4
GRB180514A  832368      547997154.432  2018-05-14T13:25:33.490260  1.973846e+02  3.697065e+01   1.290941e+00        2.111935e+01  3.116000e+01  4.105078e+00  1.564800e+01  2.216772e+00  -773                 963                 0.9141  rate trigger                 Yes                                   -6.544
GRB180512A  832119      547855328.0    2018-05-12T22:01:47.066860  2.019396e+02  2.140433e+01   1.929672e+00        1.189282e+01  2.400000e+01  7.071068e+00  9.000000e+00  3.605551e+00  -239                 963                 0.6797  image trigger                Yes                                   30.0
GRB180510B  831816      547676163.2    2018-05-10T20:15:42.277740  7.796179e+01  -6.231941e+01  1.675253e+00        1.455471e+01  1.340160e+02  5.292255e+01  2.886400e+01  7.809787e+00  -239                 963                 0.4102  rate trigger                 Yes                                   -13.168
GRB180510A  831810      547673095.232  2018-05-10T19:24:34.309920  2.763386e+02  -3.191797e+01  8.598592e-01        3.773928e+01  6.400000e+01  1.600000e+01  1.600000e+01  1.600000e+01  -239                 963                 0.3789  rate trigger                 Yes                                   -15.232
GRB180504A  830822      547155994.176  2018-05-04T19:46:13.285300  3.311428e+02  -1.466660e+01  1.367960e+00        1.944142e+01  1.152640e+02  4.869505e+01  2.483200e+01  5.467413e+00  -239                 963                 0.6172  rate trigger                 Yes                                   -27.912
GRB180425A  828672      546331602.624  2018-04-25T06:46:21.783300  6.444987e+01  -3.294967e+01  1.431500e+00        1.822047e+01  1.190400e+01  2.712271e+00  4.544000e+00  1.295901e+00  -240                 962                 0.2734  rate trigger                 Yes                                   -0.136
GRB180418A  826428      545726666.816  2018-04-18T06:44:06.012000  1.701286e+02  2.492704e+01   1.362552e+00        1.955174e+01  4.408000e+00  2.491104e+00  7.880000e-01  1.885099e-01  -239                 963                 1.0000  rate trigger                 Yes                                   0.28
GRB180411A  824451      545142484.48   2018-04-11T12:27:43.711420  3.568386e+02  6.679138e+01   5.838650e-01        6.560815e+01  7.797600e+01  1.006229e+00  4.743600e+01  9.580814e-01  -239                 963                 0.9766  rate trigger                 Yes                                   -1.224
GRB180410A  824063      545040200.0    2018-04-10T08:02:59.237600  9.597150e+01  1.280626e+01   1.838215e+00        1.274704e+01  1.148000e+02  1.442931e+01  5.027200e+01  1.010998e+01  -239                 963                 0.5312  image trigger                Yes                                   25.688
GRB180407A  823001      544758910.528  2018-04-07T01:54:49.782600  3.523134e+01  3.351361e+01   1.802681e+00        1.310750e+01  1.006280e+02  3.393973e+01  3.152800e+01  8.550097e+00  -240                 963                 0.5234  rate trigger                 No                                    -16.164
GRB180404B  821902      544500724.8    2018-04-04T02:11:44.070200  5.338955e+01  -5.021395e+01  5.191729e-01        7.759174e+01  1.117080e+02  6.988862e+00  4.688000e+01  1.474069e+00  -240                 962                 0.8438  rate trigger                 Yes                                   -0.244
GRB180404A  821881      544495556.416  2018-04-04T00:45:35.686520  8.353130e+01  -3.716955e+01  1.085412e+00        2.705632e+01  3.628000e+01  5.351026e+00  1.019600e+01  1.756729e+00  -239                 843                 0.8203  rate trigger                 Yes                                   -17.136
GRB180402A  821103      544355120.0    2018-04-02T09:44:59.279000  2.519232e+02  -1.492822e+01  1.952179e+00        1.169743e+01  1.799999e-01  3.124110e-02  9.999990e-02  2.262738e-02  -239                 963                 0.3789  rate trigger                 Yes                                   0.068
GRB180331B  820513      544203540.032  2018-03-31T15:38:39.320160  1.967999e+02  6.172532e+01   1.684616e+00        1.443929e+01  7.803200e+01  4.738945e+00  2.043200e+01  7.357565e+00  -239                 963                 0.3047  rate trigger                 Yes                                   -20.168
GRB180331A  820347      544162516.416  2018-03-31T04:14:55.706640  6.600546e+01  1.338604e+01   1.935300e+00        1.184344e+01  4.800000e+01  2.262742e+01  3.200000e+01  1.600000e+01  -239                 963                 0.8125  rate trigger                 Yes                                   0.584
GRB180329B  819490      544025324.672  2018-03-29T14:08:23.970940  8.290507e+01  -2.369480e+01  1.763190e+00        1.352890e+01  2.135360e+02  4.942257e+01  1.441120e+02  3.459230e+00  -240                 962                 0.1562  rate trigger                 Yes                                   -5.592
GRB180329A  819301      543977901.504  2018-03-29T00:58:00.805800  3.292966e+02  -1.510562e+01  2.499428e+00        8.218163e+00  3.600000e+01  7.280110e+00  1.900000e+01  1.118034e+01  -240                 963                 0.8125  rate trigger                 No                                    -0.504
GRB180325A  817564      543635603.52   2018-03-25T01:53:02.842480  1.574161e+02  2.446103e+01   1.136167e+00        2.534634e+01  9.282800e+01  1.519991e+00  5.048000e+00  4.880164e-01  -240                 603                 0.8984  rate trigger                 Yes                                   1.752
GRB180324A  817345      543559050.304  2018-03-24T04:37:09.631100  7.658102e+01  5.674355e+01   1.379179e+00        1.921588e+01  7.216000e+00  1.302287e+00  5.439999e-01  1.997198e-01  -239                 963                 0.7812  rate trigger                 Yes                                   -4.772
GRB180316A  814677      542869065.728  2018-03-16T04:57:25.096800  2.654217e+02  7.375110e-01   1.454276e+00        1.781417e+01  8.700000e+01  2.059126e+01  1.600000e+01  4.242641e+00  -240                 962                 0.2930  rate trigger                 Yes                                   -61.728
GRB180314B  814305      542759037.568  2018-03-14T22:23:36.943440  2.978588e+02  2.364375e+01   1.987631e+00        1.140051e+01  5.542400e+01  6.539602e+00  2.339200e+01  1.891698e+01  -240                 963                 0.6641  rate trigger                 Yes                                   -44.928
GRB180314A  814129      542681032.0    2018-03-14T00:43:31.380160  9.917323e+01  -2.449473e+01  4.049253e+00        4.125151e+00  5.046400e+01  2.183587e+01  1.068800e+01  6.223569e-01  -239                 963                 0.2480  image trigger                Yes                                   -9.784
GRB180311A  813721      542484249.856  2018-03-11T18:03:49.248040  3.379343e+00  -5.449073e+01  2.292007e+00        9.300884e+00  2.304000e+01  8.712467e+00  8.640000e+00  8.987615e+00  -240                 962                 0.9453  rate trigger                 Yes                                   0.72
GRB180224A  811561      541203688.256  2018-02-24T22:21:07.725300  2.026722e+02  3.807504e+01   1.301894e+00        2.086599e+01  1.092000e+01  3.568276e+00  4.584000e+00  7.657049e-01  -239                 963                 0.9375  rate trigger                 Yes                                   0.144
GRB180222A  811235      540997824.064  2018-02-22T13:10:03.545680  2.565313e+02  -3.682098e+01  1.415871e+00        1.850846e+01  4.230400e+01  1.274307e+01  1.728000e+01  6.947243e+00  -239                 963                 0.9844  rate trigger                 Yes                                   0.424
GRB180221A  811074      540887465.344  2018-02-21T06:30:44.832320  3.267870e+02  -7.289091e+01  2.923187e+00        6.570659e+00  1.100000e+01  3.162278e+00  7.000000e+00  3.605551e+00  -239                 963                 0.3125  rate trigger                 Maybe                                 1.656
GRB180205A  808625      539497549.76   2018-02-05T04:25:29.331960  1.268193e+02  1.153619e+01   1.095693e+00        2.669438e+01  1.553600e+01  3.146993e+00  6.112000e+00  5.982642e-01  -240                 842                 0.5000  rate trigger                 Yes                                   -6.316
GRB180204A  808483      539404597.364  2018-02-04T02:36:16.941560  3.301230e+02  3.085161e+01   1.072983e+00        2.750517e+01  1.164000e+00  1.170982e-01  9.160000e-01  2.332383e-02  -239                 963                 0.7031  rate trigger                 Yes                                   -0.028
GRB180115A  805318      537682584.0    2018-01-15T04:16:03.681260  1.204114e+01  -1.563092e+01  1.826370e+00        1.286531e+01  3.914400e+01  2.992023e+00  3.072400e+01  2.904441e+00  -239                 963                 0.5703  image trigger                Yes                                   27.736
GRB180113A  804999      537504446.976  2018-01-13T02:47:06.667980  1.921142e+01  6.868257e+01   8.702180e-01        3.709916e+01  6.400000e+01  1.600000e+01  1.600000e+01  1.600000e+01  -61                  242                 0.7578  rate trigger                 No                                    -12.976
GRB180111A  804692      537381746.688  2018-01-11T16:42:06.387380  1.497819e+02  4.825402e+01   6.661054e-01        5.435004e+01  5.089200e+01  1.880136e+00  2.226400e+01  3.944008e-01  -240                 962                 0.7031  rate trigger                 Yes                                   1.784
GRB180103A  803066      536634529.6    20180103T01:08:29.322       1.595848e+02  -5.355468e+01  1.939602e+00        1.180748e+01  1.504000e+02  1.600000e+00  7.520000e+01  1.600000e+00  5                    15                  0.3828  ground detected              Yes                                   11.2
GRB180102A  802999      536601004.544  2018-01-02T15:49:44.290400  2.030727e+02  6.216495e+01   1.423908e+00        1.835940e+01  1.156000e+01  1.731802e+00  3.912000e+00  1.990996e+00  -244                 963                 0.9531  rate trigger                 Yes                                   -6.14
GRB171222A  799669      535652720.0    2017-12-22T16:24:59.803500  1.482718e+02  3.562255e+01   1.661291e+00        1.472976e+01  1.738720e+02  2.386951e+01  9.994000e+01  1.879110e+01  -239                 963                 0.6016  image trigger                N/A                                   12.848
GRB171216A  797441      535086439.616  2017-12-16T03:06:59.453420  2.120119e+02  -5.050049e+01  2.047921e+00        1.092409e+01  3.008000e+01  7.586093e+00  1.356800e+01  8.566741e+00  -240                 962                 0.6328  rate trigger                 Yes                                   0.512
GRB171212A  796778      534772661.824  2017-12-12T11:57:21.680200  2.939219e+02  2.059754e+01   1.677701e+00        1.452438e+01  3.040000e+02  6.400000e+01  8.000000e+01  1.600000e+01  -701                 1004                0.6094  rate trigger                 Yes                                   -28.824
GRB171211A  796469      534677273.088  2017-12-11T09:27:32.949900  9.814523e+01  -5.868816e+01  1.751066e+00        1.366291e+01  2.176000e+00  4.553680e-01  7.680000e-01  3.896255e-01  -239                 963                 0.5781  rate trigger                 Yes                                   0.08
GRB171209A  796100      534523596.352  2017-12-09T14:46:16.223100  1.393868e+02  -3.052290e+01  1.222918e+00        2.281734e+01  1.616480e+02  3.075877e+01  7.010400e+01  4.369297e+00  -239                 483                 0.6172  rate trigger                 Yes                                   -5.204
GRB171205A  794972      534151264.0    2017-12-05T07:20:43.893380  1.674225e+02  -1.259910e+01  1.591274e+00        1.566430e+01  1.904720e+02  3.388084e+01  8.898800e+01  1.889955e+01  -239                 963                 0.4648  image trigger                Yes                                   -26.196
GRB171123A  791922      533139307.648  2017-11-23T14:14:47.601920  1.861956e+02  3.250406e+01   2.386931e+00        8.777021e+00  5.846400e+01  2.705325e+01  1.784000e+01  3.317597e+01  -240                 962                 0.8672  rate trigger                 Yes                                   -0.48
GRB171120A  791201      532876822.528  2017-11-20T13:20:02.497620  1.637746e+02  2.246073e+01   1.224151e+00        2.278452e+01  6.400000e+01  1.600000e+01  3.200000e+01  1.600000e+01  -240                 963                 0.1484  rate trigger                 Yes                                   -15.528
GRB171115A  790053      532464700.864  2017-11-15T18:51:20.858340  2.783918e+02  9.117711e+00   1.529514e+00        1.657564e+01  3.677200e+01  5.180241e+00  1.965200e+01  3.967988e+00  -279                 962                 1.0156  rate trigger                 Yes                                   -6.3
GRB171103A  785850      531443452.012  2017-11-03T23:10:32.067600  2.495070e+02  -1.020582e+01  1.459458e+00        1.772388e+01  4.268000e+00  1.105854e+00  3.279999e-01  1.076743e+00  -239                 963                 0.6562  rate trigger                 No                                    -0.324
GRB171102B  785510      531328849.536  2017-11-02T15:20:29.598440  2.881049e+02  2.243917e+01   2.101455e+00        1.052871e+01  1.888000e+01  3.915107e+00  1.016000e+01  3.843632e+00  -889                 1368                0.2227  rate trigger                 Yes                                   -4.84
GRB171027A  783479      530785406.528  2017-10-27T08:23:06.622860  6.168251e+01  -2.600305e+00  1.100101e+00        2.654173e+01  9.677200e+01  4.906970e+00  2.956800e+01  1.313834e+00  -325                 963                 0.9141  rate trigger                 Yes                                   7.672
GRB171020A  780845      530233650.624  2017-10-20T23:07:10.751760  3.925940e+01  1.519936e+01   1.808942e+00        1.304274e+01  4.185600e+01  9.191579e+00  1.772800e+01  4.113587e+00  -240                 963                 0.4805  rate trigger                 Yes                                   0.248
GRB171011A  778154      529439587.008  2017-10-11T18:32:47.183100  2.367655e+02  -1.006338e+01  9.167262e-01        3.443989e+01  2.280000e+00  2.329979e-01  1.152000e+00  9.903534e-02  -239                 63                  0.6328  rate trigger                 No                                    0.06
GRB171010B  778019      529361984.0    2017-10-10T20:59:24.168     3.412327e+01  -5.441018e+01  1.582305e+00        1.579337e+01  3.040000e+01  1.600000e+00  1.760000e+01  1.600000e+00  1                    11                  0.7109  ground detected              Yes                                   0.0
GRB171007A  777215      529070278.08   2017-10-07T11:57:38.277120  1.355440e+02  4.284930e+01   2.328750e+00        9.093142e+00  6.842400e+01  1.932885e+01  4.616800e+01  2.862699e+01  -239                 2000                1.0312  rate trigger                 Yes                                   0.48
GRB171004A  776347      528796552.0    2017-10-04T07:55:32.213440  1.391463e+02  5.268505e+01   1.272849e+00        2.154950e+01  1.055400e+02  1.430644e+01  4.480800e+01  7.641740e+00  -711                 1279                0.4219  image trigger                Yes                                   15.344
GRB171001A  775553      528575160.0    2017-10-01T18:25:40.226640  2.208561e+01  -1.192544e+01  2.212297e+00        9.783290e+00  2.091600e+01  1.351077e+00  1.484400e+01  2.281228e+00  -239                 1748                0.7266  image trigger                Yes                                   12.784
GRB170921A  773509      527696948.224  2017-09-21T14:28:48.502900  2.684069e+01  3.087965e+01   1.853078e+00        1.260123e+01  2.880000e+01  5.925533e+00  7.744000e+00  5.949591e+00  -239                 963                 0.8672  rate trigger                 Yes                                   -18.296
GRB170912B  772052      526890846.512  2017-09-12T06:33:46.838680  2.154656e+02  -6.199802e+01  6.250978e-01        5.951430e+01  1.788400e+01  7.833112e+00  7.592000e+00  3.180440e-01  -240                 963                 1.0312  rate trigger                 Yes                                   0.004
GRB170912A  772006      526872876.608  2017-09-12T01:34:16.935740  1.673854e+02  -5.434365e+01  2.027519e+00        1.108146e+01  2.118400e+01  5.435481e+00  8.896000e+00  3.835331e+00  -240                 962                 0.3477  rate trigger                 Yes                                   -0.12
GRB170906C  770981      526375597.248  2017-09-06T07:26:17.605220  1.286695e+02  7.080428e+01   7.518750e-01        4.571442e+01  4.507600e+01  4.800244e+00  1.261600e+01  9.888013e-01  -239                 1292                0.3281  rate trigger                 Yes                                   -25.784
GRB170906B  770958      526352165.376  2017-09-06T00:55:45.734600  N/A           N/A            N/A                 N/A           19.200        1.6           9.6           1.6           930                  1090                0.0000  rate trigger                 Yes            No event data.         -11.776
GRB170906A  770957      526351411.264  2017-09-06T00:43:11.622660  2.039456e+02  -4.708853e+01  1.339349e+00        2.003742e+01  8.811200e+01  1.444798e+00  4.238400e+01  4.402181e-01  -239                 603                 0.6719  rate trigger                 Yes                                   8.008
GRB170903A  770528      526135766.848  2017-09-03T12:49:07.219440  2.545232e+02  3.498229e+01   1.220577e+00        2.287988e+01  2.772400e+01  4.506508e+00  1.035600e+01  1.760410e+00  -240                 962                 0.3008  rate trigger                 Yes                                   -5.268
GRB170827A  769567      525503568.0    2017-08-27T05:12:28.408920  2.761873e+02  -4.020167e+01  1.935229e+00        1.184406e+01  9.862400e+01  3.170298e+01  4.946000e+01  1.780736e+01  -239                 963                 0.9844  image trigger                Yes                                   24.12
GRB170823A  769177      525219427.904  2017-08-23T22:16:48.329780  1.887137e+02  3.554976e+01   8.563110e-01        3.796287e+01  6.940800e+01  1.203175e+01  3.944000e+01  1.030806e+01  -240                 962                 0.7969  rate trigger                 No                                    1.7
GRB170822A  768939      525085930.624  2017-08-22T09:11:51.057700  9.437480e+01  5.499917e+01   2.074120e+00        1.072750e+01  6.400000e+01  1.600000e+01  3.200000e+01  1.600000e+01  -240                 962                 0.1211  rate trigger                 Yes                                   -15.624
GRB170813A  767563      524279616.0    2017-08-13T01:13:16.481520  2.010572e+02  -5.527759e+00  3.365980e+00        5.371577e+00  7.254400e+01  1.210174e+01  2.685200e+01  7.168068e+00  -239                 963                 0.7109  image trigger                Yes                                   -7.428
GRB170810A  767284      524095320.576  2017-08-10T22:01:41.068460  1.879283e+02  3.665313e+00   9.852846e-01        3.106819e+01  1.524200e+02  2.149788e+01  7.536400e+01  8.120831e+00  -240                 963                 0.9375  rate trigger                 Yes                                   -17.776
GRB170807A  766821      523835788.608  2017-08-07T21:56:09.115840  1.434334e+02  -1.734781e+01  1.521252e+00        1.670441e+01  3.632400e+01  7.972911e+00  2.841200e+01  7.538346e+00  -240                 962                 0.9219  rate trigger                 No                                    0.164
GRB170804A  766194      523540916.864  2017-08-04T12:01:37.389340  6.404513e+00  -6.477879e+01  1.344934e+00        1.991866e+01  5.648000e+01  1.868044e+01  1.797200e+01  4.816832e+00  -775                 962                 0.7578  rate trigger                 Yes                                   3.856
GRB170803A  766081      523474246.644  2017-08-03T17:30:27.173280  1.749477e+02  -1.631123e+01  7.692393e-01        4.424740e+01  3.820000e+00  2.368121e-01  1.612000e+00  8.099380e-02  -240                 902                 0.9453  rate trigger                 Yes                                   -0.188
GRB170728B  765130      522975818.88   2017-07-28T23:03:19.438780  2.380188e+02  7.011112e+01   2.338483e+00        9.037940e+00  4.768000e+01  2.649670e+01  1.920000e+01  2.639315e+01  -240                 962                 0.0513  rate trigger                 Yes                                   0.056
GRB170728A  765008      522917628.224  2017-07-28T06:53:28.786200  5.890195e+01  1.216231e+01   2.134002e+00        1.030007e+01  1.248000e+00  2.468684e-01  5.200000e-01  2.061553e-01  -587                 963                 0.7344  rate trigger                 Yes                                   0.236
GRB170724A  764204      522550144.0    2017-07-24T00:48:44.583880  1.500600e+02  -1.026412e+00  2.371451e+00        8.858981e+00  9.898000e+01  2.075716e+01  4.387600e+01  2.120420e+01  -239                 963                 0.5859  image trigger                No                                    -39.768
GRB170714A  762535      521727952.0    2017-07-14T12:25:32.632340  3.432078e+01  1.962078e+00   2.181171e+00        9.983339e+00  4.592160e+02  9.460989e+01  2.581920e+02  6.543963e+01  -239                 963                 0.6172  image trigger                N/A                                   -32.904
GRB170711A  761622      521504444.736  2017-07-11T22:20:25.381520  4.577821e+01  4.784443e+01   9.920933e-01        3.076404e+01  3.121200e+01  7.390577e+00  3.248000e+00  5.098862e-01  -240                 962                 1.0156  rate trigger                 Yes                                   -22.16
GRB170710B  86619001    521367025.6    20170710T08:10:06.251       4.312205e+01  4.267877e+01   8.108375e-01        4.104589e+01  5.440000e+01  1.600000e+00  3.040000e+01  1.600000e+00  -25                  79                  N/A     ground detected during slew  No                                    1.6
GRB170710A  761119      521340363.968  2017-07-10T00:45:44.623200  2.318498e+02  -3.852272e+01  2.519060e+00        8.126816e+00  3.312000e+01  1.086116e+01  1.596800e+01  7.838926e+00  -723                 662                 0.2285  rate trigger                 Yes                                   0.568
GRB170705A  760064      520915566.4    2017-07-05T02:45:47.080260  1.917084e+02  1.829719e+01   6.595203e-01        5.512693e+01  2.232040e+02  1.555201e+01  9.052000e+01  5.560828e+01  -665                 963                 0.8359  rate trigger                 Yes                                   4.372
GRB170629A  759159      520433632.448  2017-06-29T12:53:33.156640  1.299601e+02  -4.658339e+01  1.322426e+00        2.040473e+01  3.442800e+01  1.276203e+01  7.452000e+00  2.165696e+00  -239                 963                 0.1797  rate trigger                 Yes                                   0.24
GRB170626A  758766      520162662.4    2017-06-26T09:37:23.124540  1.654075e+02  5.647902e+01   4.949114e-01        8.308215e+01  1.294800e+01  3.465948e-01  6.940000e+00  1.679048e-01  -401                 963                 0.9688  rate trigger                 Yes                                   -1.236
GRB170607A  756284      518570512.896  2017-06-07T23:21:33.713940  7.357983e+00  9.224490e+00   1.012667e+00        2.987506e+01  3.200000e+02  1.723253e+02  1.920000e+02  1.509437e+02  -240                 962                 0.5703  rate trigger                 Yes                                   -191.896
GRB170604A  755867      518296149.568  2017-06-04T19:08:50.402040  3.426452e+02  -1.540437e+01  1.302913e+00        2.084267e+01  2.652800e+01  2.839763e+00  8.816000e+00  1.087058e+00  -669                 962                 0.0879  rate trigger                 Yes                                   -10.296
GRB170531B  755354      517960948.352  2017-05-31T22:02:09.205660  2.868994e+02  -1.640926e+01  1.536249e+00        1.647194e+01  1.702960e+02  9.106015e+00  1.342560e+02  5.275462e+00  -687                 963                 0.9688  rate trigger                 Yes                                   4.288
GRB170531A  755343      517954072.0    2017-05-31T20:07:32.854060  1.212176e+02  -1.401623e+01  2.389209e+00        8.765071e+00  3.230400e+01  7.928195e+00  1.655600e+01  5.745706e+00  -119                 963                 0.9297  image trigger                Yes                                   -9.948
GRB170526A  754549      517498528.064  2017-05-26T13:35:08.944680  4.722063e+00  1.263885e+00   2.280726e+00        9.366675e+00  8.312000e+00  2.445600e+00  3.772000e+00  1.805454e+00  -327                 1275                0.9453  rate trigger                 Yes                                   0.164
GRB170524B  753445006   517315259.2    2017-05-24T10:40:59.20      9.086560e+01  -1.708068e+01  6.642033e-01        5.457966e+01  4.640000e+01  1.600000e+00  2.720000e+01  1.600000e+00  0                    101                 N/A     ground detected during slew  Yes                                   0.0
GRB170524A  754322      517348174.62   2017-05-24T19:49:15.509460  3.194889e+02  4.860415e+01   2.047514e+00        1.092719e+01  1.039999e-01  1.788858e-02  5.999994e-02  2.154063e-02  -240                 962                 0.9688  rate trigger                 Yes                                   0.004
GRB170519A  753445      516863421.888  2017-05-19T05:10:02.805780  1.634295e+02  2.538029e+01   1.474997e+00        1.745774e+01  2.202520e+02  1.438385e+02  1.782800e+01  1.400665e+02  -801                 842                 1.0000  rate trigger                 Yes                                   -24.028
GRB170516A  753110      516631779.648  2017-05-16T12:49:20.579320  4.154147e+01  -5.593184e+01  1.546228e+00        1.632028e+01  3.676800e+01  1.161786e+01  1.556800e+01  1.639356e+00  -240                 962                 0.6797  rate trigger                 Yes                                   -12.912
GRB170428A  750298      515063641.216  2017-04-28T09:13:42.238600  3.300519e+02  2.691351e+01   1.221469e+00        2.285602e+01  1.999999e-01  7.375638e-02  9.999996e-02  2.262742e-02  -780                 963                 0.6250  rate trigger                 Yes                                   0.164
GRB170419B  748947      514330444.992  2017-04-19T21:33:46.057280  6.049324e+01  -1.511996e+01  1.369495e+00        1.941028e+01  6.585600e+01  1.126015e+01  2.922000e+01  7.636553e+00  -240                 302                 0.5234  rate trigger                 No                                    1.0
GRB170419A  748898      514301219.136  2017-04-19T13:26:40.202980  7.985402e+01  -2.143396e+01  1.716300e+00        1.405999e+01  7.776000e+00  1.751105e+00  2.976000e+00  1.959722e+00  -838                 963                 0.5312  rate trigger                 Yes                                   -0.072
GRB170405A  745797      513110407.296  2017-04-05T18:39:48.432100  2.198240e+02  -2.523641e+01  1.312150e+00        2.063340e+01  1.653120e+02  3.289292e+01  4.752000e+01  2.540929e+00  -239                 963                 0.0693  rate trigger                 Yes                                   -16.816
GRB170331A  744791      512617265.28   2017-03-31T01:40:46.444640  3.237779e+02  -2.440543e+01  2.019017e+00        1.114818e+01  1.761600e+01  2.476901e+00  9.600000e+00  2.443617e+00  -239                 963                 0.1855  rate trigger                 Yes                                   -1.728
GRB170330A  744773      512605810.176  2017-03-30T22:29:51.341320  2.833233e+02  -1.344832e+01  1.450349e+00        1.788313e+01  1.444680e+02  2.187850e+00  1.097680e+02  2.905933e+00  -239                 963                 0.4648  rate trigger                 Yes                                   -141.168
GRB170325A  34941009    512121436.76   2017-03-25T07:56:57.95      1.274830e+02  2.052569e+01   1.993158e+00        1.135686e+01  3.319999e-01  7.088015e-02  1.879999e-01  4.326662e-02  -16                  92                  N/A     ground detected during slew  No                                    0.016
GRB170318B  743086      511543691.328  2017-03-18T15:27:52.554820  2.842923e+02  6.316858e+00   2.218166e+00        9.746329e+00  1.072000e+00  2.218468e-01  5.559999e-01  2.976173e-01  -239                 963                 0.6797  rate trigger                 Yes                                   -0.464
GRB170318A  743065      511531935.296  2017-03-18T12:11:56.523520  3.056629e+02  2.840562e+01   1.219495e+00        2.290890e+01  1.169160e+02  3.152705e+01  3.621600e+01  5.374443e+00  -239                 663                 0.4375  rate trigger                 Yes                                   -5.356
GRB170317A  742866      511436777.856  2017-03-17T09:45:59.089020  9.308714e+01  5.050013e+01   9.781256e-01        3.139355e+01  1.195200e+01  4.874961e+00  4.288000e+00  7.297123e-01  -240                 962                 0.4609  rate trigger                 Yes                                   0.432
GRB170311A  741965      510912541.696  2017-03-11T08:08:42.959380  2.805410e+02  -3.003808e+01  1.991263e+00        1.137082e+01  9.000000e+00  2.828427e+00  3.000000e+00  2.828427e+00  -481                 962                 0.6484  rate trigger                 Yes                                   -3.696
GRB170307A  741528      510611080.0    2017-03-07T20:24:21.280840  1.351412e+01  9.535879e+00   2.467363e+00        8.371157e+00  2.992000e+01  2.817616e+01  1.321600e+01  6.534207e+00  -60                  963                 0.4336  image trigger                No                                    56.16
GRB170306A  741220      510476791.232  2017-03-06T07:06:12.520600  2.630917e+02  -4.475903e+01  2.439407e+00        8.508543e+00  2.100800e+01  6.527453e+00  9.356000e+00  2.708603e+00  -239                 963                 0.2930  rate trigger                 Yes                                   -3.332
GRB170208B  737463      508286037.504  2017-02-08T22:33:38.918640  1.271452e+02  -9.027653e+00  5.041567e-01        8.091420e+01  1.281360e+02  5.718968e+00  7.700000e+00  4.820125e-01  -240                 963                 1.0156  rate trigger                 Yes                                   -5.472
GRB170208A  737438      508270294.912  2017-02-08T18:11:16.327540  1.665437e+02  -4.678593e+01  1.385066e+00        1.909931e+01  7.448000e+00  5.432937e-01  4.972000e+00  1.078378e+00  -240                 962                 0.1797  rate trigger                 Yes                                   0.088
GRB170206B  737125      508111064.064  2017-02-06T21:57:25.488720  2.717828e+02  1.117511e+01   2.199880e+00        9.862271e+00  1.336000e+01  2.677025e+00  7.440000e+00  2.972945e+00  -239                 963                 0.7891  rate trigger                 Yes                                   -0.008
GRB170205A  736843      507991168.52   2017-02-05T12:39:09.951640  2.621579e+02  -5.774731e-02  8.938966e-01        3.570327e+01  2.612800e+01  3.183611e+00  1.711600e+01  6.218681e-01  -61                  963                 0.9141  rate trigger                 Yes                                   -0.116
GRB170203A  736432      507773039.616  2017-02-03T00:03:41.060220  3.328593e+02  2.518546e+01   2.187794e+00        9.940196e+00  4.590400e+01  5.961554e+00  1.243600e+01  1.292559e+01  -240                 962                 0.6719  rate trigger                 No                                    0.748
GRB170202A  736407      507752900.928  2017-02-02T18:28:02.373380  1.525256e+02  5.020531e+00   1.017016e+00        2.969271e+01  3.776000e+01  1.171811e+01  1.494000e+01  1.144902e+00  -240                 962                 0.5078  rate trigger                 Yes                                   1.58
GRB170127B  735331      507222827.2    2017-01-27T15:13:28.675820  1.999678e+01  -3.034043e+01  1.932341e+00        1.186936e+01  5.120000e-01  1.448862e-01  2.560000e-01  8.158436e-02  -239                 963                 0.7500  rate trigger                 Yes                                   0.048
GRB170127A  735326      507219694.208  2017-01-27T14:21:15.684000  1.743663e+02  -4.584498e+01  2.260261e+00        9.488061e+00  6.737600e+01  1.203290e+01  3.625200e+01  1.137123e+01  -239                 963                 0.9766  rate trigger                 Yes                                   -4.892
GRB170126A  735188      507123060.8    2017-01-26T11:30:42.281540  2.636257e+02  -6.475212e+01  1.500627e+00        1.703335e+01  9.536000e+00  1.580683e+00  3.904000e+00  8.914168e-01  -240                 362                 0.0400  rate trigger                 Yes                                   -0.184
GRB170115A  733103      506206226.56   2017-01-15T20:50:08.094080  3.321493e+02  1.375569e+01   1.954105e+00        1.168096e+01  3.204400e+01  9.169220e+00  1.865600e+01  6.773400e+00  -240                 423                 1.0156  rate trigger                 Yes                                   3.96
GRB170113A  732526      505994663.936  2017-01-13T10:04:05.482200  6.174915e+01  -7.193612e+01  1.320588e+00        2.044530e+01  2.029600e+01  4.332635e+00  1.057600e+01  8.731094e-01  -804                 2000                0.8672  rate trigger                 Yes                                   0.26
GRB170112A  732188      505879338.56   2017-01-12T02:02:00.112820  1.523214e+01  -1.723265e+01  2.527452e+00        8.088296e+00  5.599993e-02  1.788858e-02  2.799994e-02  1.442218e-02  -240                 963                 1.0156  rate trigger                 No                                    -0.004
GRB170111A  731887      505787626.624  2017-01-11T00:33:28.182060  2.069115e+01  -3.254335e+01  1.754248e+00        1.362753e+01  2.987600e+01  9.711170e+00  1.048000e+01  2.515011e+00  -240                 782                 0.4492  rate trigger                 Yes                                   -12.264
GRB170101A  729293      504930379.344  2017-01-01T02:26:00.951240  2.670890e+02  1.164150e+01   1.097992e+00        2.661456e+01  3.104000e+00  8.480000e-01  9.760000e-01  7.155419e-02  -239                 963                 0.1465  rate trigger                 No                                    -0.272
GRB161224A  728268      504310432.0    2016-12-24T22:13:34.642820  2.048199e+02  -1.802899e+01  1.834623e+00        1.278271e+01  4.737600e+01  1.158290e+01  1.776000e+01  5.085106e+00  -239                 963                 0.4844  image trigger                Yes                                   15.672
GRB161220A  727610      503915627.584  2016-12-20T08:33:30.249440  3.508588e+02  -4.748285e+01  1.940255e+00        1.180026e+01  7.220000e+00  1.754254e+00  3.536000e+00  8.124063e-01  -767                 962                 1.0000  rate trigger                 Yes                                   -3.052
GRB161219B  727541      503866136.64   2016-12-19T18:48:39.308260  9.171595e+01  -2.680126e+01  8.778381e-01        3.663995e+01  6.932000e+00  7.931809e-01  2.452000e+00  3.739091e-01  -240                 962                 0.4922  rate trigger                 Yes                                   0.048
GRB161218A  727288      503725673.472  2016-12-18T03:47:36.148280  2.452503e+02  -4.112793e+00  6.126977e-01        6.124241e+01  7.200000e+00  5.458938e-01  2.980000e+00  8.236507e-02  -352                 963                 0.6094  rate trigger                 Yes                                   -0.328
GRB161217A  727167      503630872.0    2016-12-17T01:27:34.681680  1.506470e+02  5.234109e+01   2.045221e+00        1.094470e+01  1.203600e+01  2.449433e+00  6.588000e+00  2.368494e+00  -411                 963                 1.0156  image trigger                Yes                                   35.9
GRB161214B  726885      503428827.968  2016-12-14T17:20:10.661200  3.858056e+00  7.347638e+00   8.995960e-01        3.538056e+01  2.489600e+01  3.182645e+00  8.800000e+00  1.155275e+00  -240                 962                 0.6484  rate trigger                 Yes                                   0.404
GRB161202A  725036      502413189.952  2016-12-02T23:12:52.703120  3.569044e+02  1.965232e+01   7.053084e-01        5.008638e+01  1.184960e+02  7.124746e-01  7.978000e+01  1.560037e+01  -240                 962                 0.8672  rate trigger                 Yes                                   -62.156
GRB161129A  724438      502096317.088  2016-11-29T07:11:39.857180  3.162171e+02  3.213609e+01   1.619105e+00        1.528108e+01  3.554400e+01  2.095133e+00  1.533200e+01  2.171216e+00  -239                 1316                0.6953  rate trigger                 Yes                                   6.18
GRB161117B  722642      501069000.896  2016-11-17T09:49:43.723760  2.988187e+02  -6.767268e+01  1.538885e+00        1.643165e+01  1.523120e+02  3.153553e+00  3.473200e+01  9.241731e-01  -540                 962                 0.4375  rate trigger                 Yes                                   -0.908
GRB161117A  722604      501039353.856  2016-11-17T01:35:36.685460  3.220525e+02  -2.961033e+01  5.822401e-01        6.586987e+01  1.257000e+02  1.093376e+00  7.454400e+01  5.563452e-01  -240                 962                 1.0156  rate trigger                 Yes                                   1.584
GRB161113A  722063      500751043.904  2016-11-13T17:30:26.749800  1.797963e+02  -5.314788e+00  1.066159e+00        2.775703e+01  4.346400e+01  5.282643e+00  1.677200e+01  2.347987e+00  -240                 962                 1.0156  rate trigger                 Yes                                   0.66
GRB161108A  721234      500268770.304  2016-11-08T03:32:33.177140  1.807800e+02  2.490498e+01   1.851868e+00        1.261300e+01  1.158360e+02  1.166004e+01  7.948000e+01  1.134513e+01  -239                 963                 0.9531  rate trigger                 Yes                                   -0.496
GRB161105A  720697      500014399.488  2016-11-05T04:53:02.375560  1.201903e+02  -4.476471e+01  1.098786e+00        2.658712e+01  1.776960e+02  2.507348e+01  6.282000e+01  2.380971e+00  -678                 963                 0.8594  rate trigger                 Yes                                   -57.556
GRB161104A  720568      499945363.984  2016-11-04T09:42:26.875480  7.790305e+01  -5.144874e+01  1.781478e+00        1.333094e+01  9.999996e-02  1.788853e-02  4.399997e-02  1.788853e-02  -240                 302                 0.9922  rate trigger                 Yes                                   -0.012
GRB161022A  718655      498797037.184  2016-10-22T02:43:40.140580  1.289894e+02  5.436718e+01   2.069534e+00        1.076147e+01  7.248000e+00  1.069490e+00  4.160000e+00  8.611806e-01  -536                 963                 0.1445  rate trigger                 Yes                                   0.792
GRB161017A  718023      498419528.192  2016-10-17T17:51:51.169980  1.427660e+02  4.312379e+01   9.193287e-01        3.430070e+01  2.170480e+02  6.863246e+00  1.260040e+02  3.471097e+00  -239                 843                 1.0156  rate trigger                 Yes                                   -0.808
GRB161014A  717500      498141099.712  2016-10-14T12:31:22.705760  3.326285e+02  7.468768e+00   1.622735e+00        1.523227e+01  2.300000e+01  4.472136e+00  9.000000e+00  2.236068e+00  -837                 962                 0.1348  rate trigger                 Yes                                   -11.712
GRB161011A  716876      497858111.104  2016-10-11T05:54:54.113800  2.456938e+02  8.315751e+00   2.443366e+00        8.488854e+00  4.276000e+00  1.263095e+00  1.896000e+00  1.389054e+00  -790                 963                 0.4375  rate trigger                 Yes                                   -0.12
GRB161007A  716127      497568360.0    2016-10-07T21:25:43.026220  1.034055e+02  2.328582e+01   1.577472e+00        1.586047e+01  1.576920e+02  4.052403e+01  7.348400e+01  3.086103e+01  -239                 963                 0.8750  image trigger                Yes                                   25.86
GRB161004B  715246      497315296.256  2016-10-04T23:07:59.296560  1.121558e+02  -3.989648e+01  5.028549e-01        8.121361e+01  1.572000e+01  7.521914e-01  6.316000e+00  1.376372e-01  -239                 963                 0.7344  rate trigger                 Yes                                   -2.636
GRB161004A  715084      497278725.632  2016-10-04T12:58:28.674640  2.631329e+02  -9.339421e-01  2.076867e+00        1.070723e+01  1.320000e+00  2.997866e-01  6.600000e-01  1.870187e-01  -240                 1189                0.9219  rate trigger                 Yes                                   -0.064
GRB161001A  714404      496976733.628  2016-10-01T01:05:16.687760  7.192221e+01  -5.726059e+01  9.671451e-01        3.190396e+01  2.600000e+00  3.853518e-01  1.248000e+00  1.397140e-01  -274                 962                 0.7891  rate trigger                 Yes                                   -0.108
GRB160927A  713782      496692306.816  2016-09-27T18:04:49.891880  2.562699e+02  1.733365e+01   1.758595e+00        1.357943e+01  4.879999e-01  1.024499e-01  2.359999e-01  4.816631e-02  -667                 962                 0.5078  rate trigger                 Yes                                   0.04
GRB160917A  712505      495804636.224  2016-09-17T11:30:19.349940  2.956541e+02  4.639618e+01   1.445553e+00        1.796794e+01  1.452000e+01  1.815709e+00  7.852000e+00  1.598850e+00  -239                 995                 0.4375  rate trigger                 Yes                                   0.092
GRB160912A  711914      495389280.0    2016-09-12T16:07:43.149340  3.016059e+02  5.756381e+01   2.358211e+00        8.930122e+00  2.073080e+02  1.602694e+01  2.243600e+01  1.058304e+02  -239                 959                 0.9609  image trigger                Yes                                   -20.448
GRB160905A  711084      494767155.2    2016-09-05T11:18:58.384380  1.622491e+02  -5.080254e+01  5.510857e-01        7.125336e+01  6.400000e+01  1.600000e+01  1.600000e+01  1.600000e+01  -239                 963                 0.9844  rate trigger                 Yes                                   -15.2
GRB160827A  710050      494005622.016  2016-08-27T15:46:45.243300  1.792785e+02  -2.917667e+01  2.533528e+00        8.060602e+00  1.404800e+01  5.579305e+00  6.480000e+00  2.896663e+00  -239                 963                 0.4844  rate trigger                 No                                    -4.04
GRB160826A  709907      493884775.04   2016-08-26T06:12:38.274100  1.831348e+02  -6.765477e+01  2.753040e+00        7.158380e+00  5.261600e+01  1.439250e+01  1.495200e+01  1.269939e+01  -239                 963                 1.0156  rate trigger                 Yes                                   4.78
GRB160824A  709765      493773762.112  2016-08-24T23:22:25.352360  8.008690e+01  4.003900e+01   1.185390e+00        2.385626e+01  9.933200e+01  7.877792e+00  4.167200e+01  1.469168e+01  -239                 963                 0.5547  rate trigger                 Yes                                   1.344
GRB160821B  709357      493511370.048  2016-08-21T22:29:13.303140  2.800036e+02  6.238705e+01   1.435002e+00        1.815697e+01  4.800000e-01  7.299317e-02  2.760000e-01  5.059649e-02  -239                 723                 0.8594  rate trigger                 Yes                                   0.008
GRB160821A  709351      493504486.912  2016-08-21T20:34:30.167540  1.712541e+02  4.234529e+01   7.633777e-01        4.473356e+01  1.126360e+02  1.096700e+00  6.787200e+01  2.056272e+00  -240                 962                 0.7969  rate trigger                 No                                    1.56
GRB160819A  86022006    493331254.4    2016-08-19T20:27:30.400     1.141389e+02  -2.234727e+01  1.015336e+00        2.976682e+01  6.720000e+01  1.600000e+00  3.520000e+01  1.600000e+00  27                   106                 N/A     ground detected during slew  No                                    3.2
GRB160815A  708598      492954328.448  2016-08-15T11:45:11.734540  2.886163e+02  8.429845e+01   9.697871e-01        3.177987e+01  8.568000e+00  1.834296e+00  2.872000e+00  2.912044e-01  -239                 963                 0.4102  rate trigger                 Yes                                   -4.26
GRB160804A  707231      491967184.0    2016-08-04T01:32:47.341920  2.216517e+02  1.000176e+01   1.257890e+00        2.191653e+01  1.527440e+02  1.920321e+01  5.060000e+01  2.709429e+00  -239                 963                 0.2852  image trigger                Yes                                   38.204
GRB160801A  706871      491736527.168  2016-08-01T09:28:30.522860  2.127663e+02  1.348270e+01   1.763897e+00        1.352115e+01  2.852000e+00  4.154275e-01  1.316000e+00  4.049494e-01  -239                 963                 0.7344  rate trigger                 Yes                                   -1.168
GRB160726A  706052      491189664.288  2016-07-26T01:34:07.673500  9.880977e+01  -6.617056e+00  1.285670e+00        2.124316e+01  7.279999e-01  4.308133e-02  1.799999e-01  1.687602e-01  -239                 963                 0.5859  rate trigger                 No                                    0.016
GRB160716A  704572      490324126.592  2016-07-16T01:08:30.026020  1.905024e+02  -6.136451e+01  2.035002e+00        1.102329e+01  6.392000e+00  5.750131e-01  4.340000e+00  1.340324e+00  -240                 902                 0.7500  rate trigger                 Yes                                   -0.016
GRB160714A  704310      490155572.096  2016-07-14T02:19:15.539440  2.344824e+02  6.381128e+01   2.718411e+00        7.289002e+00  3.479999e-01  1.126410e-01  1.839999e-01  1.039999e-01  -239                 963                 0.3555  rate trigger                 Yes                                   0.036
GRB160712A  704155      490046032.576  2016-07-12T19:53:36.025560  3.041645e+02  -2.696461e+01  1.311209e+00        2.065454e+01  4.452800e+01  6.373164e+00  2.112000e+01  2.480826e+00  -240                 963                 0.2402  rate trigger                 Yes                                   -3.304
GRB160709A  703769      489786560.0    2016-07-09T19:49:03.464     2.359963e+02  -2.818838e+01  2.386009e+00        8.783016e+00  4.800000e+00  1.600000e+00  3.200000e+00  1.600000e+00  -2                   8                   0.1953  ground detected              No                                    0.0
GRB160705B  703176      489445344.0    2016-07-05T21:02:07.482980  1.681058e+02  4.670531e+01   2.312175e+00        9.185206e+00  5.458000e+01  1.257402e+01  2.815200e+01  1.115390e+01  -239                 963                 0.7422  image trigger                Yes                                   -5.052
GRB160703A  702699      489240621.632  2016-07-03T12:10:05.126360  2.874137e+02  3.691213e+01   8.111191e-01        4.102017e+01  4.500800e+01  3.024024e+00  2.041600e+01  3.917959e-01  -802                 963                 0.8438  rate trigger                 Yes                                   -8.372
GRB160630A  702252      488952266.432  2016-06-30T04:04:09.942380  1.982379e+02  -5.602834e+01  1.377153e+00        1.925628e+01  2.955200e+01  5.608428e+00  1.075200e+01  2.282174e+00  -239                 963                 0.5156  rate trigger                 Yes                                   -0.408
GRB160625A  701503      488587247.936  2016-06-25T22:40:31.466540  1.769390e+02  -6.514191e+01  7.981971e-01        4.197213e+01  5.392000e+01  3.099135e+00  3.195200e+01  7.921312e-01  -240                 962                 0.5703  rate trigger                 Yes                                   -9.332
GRB160624A  701288      488460437.76   2016-06-24T11:27:01.297540  3.302145e+02  2.966070e+01   2.541281e+00        8.025491e+00  1.920000e-01  1.431084e-01  1.280000e-01  6.400001e-02  -240                 602                 1.0000  rate trigger                 Yes                                   0.048
GRB160612A  31791037    487455183.816  2016-06-12T20:12:47.409     3.483639e+02  -2.537446e+01  1.727555e+00        1.393115e+01  2.480000e-01  4.816639e-02  9.199995e-02  1.697060e-02  -63                  43                  N/A     ground detected during slew  No                                    0.032
GRB160611A  690598      487374050.816  2016-06-11T21:40:34.413540  1.644140e+02  -7.039784e+01  1.181713e+00        2.396238e+01  3.512400e+01  6.001600e+00  1.077600e+01  2.075333e+00  -240                 962                 0.4531  rate trigger                 Yes                                   -25.268
GRB160607A  689597      486990857.216  2016-06-07T11:14:00.834700  1.366172e+01  -4.952807e+00  4.143450e-01        1.070888e+02  3.349200e+01  4.464437e-01  8.492000e+00  2.374532e-01  -433                 963                 0.8438  rate trigger                 Yes                                   -1.136
GRB160601A  688452      486484998.776  2016-06-01T14:43:02.422720  2.349245e+02  6.452856e+01   1.816023e+00        1.297015e+01  1.199999e-01  2.262742e-02  5.599993e-02  2.000004e-02  -240                 962                 0.6641  rate trigger                 Yes                                   -0.012
GRB160525B  687522      485861123.968  2016-05-25T09:25:07.649260  1.494382e+02  5.119676e+01   2.182473e+00        9.974835e+00  2.919999e-01  4.560698e-02  1.120000e-01  6.365530e-02  -683                 962                 0.8125  rate trigger                 Yes                                   0.028
GRB160525A  687492      485832856.0    2016-05-25T01:33:59.682820  1.035300e+02  -1.735090e-01  2.921457e+00        6.577080e+00  N/A           N/A           N/A           N/A           -239                 963                 0.9844  image trigger                No             Tentative detection.
GRB160519A  686818      485309869.824  2016-05-19T00:17:33.535660  7.112178e+01  3.124514e+01   2.200609e+00        9.857603e+00  3.561600e+01  6.069317e+00  2.454400e+01  7.463979e+00  -240                 962                 0.1973  rate trigger                 No                                    -0.48
GRB160506A  685245      484198172.096  2016-05-06T03:29:15.868860  2.658492e+02  -4.612509e+01  1.596126e+00        1.559633e+01  2.605280e+02  7.831821e+01  1.052360e+02  7.107852e+01  -331                 963                 1.0156  rate trigger                 Yes                                   -2.552
GRB160504A  685124      484083053.568  2016-05-04T19:30:37.347200  1.700758e+02  5.599631e+01   1.677113e+00        1.453166e+01  5.396000e+01  5.681370e+00  2.807600e+01  5.862731e+00  -240                 963                 0.8828  rate trigger                 Yes                                   -40.096
GRB160501A  684679      483756048.0    2016-05-01T00:40:31.797220  2.863798e+02  -1.724009e+01  2.059580e+00        1.083586e+01  N/A           N/A           N/A           N/A           -407                 963                 0.8125  image trigger                Yes
GRB160425A  684098      483319587.52   2016-04-25T23:26:11.341240  2.803395e+02  -5.434308e+01  3.465782e+00        5.151975e+00  3.045960e+02  1.502803e+01  1.175840e+02  1.046581e+02  -240                 963                 0.7188  rate trigger                 Yes                                   0.2
GRB160424A  683906      483191363.52   2016-04-24T11:49:07.348300  3.194846e+02  -6.040811e+01  1.130827e+00        2.551750e+01  6.464000e+00  9.516974e-01  1.984000e+00  3.541751e-01  -240                 963                 0.3359  rate trigger                 Yes                                   -0.88
GRB160419A  683383      482771813.568  2016-04-19T15:16:37.419400  1.641858e+01  -2.734106e+01  1.021448e+00        2.950886e+01  9.416000e+00  1.587331e+00  3.516000e+00  4.386342e-01  -240                 963                 0.1699  rate trigger                 No                                    -3.02
GRB160417A  683076      482559837.184  2016-04-17T04:23:41.047080  1.202612e+02  7.645777e+00   1.884896e+00        1.229846e+01  1.455200e+01  2.317058e+00  7.796000e+00  1.623083e+00  -239                 963                 0.4141  rate trigger                 Yes                                   -1.184
GRB160412A  682522      482127850.816  2016-04-12T04:23:54.702760  3.307395e+01  -6.763998e+01  8.780014e-01        3.663022e+01  3.218000e+01  3.930079e+00  1.245600e+01  1.376895e+00  -240                 962                 0.7578  rate trigger                 Yes                                   -1.384
GRB160411A  682339      482030948.032  2016-04-11T01:28:51.924060  3.493731e+02  -4.025886e+01  2.398998e+00        8.714022e+00  3.559999e-01  7.560420e-02  1.960000e-01  6.511525e-02  -787                 963                 0.2734  rate trigger                 Yes                                   0.088
GRB160410A  682269      481957804.16   2016-04-10T05:09:48.056060  1.507096e+02  3.445514e+00   2.168431e+00        1.006724e+01  9.600000e+01  5.059644e+01  3.200000e+01  1.600000e+01  -239                 483                 0.3789  rate trigger                 Yes                                   -15.16
GRB160409A  682162      481874062.4    2016-04-09T05:54:06.301     2.897071e+02  -5.377075e+00  2.080497e+00        1.068196e+01  4.800000e+01  1.600000e+00  2.720000e+01  1.600000e+00  3                    13                  0.0791  ground detected              No                                    1.6
GRB160408A  682059      481789559.872  2016-04-08T06:25:43.777280  1.225626e+02  7.112774e+01   1.822748e+00        1.290185e+01  3.199999e-01  3.687817e-02  1.799999e-01  4.326662e-02  -719                 1629                0.3320  rate trigger                 Yes                                   0.036
GRB160327A  680655      480762983.744  2016-03-27T09:16:07.705440  1.466990e+02  5.401660e+01   9.348150e-01        3.349183e+01  3.374400e+01  9.374720e+00  9.824000e+00  1.283695e+00  -240                 962                 0.8203  rate trigger                 Yes                                   -3.312
GRB160325A  680436      480582019.648  2016-03-25T07:00:03.619340  1.569559e+01  -7.270173e+01  5.448906e-01        7.241347e+01  6.172400e+01  1.205326e+01  2.653600e+01  4.861020e+00  -240                 962                 0.9609  rate trigger                 Yes                                   -40.924
GRB160321A  680017      480268543.232  2016-03-21T15:55:27.220500  9.942122e+01  5.752681e+00   1.618113e+00        1.529447e+01  3.347600e+01  4.828278e+00  1.688800e+01  5.195218e+00  -239                 963                 0.9609  rate trigger                 Yes                                   -18.136
GRB160314A  679120      479647987.776  2016-03-14T11:32:51.798460  1.127662e+02  1.702345e+01   1.728519e+00        1.391822e+01  8.732000e+00  1.516381e+00  3.112000e+00  1.430000e+00  -240                 962                 0.7500  rate trigger                 Yes                                   0.256
GRB160313A  678929      479529451.776  2016-03-13T02:37:15.804900  1.838196e+02  5.727992e+01   2.003469e+00        1.127198e+01  4.153600e+01  6.183212e+00  2.236800e+01  5.979797e+00  -691                 962                 0.8047  rate trigger                 Yes                                   -1.452
GRB160303A  677495      478695297.984  2016-03-03T10:54:42.058240  1.687143e+02  2.270816e+01   2.010090e+00        1.121898e+01  4.976000e+00  1.006252e+00  1.572000e+00  1.492146e+00  -417                 962                 0.9609  rate trigger                 Yes                                   -0.012
GRB160228A  676595      478373688.384  2016-02-28T17:34:32.475720  1.073153e+02  2.695119e+01   1.350755e+00        1.979614e+01  9.890800e+01  2.389074e+01  4.759600e+01  4.790873e+00  -888                 963                 0.8125  rate trigger                 Yes                                   2.076
GRB160227A  676423      478294344.0    2016-02-27T19:32:08.096040  1.950592e+02  7.866851e+01   2.973768e+00        6.411584e+00  3.163480e+02  7.575925e+01  1.751120e+02  1.412247e+01  -239                 963                 0.5078  image trigger                Yes                                   -92.808
GRB160225A  675998      478102872.32   2016-02-25T14:20:56.426440  1.642173e+02  5.366054e+01   1.931525e+00        1.187653e+01  1.574560e+02  7.049155e+01  3.833600e+01  1.120712e+01  -239                 963                 0.3555  rate trigger                 Yes                                   -23.832
GRB160223A  675361      477884681.152  2016-02-23T01:44:25.270300  1.476056e+02  9.367741e+00   1.005466e+00        3.018118e+01  1.348640e+02  1.745236e+01  2.112400e+01  5.594148e+00  -400                 603                 0.5391  rate trigger                 Yes                                   0.06
GRB160220B  674734      477659469.696  2016-02-20T11:10:53.826540  2.598510e+02  -1.812369e+01  6.888403e-01        5.180571e+01  3.111600e+01  3.016923e+00  8.240000e+00  5.544006e-01  -610                 962                 0.3867  rate trigger                 Yes                                   -3.628
GRB160220A  674670      477624341.568  2016-02-20T01:25:25.700460  2.369405e+02  -1.854237e+01  1.754443e+00        1.362536e+01  8.260000e+00  1.166424e+00  4.500000e+00  1.213952e+00  -240                 962                 0.2773  rate trigger                 Yes                                   0.476
GRB160216A  673978      477342647.296  2016-02-16T19:10:31.443760  3.116791e+02  -7.155118e+01  8.776743e-01        3.664972e+01  1.100000e+01  1.000000e+00  3.000000e+00  1.000000e+00  -887                 977                 0.4766  rate trigger                 Yes                                   -0.296
GRB160203A  672525      476158406.4    2016-02-03T02:13:10.612140  1.619753e+02  -2.476899e+01  1.734906e+00        1.384509e+01  1.744000e+01  2.285985e+00  8.432000e+00  2.583740e+00  -239                 963                 0.2031  rate trigger                 Yes                                   6.68
GRB160131A  672236      475921247.744  2016-01-31T08:20:31.969040  7.816854e+01  -7.038471e+00  1.085351e+00        2.705852e+01  3.277520e+02  7.102902e+01  6.438800e+01  5.026980e+00  -240                 962                 0.6484  rate trigger                 Yes                                   12.808
GRB160127A  671828      475577003.072  2016-01-27T08:43:07.315740  2.259658e+02  7.950222e-02   1.794500e+00        1.319295e+01  6.156000e+00  9.366579e-01  3.572000e+00  6.720595e-01  -239                 963                 0.4180  rate trigger                 Yes                                   -0.708
GRB160123A  671447      475232315.904  2016-01-23T08:58:20.166340  1.502766e+02  -3.378973e+01  1.571963e+00        1.593993e+01  3.952000e+00  6.232464e-01  2.116000e+00  4.590773e-01  -240                 962                 0.6875  rate trigger                 Yes                                   -1.276
GRB160121A  671231      475077053.44   2016-01-21T13:50:37.710700  1.090798e+02  -2.358935e+01  1.172753e+00        2.422434e+01  1.050000e+01  2.395617e+00  4.304000e+00  9.678037e-01  -239                 963                 0.9141  rate trigger                 Yes                                   0.524
GRB160119A  671014      474865584.0    2016-01-19T03:06:08.282120  2.119171e+02  2.045245e+01   2.051873e+00        1.089405e+01  1.201400e+02  1.498463e+01  2.122800e+01  1.257814e+00  -239                 963                 0.7734  image trigger                Yes                                   54.124
GRB160117B  670800      474731983.36   2016-01-17T13:59:27.649320  1.321705e+02  -1.634324e+01  1.464849e+00        1.763077e+01  1.153600e+01  2.608028e+00  3.052000e+00  2.280393e+00  -822                 1924                0.9375  rate trigger                 Yes                                   0.368
GRB160117A  670793      474718368.0    2016-01-17T10:12:32.290060  2.037161e+01  -6.788254e-01  1.939975e+00        1.180269e+01  1.370000e+02  2.039608e+01  3.100000e+01  1.118034e+01  -173                 1029                0.6094  image trigger                Yes                                   -33.0
GRB160104A  669319      473599466.496  2016-01-04T11:24:10.846420  7.681048e+01  1.133260e+01   1.655077e+00        1.480884e+01  1.656400e+01  2.787651e+00  1.031600e+01  3.988506e+00  -505                 963                 1.0156  rate trigger                 Yes                                   -0.936
GRB151229A  668689      473064643.584  2015-12-29T06:50:27.963280  3.293641e+02  -2.073205e+01  1.031322e+00        2.910608e+01  1.440000e+00  4.471465e-01  6.080000e-01  8.049842e-02  -240                 962                 0.5156  rate trigger                 Yes                                   -0.052
GRB151228B  668641      473035650.56   2015-12-28T22:47:14.940840  3.444256e+02  8.086894e+00   8.954133e-01        3.561691e+01  4.800000e+01  1.600000e+01  1.600000e+01  1.600000e+01  -240                 962                 1.0156  rate trigger                 Yes                                   -15.56
GRB151228A  668543      472964728.0    2015-12-28T03:05:12.384680  2.140198e+02  -1.766641e+01  1.782505e+00        1.331996e+01  2.760000e-01  4.000000e-02  1.680000e-01  4.326665e-02  -239                 963                 1.0000  rate trigger                 No                                    -0.028
GRB151215A  667392      471841304.512  2015-12-15T03:01:28.957040  9.362201e+01  3.553120e+01   2.761708e+00        7.126307e+00  1.784800e+01  1.013714e+00  1.343600e+01  1.265244e+01  -240                 963                 0.5156  rate trigger                 Yes                                   -15.08
GRB151210A  666931      471409992.0    2015-12-10T03:12:56.468160  6.508558e+01  -7.122657e+01  1.721377e+00        1.400080e+01  8.696000e+01  1.067124e+01  6.054000e+01  4.922993e+00  -239                 963                 0.6094  image trigger                Yes                                   -38.72
GRB151205B  666378      471044610.048  2015-12-05T21:43:14.535740  4.119453e+01  -4.346105e+01  2.379817e+00        8.814528e+00  1.436000e+00  2.375879e-01  8.519999e-01  3.054701e-01  -239                 963                 0.9609  rate trigger                 No                                    -0.196
GRB151205A  666352      471023176.448  2015-12-05T15:46:00.936900  2.292881e+02  3.576791e+01   1.365492e+00        1.949162e+01  6.400000e+01  3.577709e+01  1.600000e+01  1.600000e+01  -315                 963                 0.9375  rate trigger                 Yes                                   -11.448
GRB151127A  665268      470308145.28   2015-11-27T09:08:49.807240  1.966065e+01  -8.276161e+01  2.793181e+00        7.011873e+00  1.879999e-01  4.252059e-02  9.599996e-02  4.252059e-02  -364                 963                 0.9609  rate trigger                 Yes                                   0.024
GRB151122A  664653      469904452.8    2015-11-22T17:00:52.800     2.996957e+02  -1.986123e+01  1.515847e+00        1.679176e+01  3.680000e+01  1.600000e+00  2.080000e+01  1.600000e+00  1                    11                  0.8594  ground detected              No                                    1.6
GRB151118A  664078      469508805.44   2015-11-18T03:06:30.010020  5.717098e+01  6.588886e+01   1.413533e+00        1.855221e+01  2.356800e+01  1.067949e+01  5.600000e+00  2.984504e+00  -239                 963                 0.9844  rate trigger                 Yes                                   0.32
GRB151114A  663490      469187989.568  2015-11-14T09:59:34.155100  1.209474e+02  -6.103281e+01  1.766965e+00        1.348762e+01  4.856000e+00  9.766965e-01  2.556000e+00  1.266188e+00  -829                 962                 0.3047  rate trigger                 Yes                                   -3.768
GRB151112A  663179      469028703.488  2015-11-12T13:44:48.083580  2.054131e+00  -6.166865e+01  1.936933e+00        1.182918e+01  5.886400e+01  2.272541e+01  1.222400e+01  7.483520e+00  -239                 603                 0.5234  rate trigger                 Yes                                   0.336
GRB151111A  663074      468923618.816  2015-11-11T08:33:23.417180  5.685165e+01  -4.415369e+01  9.991346e-01        3.045478e+01  7.604400e+01  1.275371e+01  2.686400e+01  3.246389e+00  -240                 962                 0.8047  rate trigger                 Yes                                   -2.188
GRB151107A  662757      468609592.0    2015-11-07T17:19:36.617900  2.172456e+02  -5.968832e+01  3.379442e+00        5.341036e+00  N/A           N/A           N/A           N/A           -239                 963                 1.0000  image trigger                No             Tentative detection.
GRB151031A  662330      467963445.696  2015-10-31T05:50:30.348300  8.318896e+01  -3.912459e+01  1.308315e+00        2.071985e+01  5.000000e+00  2.236068e+00  2.000000e+00  1.000000e+00  -240                 962                 0.6797  rate trigger                 Yes                                   0.304
GRB151029A  662086      467797794.304  2015-10-29T07:49:38.965140  3.854201e+01  -3.535643e+01  1.902132e+00        1.213956e+01  8.952000e+00  3.955078e+00  3.716000e+00  1.454252e+00  -239                 963                 0.4102  rate trigger                 Yes                                   -0.772
GRB151027B  661869      467678456.0    2015-10-27T22:40:40.667480  7.618941e+01  -6.428441e+00  2.458695e+00        8.413348e+00  8.000000e+01  3.577709e+01  1.600000e+01  3.577709e+01  -239                 963                 0.1738  image trigger                Yes                                   1.0
GRB151027A  661775      467611119.488  2015-10-27T03:58:24.159080  2.724971e+02  6.136149e+01   1.115302e+00        2.602643e+01  1.295800e+02  5.465449e+00  9.477600e+01  6.785149e+00  -239                 963                 0.1895  rate trigger                 Yes                                   0.652
GRB151023A  661253      467300600.128  2015-10-23T13:43:04.815600  2.710125e+02  -8.293119e+00  1.739909e+00        1.378824e+01  1.076000e+01  4.372265e+00  3.236000e+00  1.225365e+00  -379                 963                 0.8359  rate trigger                 Yes                                   -0.528
GRB151022A  661036      467215607.424  2015-10-22T14:06:32.116140  3.492325e+02  5.581266e+01   2.268279e+00        9.440189e+00  1.176800e+02  1.877789e+01  6.707200e+01  2.335602e+01  -587                 963                 0.3516  rate trigger                 Yes                                   2.608
GRB151021A  660671      467083767.872  2015-10-21T01:29:12.571160  3.376473e+02  -3.318893e+01  9.530723e-01        3.257906e+01  1.100560e+02  3.593864e+00  3.637200e+01  1.130833e+00  -240                 362                 0.1055  rate trigger                 Yes                                   -15.204
GRB151006A  657750      465818117.12   2015-10-06T09:55:01.886520  1.474259e+02  7.050809e+01   5.986254e-01        6.330940e+01  2.110560e+02  3.907355e+01  5.643200e+01  3.092970e+00  -239                 963                 1.0156  rate trigger                 Yes                                   -1.664
GRB151004A  657564      465674960.0    2015-10-04T18:09:04.774100  2.136124e+02  -6.495538e+01  2.321323e+00        9.133539e+00  1.372720e+02  1.702453e+01  6.919600e+01  2.065519e+01  -239                 963                 1.0312  image trigger                Yes                                   -9.36
GRB151001B  657321      465416992.0    2015-10-01T18:29:36.787760  3.369591e+02  6.464687e+01   2.133719e+00        1.030202e+01  1.315200e+02  2.685292e+01  6.360000e+01  1.803765e+01  -239                 963                 0.2852  image trigger                Yes                                   -27.336
GRB151001A  657286      465404678.144  2015-10-01T15:04:22.932420  2.337110e+02  1.097964e+01   1.251270e+00        2.208235e+01  9.828000e+00  3.199572e+00  4.696000e+00  5.690975e-01  -637                 1720                1.0156  rate trigger                 Yes                                   -5.44
GRB150925A  656604      464846984.0    2015-09-25T04:09:28.817940  2.275381e+02  -1.964235e+01  1.978875e+00        1.147265e+01  1.221320e+02  2.669568e+01  4.181600e+01  2.622436e+01  -281                 963                 0.5625  image trigger                Yes                                   10.348
GRB150915A  655721      464044720.0    2015-09-15T21:18:24.860420  3.196798e+02  -3.486525e+01  3.622185e+00        4.837143e+00  1.600000e+02  5.768882e+01  6.400000e+01  4.525483e+01  -239                 963                 0.5547  image trigger                Yes                                   -63.0
GRB150911A  655262      463689636.608  2015-09-11T18:40:21.487220  6.742760e+01  5.730200e+00   6.239872e-01        5.966567e+01  7.136000e+00  5.997466e-01  3.592000e+00  1.768163e-01  -396                 1848                0.6797  rate trigger                 Yes                                   0.368
GRB150910A  655097      463568704.0    2015-09-10T09:04:48.885620  5.672858e+00  3.346887e+01   2.405810e+00        8.678794e+00  1.122720e+02  3.648014e+01  4.488000e+01  7.843673e+00  -239                 963                 0.1484  image trigger                Yes                                   1.8
GRB150907B  654803      463361202.88   2015-09-07T23:26:27.776600  2.552651e+02  -6.379725e+01  1.796078e+00        1.317640e+01  6.202000e+01  1.112464e+01  3.164400e+01  9.635838e+00  -240                 962                 0.5078  rate trigger                 Yes                                   -0.644
GRB150901A  654042      462814010.752  2015-09-01T15:26:35.677500  1.835883e+02  2.507643e+01   2.554904e+00        7.965471e+00  6.400000e+01  3.577709e+01  6.400000e+01  1.600000e+01  -254                 902                 0.4141  rate trigger                 No                                    -61.752
GRB150831B  653978      462752382.336  2015-08-31T22:19:27.264720  2.710302e+02  -2.724275e+01  1.971315e+00        1.153555e+01  6.176000e+00  1.032961e+00  3.200000e+00  6.435899e-01  -239                 963                 0.0703  rate trigger                 Yes                                   -0.312
GRB150831A  653838      462710067.968  2015-08-31T10:34:12.898960  2.210334e+02  -2.561328e+01  1.301109e+00        2.088397e+01  9.200000e-01  1.162755e-01  4.679999e-01  7.353909e-02  -627                 962                 0.5234  rate trigger                 Yes                                   0.02
GRB150821A  652847      461843056.0    2015-08-21T09:44:00.976460  3.419162e+02  -5.787238e+01  2.021737e+00        1.112676e+01  1.689440e+02  1.023371e+02  4.857600e+01  1.388927e+01  -239                 963                 0.0212  image trigger                Yes                                   27.512
GRB150819A  652643      461638224.0    2015-08-19T00:50:08.987220  4.232123e+01  9.790161e+00   2.495313e+00        8.237528e+00  5.166400e+01  1.360320e+01  2.312000e+01  8.107916e+00  -239                 963                 0.9375  image trigger                Yes                                   17.144
GRB150818A  652603      461590607.936  2015-08-18T11:36:32.925720  2.303409e+02  6.834300e+01   1.244756e+00        2.224763e+01  1.430560e+02  2.180262e+01  4.236800e+01  7.071707e+00  -240                 962                 0.3633  rate trigger                 Yes                                   -9.324
GRB150817A  652334      461469928.384  2015-08-17T02:05:13.380060  2.496341e+02  -1.205196e+01  7.381127e-01        4.693692e+01  3.799600e+01  2.130807e+00  1.594400e+01  2.597935e+00  -239                 963                 0.7188  rate trigger                 Yes                                   -5.82
GRB150811A  651882      460958784.0    2015-08-11T04:06:09.022920  2.913452e+02  -1.543755e+01  1.946425e+00        1.174685e+01  3.152000e+01  7.318875e+00  1.637200e+01  4.586660e+00  -743                 963                 0.6797  image trigger                Yes                                   4.632
GRB150801B  650977      460161723.584  2015-08-01T22:41:48.648820  8.296073e+01  -5.375298e+00  1.342992e+00        1.995980e+01  4.087080e+02  2.961914e+01  3.648880e+02  6.821240e+00  -240                 962                 0.6250  rate trigger                 Yes                                   0.244
GRB150728A  650617      459780685.952  2015-07-28T12:51:11.036780  2.922712e+02  3.390588e+01   2.596164e+00        7.784225e+00  8.320000e-01  2.307553e-01  4.480000e-01  1.810194e-01  -240                 962                 1.0156  rate trigger                 Yes                                   0.304
GRB150727A  650530      459716537.344  2015-07-27T19:02:02.432140  2.039663e+02  -1.832082e+01  9.797702e-01        3.131829e+01  8.795600e+01  1.098515e+01  3.031600e+01  3.715490e+00  -239                 963                 0.6875  rate trigger                 Yes                                   -4.52
GRB150724A  650141      459409610.88   2015-07-24T05:46:35.984200  9.755002e+01  -1.914995e+01  1.770726e+00        1.344673e+01  2.800080e+02  4.396185e+01  1.998600e+02  5.434739e+00  -240                 902                 0.4844  rate trigger                 Yes                                   1.236
GRB150722A  649916      459251888.0    2015-07-22T09:57:53.112440  2.182720e+02  -3.519660e+01  2.341652e+00        9.021654e+00  6.731200e+01  1.176489e+01  4.000000e+01  1.834254e+01  -239                 963                 0.9453  image trigger                Yes                                   -24.072
GRB150720A  649706      459093744.0    2015-07-20T14:02:09.120700  1.195830e+02  -2.830100e+01  2.141835e+00        1.024764e+01  2.385360e+02  4.441951e+01  1.380760e+02  5.682552e+01  -239                 963                 1.0156  image trigger                Yes                                   -122.344
GRB150716A  649157      458723217.92   2015-07-16T07:06:43.060080  2.784863e+02  -1.297546e+01  1.003130e+00        3.028165e+01  4.256800e+01  5.589477e+00  1.780400e+01  2.147259e+00  -240                 962                 0.9141  rate trigger                 Yes                                   -2.332
GRB150711A  648601      458331798.528  2015-07-11T18:23:03.688560  2.216239e+02  -3.546350e+01  9.878741e-01        3.095192e+01  7.095600e+01  1.421344e+01  1.448400e+01  3.431863e+00  -240                 963                 0.3281  rate trigger                 Yes                                   -27.96
GRB150710B  84694006    458208349.184  2015-07-10T08:05:49.184     8.319427e+01  -4.696372e+01  6.545610e-01        5.573186e+01  1.384000e+01  5.041073e+00  3.376000e+00  2.522539e-01  -48                  73                  N/A     ground detected during slew  Yes
GRB150710A  648437      458180897.568  2015-07-10T00:28:02.736460  1.944852e+02  1.430971e+01   1.490887e+00        1.719255e+01  1.520000e-01  6.013319e-02  4.799998e-02  1.442218e-02  -240                 962                 1.0156  rate trigger                 Yes                                   0.016
GRB150626B  646786      457042986.56   2015-06-26T20:22:52.787720  1.876230e+02  6.679605e+01   1.927628e+00        1.191084e+01  4.800000e+01  2.262742e+01  1.600000e+01  1.600000e+01  -240                 963                 0.3555  rate trigger                 Yes                                   -15.56
GRB150626A  646603      456977583.296  2015-06-26T02:12:49.527100  1.113496e+02  -3.779103e+01  1.452348e+00        1.784798e+01  9.726400e+01  3.493727e+01  1.875200e+01  2.458338e+01  -239                 963                 0.3789  rate trigger                 Yes                                   -4.976
GRB150616A  644259      456187772.992  2015-06-16T22:49:19.264160  3.147121e+02  -5.340235e+01  1.169547e+00        2.431926e+01  6.084080e+02  1.042196e+02  1.085480e+02  1.258950e+01  -240                 962                 0.2891  rate trigger                 Yes                                   -30.472
GRB150615A  643833      456036160.768  2015-06-15T04:42:27.048040  1.075448e+02  -2.246816e+01  1.839889e+00        1.273048e+01  3.268400e+01  7.489407e+00  1.383600e+01  5.337412e+00  -640                 962                 0.8516  rate trigger                 Yes                                   -1.956
GRB150607A  642620      455356523.264  2015-06-07T07:55:09.579340  1.400156e+02  6.843632e+01   1.204259e+00        2.332407e+01  2.598800e+01  8.887407e-01  1.375200e+01  5.368355e+00  -442                 963                 0.3125  rate trigger                 Yes                                   0.2
GRB150530B  84922008    454685332.0    2015-05-30T13:28:38.350     7.509128e+00  4.428713e+01   1.961828e+00        1.161684e+01  3.000000e+00  1.414214e+00  1.000000e+00  1.000000e+00  -73                  137                 N/A     ground detected during slew  No                                    0.0
GRB150530A  642018      454678951.872  2015-05-30T11:42:18.222320  3.275117e+02  5.751861e+01   1.203464e+00        2.334609e+01  6.896000e+00  8.172539e-01  3.056000e+00  5.724334e-01  -690                 1248                0.1758  rate trigger                 Yes                                   -3.952
GRB150527A  641698      454402149.44   2015-05-27T06:48:55.804620  2.889628e+02  4.196252e+00   8.680571e-01        3.723116e+01  1.088000e+02  8.410581e+01  1.308800e+01  1.680000e+00  -239                 963                 1.0000  rate trigger                 Yes                                   -106.816
GRB150513A  640584      453241893.312  2015-05-13T20:31:19.736540  4.904438e+01  -2.286749e+01  9.488220e-01        3.278775e+01  1.615640e+02  4.780453e+00  9.196000e+01  4.754324e+00  -239                 963                 0.6406  rate trigger                 No                                    -42.524
GRB150430A  639433      452046088.768  2015-04-30T00:21:15.254160  3.264783e+02  -2.791572e+01  1.532763e+00        1.652548e+01  1.068800e+02  7.027553e+00  4.560000e+01  1.215126e+01  -240                 962                 0.0576  rate trigger                 Yes                                   -8.024
GRB150428B  639278      451883537.024  2015-04-28T03:12:03.518520  2.926621e+02  4.113981e+00   1.304341e+00        2.081009e+01  1.309480e+02  1.555052e+01  6.534400e+01  4.036060e+00  -239                 963                 0.4023  rate trigger                 Yes                                   -34.468
GRB150428A  639275      451877454.336  2015-04-28T01:30:40.830840  1.885387e+02  6.966711e+00   1.156634e+00        2.470804e+01  5.320000e+01  1.537787e+01  2.163200e+01  1.836309e+00  -239                 963                 0.1699  rate trigger                 Yes                                   -20.456
GRB150424A  638946      451554190.564  2015-04-24T07:42:57.075440  1.523052e+02  -2.664736e+01  8.958517e-01        3.559201e+01  8.105600e+01  1.748003e+01  1.275200e+01  1.839203e+01  -240                 1204                0.6953  rate trigger                 Yes
GRB150423A  638808      451463298.176  2015-04-23T06:28:04.692100  2.216026e+02  1.226593e+01   1.859982e+00        1.253447e+01  2.159999e-01  2.828424e-02  1.199999e-01  3.046310e-02  -857                 1301                0.9297  rate trigger                 Yes                                   0.012
GRB150413A  637899      450626112.0    2015-04-13T13:54:58.559120  1.903922e+02  7.184595e+01   1.983503e+00        1.143442e+01  2.435960e+02  4.082853e+01  1.083960e+02  1.123920e+01  -239                 963                 0.3555  image trigger                No                                    -55.36
GRB150403A  637044      449790870.208  2015-04-03T21:54:16.809780  3.115048e+02  -6.270611e+01  7.069634e-01        4.991897e+01  3.729600e+01  1.171655e+01  8.904000e+00  5.158759e-01  -239                 963                 0.4023  rate trigger                 Yes                                   -7.66
GRB150402A  636865000   449627880.0    2015-04-02T00:37:46.694     1.736256e+02  4.098196e+01   2.588457e+00        7.818378e+00  1.440000e+01  1.600000e+00  8.000000e+00  1.600000e+00  -2                   8                   N/A     ground detected              No                                    0.0
GRB150323C  636005      448823134.848  2015-03-23T17:05:21.499240  1.926241e+02  5.016863e+01   2.435946e+00        8.525817e+00  1.596640e+02  4.461752e+01  3.280000e+01  9.792076e+01  -274                 2000                0.2695  rate trigger                 Yes                                   -21.08
GRB150323B  635929      448795729.6    2015-03-23T09:28:36.253     2.604578e+02  3.832723e+01   2.165444e+00        1.008840e+01  5.920000e+01  1.600000e+00  3.360000e+01  1.600000e+00  1                    12                  0.0898  ground detected              Yes                                   3.2
GRB150323A  635887      448771768.0    2015-03-23T02:49:14.653860  1.281910e+02  4.543430e+01   2.307352e+00        9.213847e+00  1.497280e+02  9.122436e+00  1.274000e+01  1.041998e+00  -239                 963                 0.3281  image trigger                Yes                                   3.396
GRB150318A  635289      448355106.624  2015-03-18T07:04:53.299140  3.249880e+02  -6.146119e+01  1.191498e+00        2.368173e+01  8.744400e+01  2.083833e+01  4.257200e+01  4.029785e+00  -486                 962                 0.4453  rate trigger                 Yes                                   3.036
GRB150317A  635148      448258975.296  2015-03-17T04:22:41.976060  1.389988e+02  5.547498e+01   1.769026e+00        1.346518e+01  2.328400e+01  8.501294e-01  1.719600e+01  3.149555e+00  -239                 963                 0.7812  rate trigger                 Yes                                   -0.036
GRB150314A  634795      448001706.176  2015-03-14T04:54:52.869200  1.266603e+02  6.383921e+01   5.884615e-01        6.487727e+01  1.478000e+01  2.629217e+00  5.356000e+00  1.494524e-01  -239                 963                 0.3438  rate trigger                 Yes                                   -1.22
GRB150309A  634200      447635000.0    2015-03-09T23:03:06.711860  2.770351e+02  8.641622e+01   1.856184e+00        1.257113e+01  2.420400e+02  5.996356e+00  2.439200e+01  2.815602e+00  -239                 963                 0.5078  image trigger                Yes                                   -191.824
GRB150302A  633237      446967769.92   2015-03-02T05:42:36.665740  1.755080e+02  3.682700e+01   2.587193e+00        7.823837e+00  2.387200e+01  8.729609e+00  8.704000e+00  5.526373e+00  -61                  242                 1.0156  rate trigger                 Yes                                   -0.312
GRB150301B  633180      446931497.28   2015-03-01T19:38:04.027580  8.915968e+01  -5.796721e+01  7.591130e-01        4.509300e+01  1.713600e+01  4.635059e+00  5.296000e+00  6.329613e-01  -614                 963                 0.6250  rate trigger                 Yes                                   0.152
GRB150301A  632995      446864681.884  2015-03-01T01:04:28.634980  2.442802e+02  -4.873193e+01  1.865275e+00        1.248369e+01  4.840000e-01  1.440555e-01  1.799999e-01  1.160689e-01  -240                 962                 0.9609  rate trigger                 Yes                                   0.0
GRB150222A  632180      446317014.08   2015-02-22T16:56:40.858780  1.987837e+02  -1.214919e+01  7.683209e-01        4.432297e+01  1.583600e+01  6.851308e+00  4.016000e+00  4.598609e-01  -239                 963                 0.4805  rate trigger                 Yes                                   1.504
GRB150213B  631051      445559504.0    2015-02-13T22:31:30.817240  2.534476e+02  3.416308e+01   1.808997e+00        1.304218e+01  2.090000e+02  7.424284e+01  7.400000e+01  1.523155e+01  -643                 963                 0.1367  image trigger                Yes                                   9.0
GRB150212A  630876      445431452.224  2015-02-12T10:57:19.047700  2.854911e+02  4.738495e+01   1.118099e+00        2.593349e+01  1.548800e+01  3.318294e+00  5.216000e+00  7.693322e-01  -239                 423                 0.7109  rate trigger                 Yes                                   0.248
GRB150211A  630714      445348344.704  2015-02-11T11:52:11.531900  2.548448e+02  5.538917e+01   8.513855e-01        3.827701e+01  1.360800e+01  2.016032e+00  6.460000e+00  3.141974e-01  -240                 962                 0.1641  rate trigger                 Yes                                   -6.696
GRB150206A  630019      444925816.0    2015-02-06T14:30:02.849200  1.006917e+01  -6.318118e+01  7.924468e-01        4.240790e+01  7.500000e+01  1.268542e+01  1.812400e+01  4.822779e-01  -239                 723                 0.4844  image trigger                Yes                                   37.404
GRB150204A  84702002    444724275.001  2015-02-04T06:31:01.860     1.602750e+02  -6.404313e+01  1.054078e+00        2.821629e+01  1.400000e+01  2.236068e+00  4.000000e+00  1.414214e+00  -13                  340                 N/A     ground detected during slew  Yes                                   1.0
GRB150203A  629578      444629360.64   2015-02-03T04:09:07.504140  9.839487e+01  6.951076e+00   1.115905e+00        2.600637e+01  2.443600e+01  2.767821e+00  1.325600e+01  1.490246e+00  -120                 1190                0.8438  rate trigger                 Yes                                   0.396
GRB150202A  629547      444611415.488  2015-02-02T23:10:02.353060  3.924367e+01  -3.313313e+01  1.613491e+00        1.535709e+01  2.547200e+01  4.820012e+00  1.619200e+01  1.384532e+00  -239                 963                 0.6016  rate trigger                 Yes                                   -0.768
GRB150201A  629302      444491232.832  2015-02-01T13:46:59.703120  1.182058e+01  -3.762082e+01  1.700213e+00        1.425042e+01  2.659200e+01  4.788166e+00  6.784000e+00  8.799454e-01  -240                 962                 0.0342  rate trigger                 Yes                                   -2.772
GRB150120B  627170      443431328.704  2015-01-20T07:21:55.628600  3.930721e+01  8.064336e+00   2.294475e+00        9.286595e+00  2.433600e+01  3.277924e+00  1.401200e+01  6.950712e+00  -240                 962                 0.3555  rate trigger                 Yes                                   -15.732
GRB150120A  627137      443415479.488  2015-01-20T02:57:46.413400  1.032867e+01  3.398016e+01   1.512560e+00        1.684170e+01  1.196000e+00  1.536749e-01  5.599999e-01  1.120714e-01  -239                 963                 0.7188  rate trigger                 Yes                                   -0.312
GRB150110B  624606      442620523.072  2015-01-10T22:08:30.037560  2.893734e+02  3.252821e+01   1.227517e+00        2.269530e+01  1.058000e+01  9.501663e-01  6.452000e+00  1.432988e+00  -239                 963                 0.9609  rate trigger                 Yes                                   -7.252
GRB150103A  623368      442008152.0    2015-01-03T20:02:18.996300  1.316746e+02  -4.889593e+01  2.044010e+00        1.095396e+01  4.908800e+01  9.807099e+00  2.188800e+01  6.182877e+00  -239                 963                 0.6719  image trigger                Yes                                   10.6
GRB150101B  91964035    441818627.453  2015-01-01T15:23:34.459     1.880434e+02  -1.098001e+01  2.435705e+00        8.527020e+00  1.199996e-02  8.944237e-03  3.999949e-03  5.656866e-03  -166                 22                  N/A     ground detected during slew  Yes                                   0.0
GRB150101A  623158      441786546.692  2015-01-01T06:28:53.699400  3.125894e+02  3.666870e+01   2.436997e+00        8.520567e+00  5.999994e-02  1.131373e-02  3.199995e-02  1.788858e-02  -240                 962                 0.9141  rate trigger                 Yes                                   0.004
GRB141229A  85478004    441546552.0    2014-12-29T11:48:59.019     7.245252e+01  -1.925440e+01  4.674101e+00        3.360962e+00  6.400000e+00  1.600000e+00  3.200000e+00  1.600000e+00  -731                 70                  N/A     ground detected during slew  Maybe                                 0.0
GRB141225A  622476      441241280.0    2014-12-25T23:01:07.034720  1.387510e+02  3.379470e+01   2.274477e+00        9.404688e+00  8.614800e+01  4.522258e+01  1.596000e+01  1.026149e+01  -239                 963                 0.2617  image trigger                Yes                                   6.668
GRB141221A  622006      440842043.904  2014-12-21T08:07:10.958720  1.982827e+02  8.197562e+00   1.041149e+00        2.871440e+01  3.681600e+01  4.103726e+00  1.461600e+01  3.165729e+00  -240                 962                 0.7891  rate trigger                 Yes                                   -21.152
GRB141220A  621915      440748185.6    2014-12-20T06:02:52.659420  1.950576e+02  3.214707e+01   1.126460e+00        2.565895e+01  7.232000e+00  4.790157e-01  3.064000e+00  1.300831e+00  -425                 962                 0.1973  rate trigger                 Yes                                   -0.424
GRB141212B  621234      440083441.152  2014-12-12T13:23:48.244720  2.508658e+02  3.175107e+01   1.004522e+00        3.022174e+01  1.050800e+01  6.856238e-01  2.248000e+00  5.992128e-01  -239                 963                 0.7734  rate trigger                 Yes                                   0.76
GRB141212A  621229      440079253.984  2014-12-12T12:14:01.076940  3.916709e+01  1.816283e+01   1.867492e+00        1.246252e+01  2.880000e-01  9.732416e-02  8.000004e-02  3.200001e-02  -240                 1861                0.5859  rate trigger                 Yes                                   0.0
GRB141205A  620534      439459530.048  2014-12-05T08:05:17.172     9.285900e+01  3.787600e+01   2.524378e+00        8.103430e+00  1.664000e+00  N/A           5.760000e-01  N/A           -2                   8                   0.4180  ground detected              No                                    0.128
GRB141130A  620090      439081868.928  2014-11-30T23:10:56.070920  2.227994e+02  4.732231e+01   1.363656e+00        1.952913e+01  6.285600e+01  1.137204e+01  2.655200e+01  2.804505e+00  -240                 962                 0.7344  rate trigger                 Yes                                   -38.936
GRB141121A  619182      438234656.0    2014-11-21T03:50:43.185060  1.226472e+02  2.221070e+01   2.521134e+00        8.117271e+00  4.810040e+02  3.806260e+01  1.468840e+02  2.103924e+02  -239                 963                 0.3281  image trigger                Yes                                   163.78
GRB141109B  618032      437212072.0    2014-11-09T07:47:39.235840  2.223610e+02  7.312490e+01   2.599826e+00        7.769581e+00  2.205040e+02  1.134430e+01  4.889200e+01  1.117328e+02  -788                 963                 0.7578  image trigger                Yes                                   -179.432
GRB141109A  618024      437205008.0    2014-11-09T05:49:55.236180  1.445070e+02  -6.015260e-01  2.551238e+00        7.981830e+00  2.001880e+02  4.814820e+01  4.834400e+01  1.139448e+01  -239                 963                 0.6016  image trigger                Yes                                   16.92
GRB141102A  617316      436625512.0    2014-11-02T12:51:39.265     2.086140e+02  -4.710000e+01  6.407657e+00        2.141646e+00  1.440000e+01  1.600000e+00  8.000000e+00  1.600000e+00  -1                   9                   0.0664  ground detected              No             Tentative detection.   0.0
GRB141031B  617149      436460217.792  2014-10-31T14:56:45.065320  3.568915e+02  4.135828e+01   2.159869e+00        1.012430e+01  1.562400e+01  2.554846e+00  8.372000e+00  3.797655e+00  -537                 1020                1.0156  rate trigger                 Yes                                   1.728
GRB141031A  617110      436432719.424  2014-10-31T07:18:26.698680  1.286328e+02  -5.916090e+01  1.432367e+00        1.820471e+01  4.640000e+02  4.722711e+02  4.480000e+02  9.308920e+02  -578                 963                 0.3203  rate trigger                 Yes                                   -18.424
GRB141026A  616502      435983824.0    2014-10-26T02:36:51.296880  4.404901e+01  2.692519e+01   1.863689e+00        1.249886e+01  1.394760e+02  1.483812e+01  7.276800e+01  1.245891e+01  -239                 963                 0.8828  image trigger                Yes                                   21.74
GRB141022A  616061      435634075.456  2014-10-22T01:27:42.770160  2.419293e+02  -7.215175e+01  2.212782e+00        9.780224e+00  8.716000e+00  1.559595e+00  4.792000e+00  1.581700e+00  -239                 963                 0.3984  rate trigger                 Yes                                   -0.06
GRB141020A  615873      435484131.968  2014-10-20T07:48:39.289560  2.250295e+02  5.532041e+01   1.616290e+00        1.531911e+01  1.489600e+01  2.165387e+00  9.020000e+00  2.114427e+00  -531                 962                 0.6719  rate trigger                 Yes                                   -5.788
GRB141017A  615672      435263140.672  2014-10-17T18:25:28.004480  9.360680e+01  -5.860511e+01  2.210078e+00        9.797323e+00  5.580800e+01  2.864162e+00  4.024000e+00  2.868030e-01  -240                 962                 0.6406  rate trigger                 Yes                                   0.776
GRB141015A  615399      435057192.0    2014-10-15T09:12:59.342640  8.753289e+01  1.837108e+01   2.276063e+00        9.394100e+00  1.100000e+01  4.123106e+00  5.000000e+00  2.236068e+00  -239                 963                 0.9844  rate trigger                 Yes                                   0.0
GRB141005A  614415      434178799.168  2014-10-05T05:13:06.554120  2.911061e+02  3.609619e+01   1.671791e+00        1.459779e+01  3.472000e+00  5.902677e-01  1.632000e+00  3.683477e-01  -239                 963                 0.0635  rate trigger                 Yes                                   0.416
GRB141004A  614390      434157667.008  2014-10-04T23:20:54.395160  7.672098e+01  1.282810e+01   8.120380e-01        4.095387e+01  3.924000e+00  1.112460e+00  1.136000e+00  1.736663e-01  -239                 963                 1.0156  rate trigger                 Yes                                   -0.344
GRB140930B  614094      433798914.624  2014-09-30T19:41:42.028940  6.359768e+00  2.429817e+01   1.551238e+00        1.624504e+01  8.439999e-01  1.198833e-01  3.839999e-01  9.879272e-02  -240                 962                 0.2480  rate trigger                 Yes                                   -0.064
GRB140927A  613775      433487723.968  2014-09-27T05:15:11.388280  2.918017e+02  -6.539954e+01  2.169067e+00        1.006302e+01  6.256000e+00  1.426034e+00  3.828000e+00  1.439903e+00  -240                 962                 0.5469  rate trigger                 Yes                                   2.176
GRB140919A  613160      432832528.064  2014-09-19T15:15:15.516440  2.215412e+02  -3.215394e+01  1.489506e+00        1.721532e+01  1.523040e+02  2.127984e+01  6.766400e+01  1.004450e+01  -239                 963                 0.1426  rate trigger                 Yes                                   3.064
GRB140916A  612804      432557040.0    2014-09-16T10:43:47.465980  4.038153e+01  -3.969163e+01  2.568486e+00        7.904334e+00  6.897600e+01  9.450790e+00  4.232000e+01  1.925551e+01  -239                 963                 0.1660  image trigger                Yes                                   1.24
GRB140907A  611933      431798841.344  2014-09-07T16:07:08.847220  4.813078e+01  4.659696e+01   1.272869e+00        2.154901e+01  8.000000e+01  3.577709e+01  1.600000e+01  1.600000e+01  -239                 963                 0.6562  rate trigger                 Yes                                   -63.344
GRB140903A  611599      431449242.7    2014-09-03T15:00:30.220440  2.380212e+02  2.760756e+01   1.034458e+00        2.898009e+01  2.959999e-01  3.417603e-02  1.399999e-01  1.788855e-02  -240                 962                 0.8359  rate trigger                 Yes                                   0.004
GRB140901B  611389      431245054.4    2014-09-01T06:17:21.931     1.121840e+02  -2.920900e+01  2.497017e+00        8.230577e+00  6.400000e+00  1.600000e+00  3.200000e+00  1.600000e+00  2                    12                  0.1855  ground detected              No                                    0.0
GRB140828A  610953      430901666.496  2014-08-28T06:54:14.043420  1.420319e+02  1.457072e+01   1.309251e+00        2.069869e+01  1.914800e+01  4.150470e+00  6.972000e+00  1.236317e+00  -239                 963                 0.2617  rate trigger                 No                                    -4.54
GRB140824A  610501      430562440.512  2014-08-24T08:40:28.076080  2.066255e+02  3.328560e+01   1.701844e+00        1.423092e+01  3.084000e+00  4.906159e-01  1.584000e+00  3.320542e-01  -700                 1612                0.7344  rate trigger                 Yes                                   0.372
GRB140818B  609885      430080268.928  2014-08-18T18:44:16.515620  2.711751e+02  -1.355982e+00  2.516304e+00        8.139538e+00  3.155200e+01  1.604614e+01  9.600000e+00  5.560639e+00  -240                 962                 0.3945  rate trigger                 Yes                                   -2.872
GRB140817A  609736      429951733.76   2014-08-17T07:02:01.353900  1.272424e+02  5.819083e+01   7.129073e-01        4.932546e+01  2.583440e+02  1.706827e+01  2.150520e+02  2.336921e+00  -613                 962                 0.7578  rate trigger                 Yes                                   -4.396
GRB140730A  607742      428442243.648  2014-07-30T19:43:51.315580  5.633801e+01  -6.657794e+01  2.046559e+00        1.093448e+01  4.089600e+01  3.377630e+00  1.907200e+01  1.423651e+01  -483                 902                 1.0156  rate trigger                 Yes                                   -13.4
GRB140719B  605700      427495787.968  2014-07-19T20:49:35.681860  3.973273e+01  -2.384092e+00  1.646898e+00        1.491401e+01  5.400000e+01  1.253994e+01  1.700000e+01  7.280110e+00  -870                 962                 0.4258  rate trigger                 No                                    -12.968
GRB140719A  605612      427442047.488  2014-07-19T05:53:55.204500  1.715801e+02  -5.011913e+01  2.378906e+00        8.819349e+00  4.800000e+01  2.262742e+01  1.600000e+01  1.600000e+01  -239                 963                 0.7578  rate trigger                 Yes                                   -31.488
GRB140716A  604793      427199289.6    2014-07-16T10:27:57.328     1.081410e+02  -6.014730e+01  1.535159e+00        1.649081e+01  1.248000e+02  1.600000e+00  6.880000e+01  1.600000e+00  98                   109                 0.0693  ground detected              Yes
GRB140713A  604232      426969837.376  2014-07-13T18:43:45.115400  2.811414e+02  5.962266e+01   1.179748e+00        2.401941e+01  6.016000e+00  7.280660e-01  3.420000e+00  7.001400e-01  -296                 963                 0.9766  rate trigger                 Yes                                   0.036
GRB140710A  603954      426680212.288  2014-07-10T10:16:40.041420  4.108658e+01  3.549872e+01   1.830529e+00        1.282357e+01  3.000000e+00  2.236068e+00  1.000000e+00  1.000000e+00  -650                 963                 0.5859  rate trigger                 Yes                                   -0.288
GRB140709B  603866      426611757.248  2014-07-09T15:15:45.004740  1.460490e+02  6.353561e+01   8.799022e-01        3.651723e+01  1.567320e+02  2.622964e+01  9.304400e+01  4.502700e+00  -776                 963                 0.9922  rate trigger                 Yes                                   -6.232
GRB140709A  603810      426561233.408  2014-07-09T01:13:41.167180  3.046659e+02  5.122183e+01   7.651873e-01        4.458250e+01  1.051920e+02  7.385089e+00  2.463200e+01  1.785116e+00  -239                 663                 0.6172  rate trigger                 Yes                                   -32.492
GRB140706A  603587      426368025.408  2014-07-06T19:33:33.176540  4.926969e+01  -3.805767e+01  1.060994e+00        2.795024e+01  4.784400e+01  3.941705e+00  2.953600e+01  1.158074e+00  -239                 1812                0.7734  rate trigger                 Yes                                   -14.392
GRB140703A  603243      426040649.28   2014-07-03T00:37:17.064400  1.301033e+01  4.510248e+01   1.613011e+00        1.536362e+01  6.864400e+01  6.645644e+01  2.512800e+01  9.052439e+00  -239                 963                 0.1406  rate trigger                 Yes                                   -0.068
GRB140629A  602884      425744262.528  2014-06-29T14:17:30.326760  2.490110e+02  4.189655e+01   1.648694e+00        1.489081e+01  3.827200e+01  1.162265e+01  1.164800e+01  2.485310e+00  -240                 1229                0.4180  rate trigger                 Yes                                   -3.624
GRB140628A  602803      425655349.568  2014-06-28T13:35:37.371060  4.066998e+01  -3.789260e-01  9.568568e-01        3.239514e+01  1.054000e+01  8.737689e-01  4.932000e+00  6.161169e-01  -120                 963                 0.7344  rate trigger                 Yes                                   -0.364
GRB140626A  602604      425435593.984  2014-06-26T00:33:01.797720  7.716201e+01  -8.262368e+01  1.502893e+00        1.699668e+01  1.616000e+01  1.234162e+00  8.992000e+00  2.407383e+00  -240                 962                 1.0156  rate trigger                 Yes                                   -7.872
GRB140622A  602278      425122576.888  2014-06-22T09:36:04.716920  3.171528e+02  -1.441232e+01  2.484052e+00        8.290928e+00  1.320000e-01  3.577711e-02  5.199999e-02  3.417601e-02  -61                  302                 0.5703  rate trigger                 Yes                                   -0.012
GRB140619A  602080      424870728.0    2014-06-19T11:38:35.841160  2.709900e+01  -3.924945e+01  1.783979e+00        1.330424e+01  2.330480e+02  1.354655e+01  6.620400e+01  2.150118e+00  -887                 483                 0.4180  image trigger                Yes                                   79.112
GRB140614B  601662      424420703.936  2014-06-14T06:38:11.799000  3.226360e+02  1.489611e+01   2.025660e+00        1.109599e+01  4.987200e+01  7.994274e+00  2.425200e+01  8.854752e+00  -240                 962                 0.7109  rate trigger                 Yes                                   -1.168
GRB140614A  601646      424400712.0    2014-06-14T01:04:59.863980  2.312026e+02  -7.911581e+01  2.365547e+00        8.890588e+00  7.739200e+01  1.589091e+01  3.724000e+01  1.003197e+01  -239                 963                 0.9766  image trigger                Yes                                   10.416
GRB140611A  601292      424151476.8    2014-06-11T03:51:04.676     3.499237e+02  -4.009889e+01  3.053079e+00        6.175787e+00  3.200000e+00  1.600000e+00  3.200000e+00  1.600000e+00  -2                   8                   0.0300  ground detected              Yes                                   0.0
GRB140610A  601259      424110701.568  2014-06-10T16:31:29.445940  2.862613e+02  3.898242e+00   7.332135e-01        4.738559e+01  9.325200e+01  3.352321e+00  5.486800e+01  2.059592e+00  -240                 963                 0.6797  rate trigger                 Yes                                   -1.636
GRB140607A  601051      423854024.0    2014-06-07T17:13:31.890280  8.637556e+01  1.890702e+01   1.847913e+00        1.265158e+01  9.476800e+01  1.623545e+01  4.707200e+01  1.652174e+01  -239                 963                 0.1602  image trigger                No                                    -14.088
GRB140606A  600951      423745105.6    2014-06-06T10:58:13.495520  2.017989e+02  3.759883e+01   2.418590e+00        8.613356e+00  3.400000e-01  9.440341e-02  1.280000e-01  9.507892e-02  -865                 1465                0.8672  rate trigger                 No                                    -0.02
GRB140529A  91901003    423048493.169  2014-05-29T09:28:01.098     2.288051e+02  -4.105250e+01  1.375519e+00        1.929148e+01  8.144000e+00  1.510878e+00  2.080000e+00  3.648561e-01  -71                  63                  N/A     ground detected during slew  Yes                                   0.32
GRB140521A  599546      422386470.528  2014-05-21T17:34:18.488820  3.201762e+02  6.758696e+01   1.108251e+00        2.626331e+01  9.876000e+00  1.092381e+00  5.420000e+00  6.040530e-01  -240                 963                 0.5547  rate trigger                 No                                    0.48
GRB140518A  599287      422097478.656  2014-05-18T09:17:46.630720  2.272212e+02  4.239985e+01   1.722492e+00        1.398785e+01  6.052400e+01  2.482379e+00  4.840400e+01  3.518671e+00  -718                 962                 0.8906  rate trigger                 Yes                                   -2.648
GRB140516A  599188      421965066.816  2014-05-16T20:30:54.797080  2.529756e+02  3.996099e+01   2.576722e+00        7.868265e+00  2.560000e-01  1.431083e-01  6.400001e-02  9.050968e-02  -426                 962                 0.7500  rate trigger                 Yes                                   -0.024
GRB140515A  599037      421837968.704  2014-05-15T09:12:36.691200  1.860690e+02  1.509967e+01   1.218986e+00        2.292255e+01  2.341600e+01  2.036035e+00  7.968000e+00  5.359538e+00  -288                 962                 0.9922  rate trigger                 Yes                                   -20.612
GRB140512A  598819      421615921.216  2014-05-12T19:31:49.213860  2.893677e+02  -1.508777e+01  1.082047e+00        2.717663e+01  1.541120e+02  4.652795e+00  8.700800e+01  3.949645e+01  -239                 963                 0.3516  rate trigger                 Yes                                   -6.16
GRB140509A  598497      421294945.6    2014-05-09T02:22:13.613280  4.656383e+01  -6.266154e+01  1.889962e+00        1.225140e+01  2.321600e+01  5.171157e+00  9.120000e+00  2.601710e+00  -240                 962                 0.1953  rate trigger                 Yes                                   -2.832
GRB140506A  598284      421103268.8    2014-05-06T21:07:36.822400  2.768075e+02  -5.555620e+01  1.581773e+00        1.579890e+01  1.111040e+02  9.546715e+00  6.035600e+01  6.517070e+00  -240                 962                 0.1162  rate trigger                 Yes                                   0.1
GRB140502A  597841      420712232.448  2014-05-02T08:30:20.489000  3.191705e+02  4.897756e+01   1.172780e+00        2.422353e+01  1.512000e+01  1.888115e+00  7.132000e+00  1.162955e+00  -511                 963                 0.9922  rate trigger                 Yes                                   -0.952
GRB140430A  597722      420582828.48   2014-04-30T20:33:36.527160  1.029379e+02  2.303652e+01   1.038274e+00        2.882806e+01  1.735880e+02  3.707420e+00  1.516080e+02  8.964039e+00  -179                 963                 1.0312  rate trigger                 Yes                                   0.436
GRB140428A  597519      420417661.952  2014-04-28T22:40:50.007020  1.943643e+02  2.833149e+01   2.170112e+00        1.005610e+01  1.742400e+01  5.897145e+00  8.176000e+00  2.674550e+00  -240                 962                 0.7031  rate trigger                 Yes                                   -13.28
GRB140423A  596901      419934725.184  2014-04-23T08:31:53.262020  1.972755e+02  4.983805e+01   9.124618e-01        3.467005e+01  1.341440e+02  2.310331e+01  5.382400e+01  2.911121e+00  -239                 963                 0.3984  rate trigger                 Yes                                   -50.832
GRB140419A  596426      419573222.976  2014-04-19T04:06:51.071220  1.270016e+02  4.623401e+01   6.884229e-01        5.185059e+01  8.007600e+01  3.775044e+00  3.880400e+01  8.498941e-01  -240                 962                 0.3320  rate trigger                 Yes                                   -2.444
GRB140414A  84568002    419148400.628  2014-04-14T06:06:28.744     1.953348e+02  5.691161e+01   1.746698e+00        1.371354e+01  4.959999e-01  6.835206e-02  2.639999e-01  5.824087e-02  -940                 100                 N/A     ground detected during slew  No                                    0.016
GRB140413A  595616      419040592.0    2014-04-13T00:09:40.120580  6.543922e+01  -5.118680e+01  1.676466e+00        1.453966e+01  1.329760e+02  1.436711e+01  6.112000e+01  6.699894e+00  -239                 963                 0.0610  image trigger                Yes                                   -29.192
GRB140412A  595608      419034061.632  2014-04-12T22:20:49.752900  1.449980e+02  -6.582695e+01  1.654420e+00        1.481723e+01  4.800000e+01  2.262742e+01  1.600000e+01  1.600000e+01  -240                 962                 0.7734  rate trigger                 Yes                                   -31.632
GRB140408A  595141      418655766.656  2014-04-08T13:15:54.794960  2.907218e+02  -1.258457e+01  1.871185e+00        1.242740e+01  3.628000e+00  6.061551e-01  1.824000e+00  5.798896e-01  -180                 902                 0.4023  rate trigger                 Yes                                   -0.54
GRB140402A  594308      418090218.688  2014-04-02T00:10:06.854     2.076290e+02  5.994944e+00   2.733708e+00        7.231755e+00  8.960000e-01  N/A           3.200000e-01  N/A           -3                   7                   0.6641  ground detected              No                                    0.032
GRB140331A  594081      417937800.0    2014-03-31T05:49:48.173160  1.348450e+02  2.706900e+00   2.667264e+00        7.490479e+00  2.096560e+02  3.275182e+01  7.533200e+01  6.163665e+01  -239                 963                 0.9844  image trigger                Yes                                   91.168
GRB140323A  592916      417263003.712  2014-03-23T10:23:11.917100  3.569636e+02  -7.991342e+01  1.044944e+00        2.856555e+01  1.064880e+02  3.256028e+00  7.297200e+01  1.881633e+00  -503                 962                 0.1270  rate trigger                 Yes                                   -4.152
GRB140320A  592544      416974377.728  2014-03-20T02:12:45.946760  2.818358e+02  -1.119198e+01  2.522559e+00        8.110717e+00  5.120000e-01  2.307553e-01  1.920000e-01  1.431084e-01  -240                 962                 0.8828  rate trigger                 Yes                                   -0.176
GRB140318A  592204      416794159.744  2014-03-18T00:09:07.971300  1.840500e+02  2.022516e+01   2.114354e+00        1.043707e+01  7.604000e+00  1.276033e+00  4.756000e+00  1.665409e+00  -240                 962                 0.4922  rate trigger                 Yes                                   3.528
GRB140311B  591392      416265281.472  2014-03-11T21:14:29.724340  2.522833e+02  5.272493e+01   2.185275e+00        9.956569e+00  1.296000e+02  1.600000e+00  7.040000e+01  1.600000e+00  0                    3                   0.8984  rate trigger                 Yes
GRB140311A  591390      416264728.0    2014-03-11T21:05:16.252360  2.093010e+02  6.115180e-01   2.564474e+00        7.923041e+00  7.048000e+01  7.587700e+00  4.110400e+01  1.098534e+01  -239                 423                 0.1084  image trigger                Yes                                   -2.2
GRB140305A  590446      415724432.384  2014-03-05T15:00:20.662000  3.444988e+02  1.545221e+01   1.798604e+00        1.314997e+01  2.030400e+01  5.354152e+00  8.184000e+00  4.244734e+00  -511                 963                 0.4805  rate trigger                 No                                    -0.24
GRB140304A  590206      415632162.816  2014-03-04T13:22:31.098380  3.064911e+01  3.347304e+01   9.374264e-01        3.335863e+01  1.478400e+01  1.401371e+00  9.176000e+00  8.858894e-01  -120                 1468                0.7422  rate trigger                 Yes                                   -2.192
GRB140302A  589685      415440790.528  2014-03-02T08:12:58.819460  2.538582e+02  -1.287440e+01  1.040636e+00        2.873462e+01  9.872400e+01  1.140405e+01  4.070000e+01  6.241297e+00  -240                 963                 0.8203  rate trigger                 Yes                                   0.64
GRB140301A  589590      415380301.184  2014-03-01T15:24:49.478320  6.952675e+01  -3.423658e+01  1.908430e+00        1.208237e+01  2.780400e+01  8.388573e+00  1.664000e+01  6.699799e+00  -239                 963                 0.6641  rate trigger                 Yes                                   -7.704
GRB140215A  586680      414130041.92   2014-02-15T04:07:10.273340  1.041310e+02  4.178701e+01   1.115044e+00        2.603504e+01  2.563200e+01  5.641815e+00  8.784000e+00  8.408758e-01  -240                 962                 0.1543  rate trigger                 Yes                                   -0.304
GRB140213A  586569      414012109.376  2014-02-13T19:21:37.734900  1.051675e+02  -7.313608e+01  6.560983e-01        5.553815e+01  5.993200e+01  2.707028e+00  6.504000e+00  2.649679e-01  -239                 963                 0.5000  rate trigger                 Yes                                   -4.48
GRB140211A  586289      413814195.456  2014-02-11T12:23:03.824220  1.242329e+02  2.023545e+01   1.392163e+00        1.896037e+01  1.095320e+02  2.624938e+01  4.824000e+01  6.602012e+00  -554                 1041                0.8125  rate trigger                 Yes                                   -14.276
GRB140209A  586071      413623869.504  2014-02-09T07:30:57.881180  8.132740e+01  3.248847e+01   7.837885e-01        4.307872e+01  2.043200e+01  9.627082e+00  5.920001e-01  8.158430e-02  -429                 963                 0.3828  rate trigger                 Yes                                   1.704
GRB140206A  585834      413363851.776  2014-02-06T07:17:20.165420  1.453214e+02  6.676100e+01   6.906617e-01        5.161064e+01  9.418800e+01  1.836108e+01  1.138400e+01  1.964622e+01  -240                 962                 1.0000  rate trigger                 Yes                                   1.88
GRB140129B  585149      412692681.024  2014-01-29T12:51:09.445000  3.267640e+02  2.621472e+01   2.053687e+00        1.088030e+01  1.360000e+00  2.129413e-01  8.439999e-01  2.336494e-01  -239                 963                 1.0156  rate trigger                 Yes                                   0.172
GRB140129A  585128      412658651.008  2014-01-29T03:23:59.430600  3.785697e+01  -1.584556e+00  2.343348e+00        9.011146e+00  3.000000e+00  1.414214e+00  2.000000e+00  1.000000e+00  -239                 963                 0.5703  rate trigger                 Yes                                   0.992
GRB140118A  584136      411701534.272  2014-01-18T01:32:02.739660  3.309949e+02  -1.793663e+01  1.484753e+00        1.729410e+01  8.409200e+01  9.746598e+00  2.321200e+01  1.620597e+01  -239                 963                 0.4102  rate trigger                 No                                    -61.016
GRB140114A  583861      411393472.0    2014-01-14T11:57:40.482160  1.884953e+02  2.793965e+01   1.928887e+00        1.189974e+01  1.399480e+02  1.588016e+01  5.278400e+01  3.212912e+00  -239                 963                 1.0156  image trigger                Yes                                   43.608
GRB140108A  583338      410894334.016  2014-01-08T17:18:42.521660  3.251268e+02  5.874863e+01   6.864458e-01        5.206406e+01  9.523200e+01  3.224261e+00  7.974000e+01  2.774167e-01  -239                 963                 0.7109  rate trigger                 Yes                                   -1.516
GRB140103A  582773      410401854.784  2014-01-03T00:30:43.312640  2.321136e+02  3.775197e+01   1.738842e+00        1.380033e+01  1.734400e+01  1.909304e+00  4.608000e+00  1.690860e+00  -240                 962                 0.4844  rate trigger                 Yes                                   -11.56
GRB140102A  582760      410390269.312  2014-01-02T21:17:37.841180  2.119146e+02  1.332079e+00   4.188069e-01        1.054626e+02  5.508000e+01  1.541812e+01  2.248000e+00  1.162756e-01  -239                 963                 0.9922  rate trigger                 Yes                                   0.456
GRB131229A  582374      409991975.616  2013-12-29T06:39:24.163760  8.523637e+01  -4.402127e+00  5.745281e-01        6.713661e+01  4.800000e+01  1.600000e+01  1.600000e+01  1.600000e+01  -240                 483                 0.9766  rate trigger                 Yes                                   0.384
GRB131227A  582184      409812302.656  2013-12-27T04:44:51.212140  6.736600e+01  2.887757e+01   1.298667e+00        2.094010e+01  1.798800e+01  1.550974e+00  1.042000e+01  1.681875e+00  -240                 962                 0.9062  rate trigger                 Yes                                   -0.34
GRB131226A  582123      409729671.104  2013-12-26T05:47:39.664000  3.013101e+02  -6.494289e+01  5.828047e-01        6.577872e+01  7.228000e+00  1.562050e-01  2.976000e+00  9.208692e-02  -239                 963                 0.5625  rate trigger                 No                                    0.38
GRB131224B  32923023    409548319.208  2013-12-24T03:25:07.777     1.637200e+02  -1.418311e+01  1.973416e+00        1.151952e+01  8.348000e+00  1.076909e+00  5.632000e+00  3.683305e+00  -78                  79                  N/A     ground detected during slew  No                                    0.308
GRB131205A  580267      407927930.304  2013-12-05T09:18:38.948060  1.316090e+02  -6.017400e+01  2.605812e+00        7.744099e+00  2.034400e+01  9.385947e-01  1.890800e+01  1.885421e+01  -239                 963                 0.9531  rate trigger                 Yes                                   -0.06
GRB131202A  579982      407689940.672  2013-12-02T15:12:09.327060  3.440138e+02  -2.164048e+01  2.018208e+00        1.115457e+01  3.019600e+01  8.794466e+00  1.276400e+01  5.840155e+00  -380                 962                 0.6328  rate trigger                 Yes                                   -0.416
GRB131128A  579683      407343995.904  2013-11-28T15:06:24.575040  3.553053e+02  3.129282e+01   1.577647e+00        1.585795e+01  3.000000e+00  1.414214e+00  1.000000e+00  1.000000e+00  -240                 962                 0.4102  rate trigger                 Yes                                   -0.904
GRB131127A  579571      407239906.88   2013-11-27T10:11:35.555860  3.327164e+02  3.659658e+01   1.789754e+00        1.324296e+01  9.497200e+01  1.513601e+01  2.618800e+01  4.046027e+00  -240                 962                 0.3906  rate trigger                 Yes                                   -57.408
GRB131120A  578227      406651088.0    2013-11-20T14:37:56.703060  2.789210e+02  -1.199730e+01  2.855848e+00        6.793991e+00  1.304320e+02  2.130318e+01  9.260800e+01  1.653778e+01  -547                 963                 0.5078  image trigger                No             Tentative detection.   -68.408
GRB131117A  577968      406341256.0    2013-11-17T00:34:04.717400  3.323503e+02  -3.176161e+01  1.718808e+00        1.403070e+01  1.088000e+01  2.811633e+00  4.160000e+00  1.176626e+00  -239                 963                 0.8594  rate trigger                 Yes                                   0.04
GRB131110A  20326002    405777212.8    2013-11-10T11:53:21.543     6.926810e+01  -1.725875e+01  8.398105e-01        3.903800e+01  7.680000e+01  1.600000e+00  4.000000e+01  1.600000e+00  -21                  149                 N/A     ground detected during slew  No                                    3.2
GRB131105A  576738      405309896.0    2013-11-05T02:04:44.765060  7.097326e+01  -6.300547e+01  1.581313e+00        1.580546e+01  1.122080e+02  4.102308e+00  7.369600e+01  1.874460e+00  -239                 963                 0.0771  image trigger                Yes                                   11.192
GRB131103A  576562      405209257.024  2013-11-03T22:07:25.793680  3.489437e+02  -4.465263e+01  1.554374e+00        1.619824e+01  1.520800e+01  3.034674e+00  6.240000e+00  2.161736e+00  -875                 783                 0.3008  rate trigger                 Yes                                   -7.404
GRB131031A  576277      404912024.0    2013-10-31T11:33:32.783     2.962495e+01  -1.616338e+00  2.559113e+00        7.946763e+00  6.400000e+00  1.600000e+00  3.200000e+00  1.600000e+00  -2                   8                   0.0205  ground detected              Yes                                   0.0
GRB131030A  576238      404859390.016  2013-10-30T20:56:18.801700  3.450743e+02  -5.379136e+00  5.466435e-01        7.208198e+01  3.942400e+01  3.674833e+00  8.408000e+00  2.325511e-01  -269                 963                 0.3750  rate trigger                 Yes                                   -2.252
GRB131024B  575754      404343342.592  2013-10-24T21:35:31.401340  1.444731e+02  4.426216e+01   1.843026e+00        1.269953e+01  9.681600e+01  2.740645e+01  4.102400e+01  1.332432e+01  -240                 962                 0.4062  rate trigger                 Yes                                   -4.776
GRB131024A  575707      404310392.0    2013-10-24T12:26:20.810860  2.905431e+02  -6.460034e+01  2.028642e+00        1.107270e+01  1.120000e+02  3.577709e+01  6.400000e+01  1.600000e+01  -239                 963                 0.7891  image trigger                Yes                                   -111.0
GRB131018A  574935      403793280.0    2013-10-18T12:47:48.834540  9.846855e+01  -1.989946e+01  1.275505e+00        2.148541e+01  7.321600e+01  1.897341e+01  3.129600e+01  5.213938e+00  -239                 963                 1.0156  image trigger                Yes                                   24.808
GRB131004A  573190      402615674.8    2013-10-04T21:41:03.688480  2.961081e+02  -2.951699e+00  1.093775e+00        2.676129e+01  1.536000e+00  3.263372e-01  5.120000e-01  9.050968e-02  -240                 962                 0.7344  rate trigger                 Yes                                   -0.184
GRB131002B  572742      402404079.616  2013-10-02T10:54:28.514160  7.513238e+01  -7.570015e+01  1.179308e+00        2.403220e+01  5.200000e+01  1.118034e+01  1.700000e+01  5.385165e+00  -819                 423                 1.0156  rate trigger                 Yes                                   -4.616
GRB131002A  572721      402389672.384  2013-10-02T06:54:21.282820  2.532750e+02  8.205720e+01   2.160894e+00        1.011876e+01  5.652800e+01  4.108310e+00  4.688000e+00  3.211733e+01  -239                 1904                0.7188  rate trigger                 Yes                                   0.116
GRB131001A  82217006    402298654.0    2013-10-01T05:37:22.903     8.298005e+00  2.555565e+01   1.380484e+00        1.919245e+01  5.000000e+00  1.000000e+00  2.000000e+00  1.000000e+00  -33                  62                  N/A     ground detected during slew  No                                    0.0
GRB130929A  572308      402140204.224  2013-09-29T09:36:33.134240  1.350244e+02  -4.755634e+01  1.641966e+00        1.497805e+01  1.224000e+01  4.059281e+00  4.048000e+00  1.116709e+00  -119                 963                 0.4453  rate trigger                 Yes                                   -1.48
GRB130925A  571830      401775096.0    2013-09-25T04:11:24.926960  4.118517e+01  -2.614636e+01  9.872410e-01        3.098028e+01  1.602960e+02  3.390408e+00  8.339600e+01  2.232308e+00  -239                 963                 0.0996  image trigger                Yes                                   -48.892
GRB130919A  571271      401281656.0    2013-09-19T11:07:24.949420  2.072806e+02  -1.035416e+01  1.559652e+00        1.611998e+01  9.968400e+01  2.602806e+01  4.525600e+01  6.260751e+00  -239                 963                 0.7734  image trigger                No                                    -7.176
GRB130913A  570531      400724908.8    2013-09-13T00:28:17.775     3.419836e+02  1.167742e+00   4.773850e+00        3.261089e+00  4.160000e+01  1.600000e+00  2.240000e+01  1.600000e+00  1                    11                  0.9922  ground detected              No             Tentative detection.   1.6
GRB130912A  570465      400667708.956  2013-09-12T08:34:57.933280  4.760654e+01  1.399843e+01   1.647342e+00        1.490827e+01  2.839999e-01  2.884447e-02  2.079999e-01  2.683279e-02  -240                 962                 0.3125  rate trigger                 Yes                                   0.016
GRB130907A  569992      400282884.092  2013-09-07T21:41:13.086760  2.158981e+02  4.560357e+01   3.559820e-01        1.330257e+02  3.643680e+02  5.447201e+00  5.969200e+01  3.238271e-01  -239                 963                 1.0312  rate trigger                 Yes                                   -40.244
GRB130831B  568855      399649710.656  2013-08-31T13:48:19.679500  1.924483e+02  -2.918606e+01  2.057722e+00        1.084984e+01  3.758400e+01  9.546102e+00  7.824000e+00  9.280469e+00  -240                 902                 0.1484  rate trigger                 Yes                                   -11.336
GRB130831A  568849      399647067.52   2013-08-31T13:04:16.543620  3.586351e+02  2.943052e+01   6.681195e-01        5.411613e+01  3.019200e+01  2.326272e+00  7.992000e+00  5.892504e-01  -240                 963                 0.2812  rate trigger                 Yes                                   0.612
GRB130829A  568417      399447824.0    2013-08-29T05:43:33.032660  1.824260e+02  4.652183e+01   1.270632e+00        2.160323e+01  5.188400e+01  8.180450e+00  2.082800e+01  5.367244e+00  -239                 963                 0.8438  image trigger                No                                    32.9
GRB130822A  567163      398879668.212  2013-08-22T15:54:17.270440  2.792977e+01  -3.193583e+00  2.448673e+00        8.462582e+00  4.399997e-02  1.131373e-02  1.999992e-02  1.131373e-02  -239                 963                 0.9297  rate trigger                 Yes                                   -0.004
GRB130816B  566561      398321629.504  2013-08-16T04:53:38.587620  1.700471e+02  -5.753777e+01  1.594436e+00        1.561995e+01  8.676000e+00  2.341760e+00  2.604000e+00  6.697134e-01  -240                 963                 0.9844  rate trigger                 Yes                                   -3.164
GRB130816A  566545      398310426.624  2013-08-16T01:46:55.708120  1.970925e+02  -5.899598e+01  2.594705e+00        7.790480e+00  2.997600e+01  1.356997e+00  1.702800e+01  1.462650e+01  -240                 962                 0.3555  rate trigger                 Yes                                   -27.772
GRB130812A  566228      398038983.488  2013-08-12T22:22:52.584320  9.238780e+01  -1.328511e+01  9.507765e-01        3.269150e+01  7.628000e+00  5.464943e-01  5.604000e+00  2.265568e-01  -239                 963                 0.7578  rate trigger                 Yes                                   -0.028
GRB130807A  565651      397563954.176  2013-08-07T10:25:43.293700  2.698132e+02  -2.761612e+01  1.420281e+00        1.842642e+01  2.930400e+02  2.661044e+01  1.917400e+02  1.437400e+01  -239                 963                 0.9297  rate trigger                 Yes                                   -2.52
GRB130806A  565562      397450304.832  2013-08-06T02:51:33.954800  3.590311e+01  6.753774e+01   1.567428e+00        1.600586e+01  5.780000e+00  4.116115e-01  1.376000e+00  3.050857e+00  -240                 962                 0.9531  rate trigger                 Yes                                   -4.248
GRB130803A  565263      397216983.36   2013-08-03T10:02:52.493300  2.202552e+02  -2.496783e+00  1.082129e+00        2.717366e+01  4.357200e+01  1.606636e+00  3.280000e+00  1.294444e+00  -239                 963                 0.3047  rate trigger                 Yes                                   0.68
GRB130727A  564342      396636330.368  2013-07-27T16:45:19.527420  3.307895e+02  -6.553951e+01  6.120018e-01        6.134192e+01  1.356400e+01  8.034824e-01  6.032000e+00  3.624362e-01  -239                 963                 0.5000  rate trigger                 Yes                                   0.916
GRB130725B  564028      396466778.432  2013-07-25T17:39:27.599040  2.142366e+02  -1.111984e+01  1.027185e+00        2.927367e+01  4.776000e+00  8.550837e-01  1.940000e+00  2.862167e-01  -239                 963                 0.9688  rate trigger                 Yes                                   0.048
GRB130725A  563980      396445042.368  2013-07-25T11:37:11.536020  2.300560e+02  6.218209e-01   2.587574e+00        7.821165e+00  1.015200e+02  2.022616e+01  5.164800e+01  2.506944e+01  -239                 963                 0.3945  rate trigger                 Yes                                   -4.424
GRB130722A  563213      396173970.048  2013-07-22T08:19:19.228240  2.606679e+02  -2.959351e+00  1.349625e+00        1.981981e+01  9.836800e+01  1.286089e+01  3.535600e+01  8.609204e-01  -239                 963                 0.4883  rate trigger                 Yes                                   7.036
GRB130719A  562625      395905680.0    2013-07-19T05:47:49.192320  8.904845e+01  -1.158039e+01  1.870489e+00        1.243401e+01  1.469680e+02  2.265453e+01  7.449600e+01  1.500098e+01  -239                 963                 0.5078  image trigger                No                                    7.292
GRB130716A  561974      395663824.256  2013-07-16T10:36:53.459220  1.795470e+02  6.306570e+01   2.627186e+00        7.654249e+00  8.767200e+01  1.990591e+01  6.301600e+01  3.707167e+01  -239                 963                 0.6328  rate trigger                 Yes                                   0.116
GRB130708A  560515      394976593.6    2013-07-08T11:43:02.834     1.748013e+01  -6.958425e-03  2.231407e+00        9.663819e+00  1.120000e+01  1.600000e+00  6.400000e+00  1.600000e+00  -2                   8                   0.0654  ground detected              No                                    0.0
GRB130701A  559482      394345074.368  2013-07-01T04:17:43.630460  3.572237e+02  3.609959e+01   7.584407e-01        4.515012e+01  4.380000e+00  2.526341e-01  2.324000e+00  1.305986e-01  -239                 963                 0.2812  rate trigger                 Yes                                   -0.396
GRB130627B  559139      394027261.376  2013-06-27T12:00:50.652640  1.819414e+02  -5.571141e+01  1.773303e+00        1.341882e+01  4.800000e+01  3.577709e+01  3.200000e+01  1.600000e+01  -239                 963                 0.9531  rate trigger                 Yes                                   -15.376
GRB130627A  559132      394016114.176  2013-06-27T08:55:03.453140  1.844189e+02  -3.707120e+01  2.269286e+00        9.434200e+00  1.804800e+01  5.472988e+00  7.440000e+00  4.593651e+00  -239                 963                 0.2012  rate trigger                 Yes                                   -8.168
GRB130626A  559075      393936674.496  2013-06-26T10:51:03.776680  2.731233e+02  -9.524865e+00  1.769899e+00        1.345569e+01  1.600000e-01  2.884439e-02  8.800000e-02  2.912044e-02  -239                 303                 1.0156  rate trigger                 No                                    0.0
GRB130625A  558982      393836450.24   2013-06-25T07:00:39.525160  3.433610e+02  8.217186e+01   1.193092e+00        2.363656e+01  4.127200e+01  9.484648e+00  1.652000e+01  2.562739e+00  -239                 963                 0.7500  rate trigger                 Yes                                   -23.596
GRB130623A  32867001    393680575.688  2013-06-23T11:42:44.980     2.072427e+01  -7.778908e+01  1.959561e+00        1.163605e+01  1.761600e+01  1.960963e+00  1.281600e+01  3.203998e+00  -55                  58                  N/A     ground detected during slew  Yes                                   0.56
GRB130615A  558271      392982296.0    2013-06-15T09:44:45.323280  2.749660e+02  -6.816174e+01  2.934793e+00        6.533571e+00  3.325560e+02  2.854506e+01  7.353200e+01  1.125307e+02  -239                 963                 0.6016  image trigger                Yes                                   32.74
GRB130612A  557976      392700152.832  2013-06-12T03:22:22.167880  2.597729e+02  1.672483e+01   1.943320e+00        1.177368e+01  4.000000e+00  1.414214e+00  1.000000e+00  1.414214e+00  -180                 902                 0.3477  rate trigger                 Yes                                   -0.832
GRB130610A  557845      392526744.0    2013-06-10T03:12:13.343620  2.244081e+02  2.819044e+01   2.503782e+00        8.197751e+00  4.772400e+01  1.073987e+01  1.348000e+01  2.219798e+00  -620                 603                 0.9688  image trigger                Yes                                   -3.964
GRB130609B  557828      392506731.072  2013-06-09T21:38:40.416520  5.377633e+01  -4.017001e+01  7.191301e-01        4.871685e+01  2.111720e+02  1.705549e+01  1.164800e+02  4.104505e+01  -769                 963                 0.4375  rate trigger                 Yes                                   0.192
GRB130609A  557782      392439919.296  2013-06-09T03:05:08.643500  1.526814e+02  2.412649e+01   1.119289e+00        2.589410e+01  7.056000e+00  7.976866e-01  2.932000e+00  3.805259e-01  -239                 843                 0.8750  rate trigger                 Yes                                   -0.568
GRB130608A  557771      392426072.0    2013-06-08T23:14:21.348120  2.459737e+01  4.149132e+01   2.542580e+00        8.019635e+00  1.518520e+02  1.061190e+01  7.984400e+01  5.956301e+01  -239                 1425                0.4570  image trigger                Yes                                   -132.156
GRB130606A  557589      392245489.664  2013-06-06T21:04:39.020180  2.493898e+02  2.979726e+01   2.005380e+00        1.125664e+01  2.766560e+02  1.963085e+01  6.054400e+01  1.259029e+01  -828                 962                 0.9688  rate trigger                 Yes                                   0.496
GRB130605A  557508      392168512.704  2013-06-05T23:41:42.063620  1.345339e+02  -3.348169e+01  1.634793e+00        1.507203e+01  1.017600e+01  3.200640e+00  4.160000e+00  1.397781e+00  -240                 302                 0.0522  rate trigger                 Yes                                   -1.24
GRB130604A  557354      392021677.632  2013-06-04T06:54:26.998160  2.501661e+02  6.822470e+01   1.116267e+00        2.599432e+01  7.628400e+01  2.975946e+01  2.238800e+01  4.022379e+00  -516                 1304                0.8125  rate trigger                 Yes                                   1.44
GRB130603B  557310      391967364.768  2013-06-03T15:49:14.136600  1.722215e+02  1.706323e+01   7.174747e-01        4.887750e+01  1.760000e-01  2.400005e-02  5.999994e-02  4.000008e-03  -240                 962                 1.0000  rate trigger                 Yes                                   0.012
GRB130603A  557274      391931983.296  2013-06-03T05:59:32.666180  8.693050e+01  8.291095e+01   1.259974e+00        2.186476e+01  6.912800e+01  2.342629e+01  3.242400e+01  4.020050e+00  -762                 963                 0.9844  rate trigger                 Yes                                   -8.928
GRB130529A  556930      391518936.0    2013-05-29T11:15:25.388620  2.430815e+01  -6.413054e+01  1.550238e+00        1.626001e+01  8.759200e+01  1.107914e+01  4.121600e+01  1.878585e+01  -575                 963                 1.0000  image trigger                Yes                                   42.408
GRB130528A  556870      391452094.528  2013-05-28T16:41:23.919600  1.394178e+02  8.729712e+01   6.975004e-01        5.088928e+01  6.400000e+02  5.600000e+02  3.200000e+01  1.600000e+01  -394                 963                 1.0000  rate trigger                 Yes                                   -9.528
GRB130527A  556753      391357300.8    2013-05-27T14:21:30.195820  3.092837e+02  -2.472568e+01  1.097816e+00        2.662066e+01  6.400000e+01  1.600000e+01  3.200000e+01  1.600000e+01  -700                 962                 0.1006  rate trigger                 Yes                                   -11.8
GRB130521A  556344      390869367.36   2013-05-21T22:49:16.777540  8.756716e+01  1.447087e+01   1.615205e+00        1.533381e+01  1.095600e+01  2.504527e+00  2.360000e+00  1.949836e+00  -239                 963                 0.6719  rate trigger                 No                                    -0.328
GRB130518B  556105      390567049.6    2013-05-18T10:50:39.031     3.215453e+02  -2.014601e+01  1.817731e+00        1.295444e+01  8.000000e+00  1.600000e+00  4.800000e+00  1.600000e+00  -4                   6                   0.1914  ground detected              No                                    0.0
GRB130518A  556113      390578083.2    2013-05-18T13:54:32.630     3.556621e+02  4.746972e+01   2.287501e+00        9.328288e+00  8.160000e+01  1.600000e+00  4.160000e+01  1.600000e+00  33                   43                  0.0410  ground detected              Yes                                   4.8
GRB130515A  555880      390273688.396  2013-05-15T01:21:17.839880  2.834361e+02  -5.428230e+01  1.581714e+00        1.579973e+01  2.959999e-01  6.092618e-02  1.520000e-01  5.261177e-02  -239                 963                 0.6953  rate trigger                 Yes                                   -0.016
GRB130514A  555821      390208431.616  2013-05-14T07:13:41.062760  2.962788e+02  -7.973750e+00  7.912714e-01        4.249792e+01  2.141920e+02  1.732063e+01  1.029560e+02  2.855232e+00  -240                 962                 0.6016  rate trigger                 Yes                                   0.82
GRB130511A  555600      389964657.984  2013-05-11T11:30:47.441540  1.966479e+02  1.869277e+01   1.937890e+00        1.182084e+01  2.740000e+00  3.978543e-01  1.872000e+00  3.978543e-01  -240                 962                 0.5703  rate trigger                 Yes                                   -0.012
GRB130508A  555413      389725744.0    2013-05-08T17:08:53.468120  3.053551e+02  3.497736e+01   1.912530e+00        1.204539e+01  4.291200e+01  1.012762e+01  2.260800e+01  5.752974e+00  -723                 963                 0.6094  image trigger                Yes                                   11.352
GRB130505A  555163      389434958.912  2013-05-05T08:22:28.392980  1.370600e+02  1.748510e+01   1.635681e+00        1.506231e+01  8.934400e+01  1.111542e+02  1.318400e+01  2.456821e+00  -240                 962                 0.0264  rate trigger                 Yes                                   -1.144
GRB130504A  555096      389325944.832  2013-05-04T02:05:34.317800  2.724591e+02  -1.632198e+01  1.304822e+00        2.079914e+01  1.200320e+02  2.533566e+01  3.899200e+01  1.661901e+01  -240                 962                 1.0156  rate trigger                 Yes                                   -28.312
GRB130502A  554996      389209841.152  2013-05-02T17:50:30.642920  1.385764e+02  -1.436872e-01  1.895035e+00        1.220457e+01  7.568000e+00  4.449841e+00  2.332000e+00  4.565085e-01  -239                 963                 0.4727  rate trigger                 Yes                                   -0.1
GRB130427B  554635      388761652.288  2013-04-27T13:20:41.798740  3.148975e+02  -2.253685e+01  1.339972e+00        2.002409e+01  2.590400e+01  5.971843e+00  4.800000e+00  1.939237e+00  -471                 963                 0.2227  rate trigger                 Yes                                   -0.056
GRB130427A  554620      388741688.0    2013-04-27T07:47:57.511640  1.731491e+02  2.770540e+01   9.821374e-01        3.121051e+01  2.443320e+02  4.732489e+00  2.249600e+01  5.963354e-01  -239                 963                 0.1406  image trigger                Yes                                   -47.012
GRB130420B  553996      388155401.536  2013-04-20T12:56:31.073560  1.831023e+02  5.437503e+01   1.109654e+00        2.621590e+01  1.263600e+01  5.226953e+00  4.068000e+00  7.952258e-01  -240                 963                 1.0156  rate trigger                 Yes                                   -2.248
GRB130420A  553977      388135720.0    2013-04-20T07:28:29.538420  1.961202e+02  5.942215e+01   6.189234e-01        6.036427e+01  1.211360e+02  1.174938e+01  2.808000e+01  2.067632e+00  -239                 963                 0.8672  image trigger                Yes                                   37.312
GRB130419A  553918      388071040.0    2013-04-19T13:30:29.541280  3.552693e+02  9.916656e+00   2.428268e+00        8.564356e+00  8.558400e+01  4.915265e+01  2.586400e+01  1.995138e+01  -239                 963                 0.8281  image trigger                No                                    35.852
GRB130418A  553847      388004464.0    2013-04-18T19:00:53.544240  1.490462e+02  1.367352e+01   1.907462e+00        1.209114e+01  2.749240e+02  3.931953e+01  1.429200e+02  3.042475e+01  -239                 963                 0.8984  image trigger                Yes                                   -36.42
GRB130408A  553132      387150709.248  2013-04-08T21:51:38.829980  1.343948e+02  -3.236227e+01  2.173411e+00        1.003430e+01  4.240000e+00  6.807055e-01  2.224000e+00  9.110170e-01  -239                 963                 0.0312  rate trigger                 Yes                                   0.448
GRB130327A  552063      386041664.384  2013-03-27T01:47:34.014540  9.197896e+01  5.572851e+01   2.177338e+00        1.000846e+01  6.372000e+00  1.408036e+00  2.492000e+00  1.732398e+00  -239                 963                 0.6172  rate trigger                 Yes                                   -1.892
GRB130315A  551126      385044343.296  2013-03-15T12:45:32.970220  1.575419e+02  -5.179530e+01  1.338225e+00        2.006145e+01  2.305080e+02  1.796899e+01  1.389400e+02  9.951733e+00  -239                 963                 0.4219  rate trigger                 Yes                                   7.636
GRB130313A  550906      384883701.376  2013-03-13T16:08:11.057240  2.364376e+02  -3.606991e-01  2.391804e+00        8.751485e+00  1.719999e-01  3.577708e-02  8.399993e-02  3.939543e-02  -239                 963                 0.8281  rate trigger                 Yes                                   0.02
GRB130306A  550457      384306672.0    2013-03-06T23:51:01.706560  2.794751e+02  -1.168162e+01  1.628660e+00        1.515318e+01  2.723800e+02  9.340315e+00  7.027200e+01  7.792034e+00  -239                 963                 0.1162  image trigger                Yes                                   -154.708
GRB130305A  550329      384176361.6    2013-03-05T11:39:11.312     1.167666e+02  5.202800e+01   1.863656e+00        1.250082e+01  5.280000e+01  1.600000e+00  3.200000e+01  1.600000e+00  1                    12                  0.0183  ground detected              Yes                                   1.6
GRB130216B  548918      382733900.8    2013-02-16T18:58:10.575     5.886600e+01  2.036030e+00   1.419687e+00        1.843984e+01  1.760000e+01  1.600000e+00  9.600000e+00  1.600000e+00  0                    10                  0.0781  ground detected              No                                    0.0
GRB130216A  548927      382745734.848  2013-02-16T22:15:24.622820  6.790083e+01  1.466931e+01   6.463480e-01        5.673886e+01  6.520000e+00  1.086212e+00  3.700000e+00  1.735281e-01  -240                 962                 0.5469  rate trigger                 No                                    -3.268
GRB130215A  548760      382584700.416  2013-02-15T01:31:30.197800  4.348183e+01  1.339063e+01   1.501663e+00        1.701656e+01  6.622400e+01  1.066485e+01  2.806400e+01  7.666204e+00  -239                 963                 0.0840  rate trigger                 No                                    -3.08
GRB130211A  548276      382246602.368  2013-02-11T03:36:32.164500  1.475182e+02  -4.233152e+01  2.158570e+00        1.013300e+01  3.075200e+01  6.354980e+00  9.544000e+00  6.727057e+00  -239                 963                 0.4062  rate trigger                 Yes                                   -1.424
GRB130206A  547918      381872198.784  2013-02-06T19:36:28.596780  1.403770e+02  -5.819948e+01  1.545464e+00        1.633180e+01  1.210000e+02  3.238827e+01  4.500000e+01  7.211103e+00  -240                 962                 0.5234  rate trigger                 Yes                                   -4.784
GRB130131B  547420      381352219.072  2013-01-31T19:10:08.907360  1.739579e+02  1.503138e+01   1.713455e+00        1.409336e+01  4.300000e+00  2.574024e-01  2.800000e+00  8.727153e-01  -239                 963                 0.5156  rate trigger                 Yes                                   -0.068
GRB130131A  547407      381333392.192  2013-01-31T13:56:22.028180  1.710927e+02  4.807558e+01   2.205017e+00        9.829463e+00  5.152400e+01  2.512194e+00  4.542000e+01  2.644194e+00  -239                 963                 0.9766  rate trigger                 Yes                                   -0.296
GRB130122A  546731      380591059.584  2013-01-22T23:44:09.452440  1.942387e+02  5.901354e+01   1.979490e+00        1.146756e+01  7.654400e+01  2.077052e+01  3.198400e+01  1.237222e+01  -240                 963                 0.8906  rate trigger                 Yes                                   1.856
GRB130102A  544784      378843064.0    2013-01-02T18:10:53.944400  3.114158e+02  4.982944e+01   2.291522e+00        9.303694e+00  1.327800e+02  1.777114e+01  7.138800e+01  4.413824e+01  -239                 963                 0.9922  image trigger                Yes                                   22.34
GRB121229A  544347      378450032.0    2012-12-29T05:00:21.961480  1.901000e+02  -5.059390e+01  2.702021e+00        7.353209e+00  1.114600e+02  4.132595e+01  5.600400e+01  3.508428e+01  -239                 963                 0.3945  image trigger                Yes                                   -48.92
GRB121226A  544027      378241793.92   2012-12-26T19:09:43.890520  1.686199e+02  -3.041297e+01  1.962703e+00        1.160793e+01  1.012000e+00  2.032142e-01  5.079999e-01  1.397140e-01  -240                 962                 0.3594  rate trigger                 Yes                                   -0.304
GRB121217A  542441      377421477.888  2012-12-17T07:17:47.893900  1.537097e+02  -6.235474e+01  8.547111e-01        3.806443e+01  7.780920e+02  1.613797e+01  1.280160e+02  3.225622e+02  -240                 962                 0.9922  rate trigger                 Yes                                   -11.632
GRB121212A  541371      376988183.36   2012-12-12T06:56:13.384600  1.777715e+02  7.804634e+01   2.030595e+00        1.105749e+01  6.056000e+00  1.380598e+00  3.712000e+00  9.042677e-01  -239                 963                 1.0000  rate trigger                 Yes                                   0.052
GRB121211A  541200      376926432.768  2012-12-11T13:47:02.795260  1.955440e+02  3.016100e+01   2.501858e+00        8.207833e+00  1.826960e+02  3.873146e+01  4.762800e+01  2.389801e+01  -240                 962                 0.2285  rate trigger                 Yes                                   1.0
GRB121209A  540964      376783161.344  2012-12-09T21:59:11.377440  3.267949e+02  -8.250180e+00  1.460723e+00        1.770196e+01  4.292000e+01  1.432201e+00  1.384000e+01  1.714694e+00  -239                 603                 0.6094  rate trigger                 Yes                                   -0.02
GRB121202A  540255      376114814.976  2012-12-02T04:20:05.038260  2.567957e+02  2.394496e+01   1.097154e+00        2.664363e+01  1.953600e+01  1.492265e+00  1.016000e+01  1.314449e+00  -240                 902                 0.7031  rate trigger                 Yes                                   -1.336
GRB121201A  540178      376057552.0    2012-12-01T12:25:42.064740  1.349577e+01  -4.293496e+01  1.596954e+00        1.558478e+01  3.800000e+01  8.246211e+00  2.000000e+01  4.123106e+00  -239                 963                 1.0000  image trigger                Yes                                   -23.0
GRB121128A  539866      375771947.136  2012-11-28T05:05:37.212960  3.005885e+02  5.429973e+01   6.668584e-01        5.426239e+01  2.342800e+01  1.649514e+00  7.392000e+00  4.475712e-01  -239                 963                 0.8828  rate trigger                 Yes                                   13.092
GRB121125A  539563      375525157.184  2012-11-25T08:32:27.271500  2.285290e+02  5.531836e+01   1.150289e+00        2.490296e+01  5.225200e+01  5.037520e+00  2.462800e+01  1.302705e+00  -396                 963                 0.8047  rate trigger                 Yes                                   0.392
GRB121123A  539358      375357771.2    2012-11-23T10:02:41.294660  3.073238e+02  -1.187937e+01  1.861463e+00        1.252023e+01  3.260920e+02  1.429083e+01  6.198000e+01  2.936787e+00  -179                 963                 0.8203  rate trigger                 Yes                                   42.652
GRB121117A  538696      374835066.88   2012-11-17T08:50:56.996980  3.161867e+01  7.428952e+00   1.042062e+00        2.867849e+01  2.330000e+01  2.897719e+00  8.400000e+00  1.371733e+00  -240                 302                 1.0156  rate trigger                 Yes                                   -1.42
GRB121108A  537921      374089668.928  2012-11-08T17:47:39.076820  8.323217e+01  5.452931e+01   2.373893e+00        8.845967e+00  8.954800e+01  4.753646e+01  2.649600e+01  9.243779e+00  -240                 962                 0.9062  rate trigger                 Yes                                   0.944
GRB121102A  537266      373516032.512  2012-11-02T02:27:02.685320  2.708946e+02  -1.695077e+01  6.911270e-01        5.156101e+01  5.468000e+01  1.393574e+01  1.168000e+01  1.934698e+00  -240                 963                 1.0312  rate trigger                 Yes                                   1.62
GRB121031A  537195      373416640.512  2012-10-31T22:50:30.689560  1.707761e+02  -3.517216e+00  9.702869e-01        3.175648e+01  2.262000e+02  1.938332e+01  1.958000e+02  1.582671e+00  -240                 963                 1.0156  rate trigger                 Yes                                   -198.368
GRB121028A  536897      373093481.728  2012-10-28T05:04:31.919360  2.718991e+02  -2.293041e+00  1.479368e+00        1.738410e+01  2.876000e+00  3.705995e-01  1.592000e+00  1.644384e-01  -240                 962                 0.5078  rate trigger                 Yes                                   -0.596
GRB121027A  536831      373015959.552  2012-10-27T07:32:29.746680  6.359520e+01  -5.883345e+01  9.083375e-01        3.489516e+01  8.008800e+01  4.075690e+01  3.992400e+01  6.522945e+00  -240                 963                 0.8047  rate trigger                 Yes                                   -4.548
GRB121024A  536580      372740182.272  2012-10-24T02:56:12.478460  7.048270e+01  -1.225522e+01  1.668466e+00        1.463937e+01  6.796800e+01  3.172367e+01  1.177600e+01  1.508124e+01  -239                 963                 0.5000  rate trigger                 Yes                                   -7.336
GRB121017A  536172      372194617.856  2012-10-17T19:23:28.085580  2.888199e+02  -1.593534e+00  1.619639e+00        1.527388e+01  4.608000e+00  5.840719e-01  1.884000e+00  7.785628e-01  -240                 542                 0.3516  rate trigger                 Yes                                   -2.304
GRB121014A  535960      371938326.208  2012-10-14T20:11:56.448420  1.666503e+02  -2.910866e+01  1.595484e+00        1.560530e+01  8.000000e+01  2.262742e+01  3.200000e+01  1.600000e+01  -239                 963                 0.7266  rate trigger                 No                                    -15.208
GRB121011A  535764      371646940.16   2012-10-11T11:15:30.412760  2.602015e+02  4.111942e+01   1.681177e+00        1.448150e+01  9.723600e+01  1.716797e+01  4.362400e+01  1.160506e+01  -239                 963                 0.3281  rate trigger                 Yes                                   -4.572
GRB121001A  535026      370808592.0    2012-10-01T18:23:02.288260  2.760327e+02  -5.667461e+00  1.512960e+00        1.683535e+01  1.478240e+02  1.860492e+01  6.173600e+01  2.446511e+01  -239                 963                 1.0000  image trigger                Yes                                   -22.788
GRB120927A  534815      370478456.0    2012-09-27T22:40:46.302240  1.366054e+02  4.205493e-01   8.549759e-01        3.804759e+01  3.505600e+01  1.561516e+01  1.548800e+01  1.530941e+00  -239                 963                 0.6484  image trigger                Yes                                   -14.772
GRB120923A  534402      370070175.936  2012-09-23T05:16:06.255520  3.037845e+02  6.255684e+00   1.996408e+00        1.132898e+01  2.607600e+01  6.823564e+00  1.472800e+01  4.801973e+00  -240                 962                 0.7969  rate trigger                 Yes                                   -1.264
GRB120922A  534394      370045838.336  2012-09-22T22:30:28.656560  2.347591e+02  -2.018190e+01  1.209570e+00        2.317789e+01  1.682240e+02  2.923869e+01  9.470400e+01  4.322862e+00  -239                 963                 0.3398  rate trigger                 Yes                                   -14.424
GRB120918A  534015      369659780.288  2012-09-18T11:16:10.624900  1.810423e+02  -3.276231e+01  1.138334e+00        2.527745e+01  2.509600e+01  2.469170e+00  8.096000e+00  7.996224e-01  -239                 963                 0.1562  rate trigger                 No                                    -1.852
GRB120913B  533613      369273367.744  2012-09-13T23:55:58.097160  2.136591e+02  -1.450783e+01  6.140214e-01        6.105389e+01  1.225880e+02  4.456214e+00  5.418000e+01  1.882857e+00  -240                 302                 0.5938  rate trigger                 No                                    -31.068
GRB120913A  533568      369260311.552  2012-09-13T20:18:21.905720  1.464004e+02  2.695945e+01   1.244545e+00        2.225303e+01  3.604400e+01  5.679292e+00  5.560000e+00  1.345871e+01  -240                 962                 0.7031  rate trigger                 No                                    0.452
GRB120911A  533268      369040123.392  2012-09-11T07:08:33.754960  3.579665e+02  6.309012e+01   1.586172e+00        1.573634e+01  2.146800e+01  3.847558e+00  5.780000e+00  7.844002e+00  -239                 963                 0.2363  rate trigger                 Yes                                   -1.128
GRB120909A  533060      368847732.864  2012-09-09T01:42:03.235040  2.757252e+02  -5.943898e+01  2.086418e+00        1.063728e+01  2.205960e+02  3.049668e+02  1.145040e+02  3.634044e+02  -61                  962                 0.4883  rate trigger                 Yes                                   253.228
GRB120907A  532871      368670272.704  2012-09-07T00:24:23.082500  7.475103e+01  -9.318345e+00  1.810541e+00        1.302629e+01  6.080000e+00  7.846528e-01  2.656000e+00  1.578354e+00  -240                 962                 0.2129  rate trigger                 Yes                                   0.12
GRB120819A  531428      367074624.0    2012-08-19T13:10:14.445520  2.358799e+02  -7.298817e+00  2.236344e+00        9.633353e+00  7.102000e+01  1.733262e+01  2.775600e+01  1.501924e+01  -239                 963                 0.3086  image trigger                Yes                                   5.664
GRB120817B  531259      366868959.252  2012-08-17T04:02:29.706     8.310000e+00  -2.642800e+01  2.434070e+00        8.536324e+00  7.200000e-02  N/A           2.400000e-02  N/A           0                    3                   0.0518  ground detected              No                                    0.008
GRB120817A  531267      366878992.384  2012-08-17T06:49:42.837740  2.506950e+02  -3.837518e+01  1.468536e+00        1.756757e+01  2.820800e+01  6.664192e+00  1.193600e+01  1.312390e+00  -239                 423                 0.8594  rate trigger                 Yes                                   -1.528
GRB120816A  531223      366837524.288  2012-08-16T19:18:34.743480  2.821306e+02  -6.979001e+00  2.173310e+00        1.003497e+01  4.432000e+00  9.769176e-01  2.272000e+00  6.791995e-01  -239                 963                 0.0928  rate trigger                 Yes                                   0.568
GRB120815A  531003      366689648.32   2012-08-15T02:13:58.781640  2.739765e+02  -5.212431e+01  1.791041e+00        1.322937e+01  7.232000e+00  2.516761e+00  4.300000e+00  1.547168e+00  -239                 963                 0.2852  rate trigger                 Yes                                   -0.008
GRB120811C  530689      366392101.696  2012-08-11T15:34:52.170040  1.996916e+02  6.229709e+01   5.578332e-01        7.002531e+01  2.434400e+01  3.055921e+00  7.072000e+00  4.956289e-01  -601                 962                 0.8906  rate trigger                 Yes                                   -4.012
GRB120811A  530581      366345328.448  2012-08-11T02:35:18.923980  2.571795e+02  -2.272337e+01  1.377916e+00        1.924104e+01  2.900800e+01  4.938826e+00  1.017600e+01  2.174647e+00  -239                 963                 0.9844  rate trigger                 Yes                                   -11.576
GRB120807A  530267      366016187.264  2012-08-07T07:09:37.753700  2.412902e+02  -4.746019e+01  2.025855e+00        1.109447e+01  1.988400e+01  5.762541e+00  7.632000e+00  5.386877e+00  -239                 963                 0.8906  rate trigger                 Yes                                   0.792
GRB120805A  530031      365894899.392  2012-08-05T21:28:09.886740  2.165359e+02  5.852461e+00   2.123477e+00        1.037308e+01  4.800000e+01  2.262742e+01  3.200000e+01  1.600000e+01  -797                 363                 0.3789  rate trigger                 Yes                                   -13.392
GRB120804A  529686      365734463.936  2012-08-04T00:54:14.437420  2.339504e+02  -2.876820e+01  1.011810e+00        2.991120e+01  8.080000e-01  8.323456e-02  3.519999e-01  2.828429e-02  -240                 962                 0.2402  rate trigger                 Yes                                   -0.08
GRB120803B  529606      365684776.448  2012-08-03T11:06:06.951500  3.142204e+02  5.329528e+01   8.418512e-01        3.889780e+01  3.901200e+01  7.256395e+00  1.237600e+01  1.787517e+00  -675                 903                 0.5859  rate trigger                 Yes                                   -0.144
GRB120803A  529582      365671345.6    2012-08-03T07:22:16.104060  2.695229e+02  -6.726955e+00  2.247552e+00        9.564801e+00  8.888000e+00  2.295485e+00  4.224000e+00  1.742242e+00  -240                 962                 0.5469  rate trigger                 No                                    1.652
GRB120802A  529486      365587261.12   2012-08-02T08:00:51.627560  4.483265e+01  1.376200e+01   1.133824e+00        2.542120e+01  5.028800e+01  3.103504e+01  7.648000e+00  9.670409e-01  -239                 963                 0.5625  rate trigger                 Yes                                   -31.6
GRB120729A  529095      365252183.552  2012-07-29T10:56:14.073500  1.307893e+01  4.993765e+01   7.199956e-01        4.863320e+01  9.392800e+01  3.663556e+01  2.482400e+01  4.446597e+00  -240                 962                 0.7656  rate trigger                 Yes                                   -1.392
GRB120728A  529021      365207120.512  2012-07-28T22:25:11.035380  1.370875e+02  -5.443642e+01  1.382974e+00        1.914059e+01  2.097600e+01  2.059219e+00  1.028800e+01  1.712075e+00  -800                 963                 0.1348  rate trigger                 Yes                                   1.24
GRB120724A  528443      364804752.32   2012-07-24T06:39:02.860140  2.451941e+02  3.538267e+00   2.139697e+00        1.026093e+01  7.792400e+01  1.862399e+01  3.621200e+01  1.816692e+01  -239                 963                 0.5000  rate trigger                 Yes                                   -16.712
GRB120722A  528195      364654416.0    2012-07-22T12:53:26.546400  2.304910e+02  1.325030e+01   2.299639e+00        9.258030e+00  3.632000e+01  6.444982e+00  1.963200e+01  3.976024e+00  -239                 963                 0.1582  image trigger                Yes                                   -4.12
GRB120714B  526642      363993536.0    2012-07-14T21:18:46.573920  3.554236e+02  -4.619577e+01  1.731904e+00        1.387938e+01  1.573120e+02  2.398630e+01  6.952400e+01  3.669182e+01  -835                 963                 0.9297  image trigger                Yes                                   -14.808
GRB120714A  526593      363944816.192  2012-07-14T07:46:46.767960  1.679811e+02  -3.063469e+01  1.516102e+00        1.678552e+01  2.000000e+01  4.472136e+00  8.000000e+00  3.162278e+00  -239                 963                 0.4023  rate trigger                 Yes                                   -0.192
GRB120712A  526351      363793356.8    2012-07-12T13:42:27.382260  1.695983e+02  -2.005080e+01  9.059396e-01        3.502718e+01  1.480800e+01  3.236215e+00  6.892000e+00  5.291049e-01  -240                 962                 0.5547  rate trigger                 Yes                                   -2.448
GRB120711B  526270      363669072.0    2012-07-11T03:11:02.587440  3.316680e+02  6.001960e+01   2.781476e+00        7.054987e+00  6.009600e+01  2.014455e+01  2.387200e+01  2.105444e+01  -179                 963                 0.8047  image trigger                Yes                                   -11.064
GRB120703A  525671      363029131.584  2012-07-03T17:25:22.198180  3.393530e+02  -2.972363e+01  8.200899e-01        4.038066e+01  5.170400e+01  2.139616e+01  3.932000e+00  8.067714e-01  -240                 962                 0.5078  rate trigger                 Yes                                   -31.304
GRB120701A  525477      362821850.944  2012-07-01T07:50:41.566840  8.033475e+01  -5.853190e+01  1.230250e+00        2.262333e+01  1.416000e+01  6.541070e-01  7.996000e+00  1.371996e+00  -240                 962                 0.6094  rate trigger                 Yes                                   0.468
GRB120630A  525451      362791062.144  2012-06-30T23:17:33.768120  3.523016e+02  4.249463e+01   2.725486e+00        7.261989e+00  5.959999e-01  2.099142e-01  2.480000e-01  1.882233e-01  -239                 963                 0.6562  rate trigger                 Yes                                   -0.012
GRB120624B  525068      362269182.016  2012-06-24T22:19:33.661820  1.708828e+02  8.931463e+00   4.839995e-01        8.577088e+01  1.796640e+02  1.460022e+00  1.281440e+02  1.463699e+00  -239                 963                 0.8672  rate trigger                 No                                    7.164
GRB120612A  524128      361159528.0    2012-06-12T02:05:19.691840  1.267228e+02  -1.759800e+01  1.696754e+00        1.429195e+01  9.028400e+01  1.358858e+01  4.066400e+01  1.019643e+01  -239                 963                 0.6719  image trigger                Yes                                   22.824
GRB120521C  522656      359335335.936  2012-05-21T23:22:07.703120  2.142842e+02  4.214432e+01   9.993598e-01        3.044498e+01  2.706800e+01  4.335780e+00  1.046400e+01  1.244161e+00  -240                 962                 0.6797  rate trigger                 Yes                                   -0.312
GRB120521B  522586      359284077.056  2012-05-21T09:07:48.825220  1.970118e+02  -5.275715e+01  1.538628e+00        1.643556e+01  1.468320e+02  2.794449e+01  5.545600e+01  2.414459e+01  -239                 963                 0.3555  rate trigger                 Yes                                   3.392
GRB120521A  522578      359272791.168  2012-05-21T05:59:42.937680  1.486869e+02  -4.942440e+01  1.753494e+00        1.363589e+01  5.120000e-01  1.431084e-01  2.560000e-01  6.400001e-02  -812                 963                 1.0000  rate trigger                 Yes                                   -0.008
GRB120514A  522197      358650778.112  2012-05-14T01:12:49.907220  2.830009e+02  -4.257648e+00  1.119096e+00        2.590047e+01  1.643440e+02  5.842773e+00  6.025600e+01  6.011750e+00  -239                 963                 0.6172  rate trigger                 Yes                                   -6.464
GRB120422A  520658      356771531.776  2012-04-22T07:12:03.648220  1.369290e+02  1.400640e+01   2.148501e+00        1.020225e+01  6.035200e+01  5.727911e+00  4.960000e+01  3.690154e+01  -240                 962                 0.6875  rate trigger                 Yes                                   1.184
GRB120404A  519380      355236670.464  2012-04-04T12:51:02.398680  2.350014e+02  1.288237e+01   1.236570e+00        2.245832e+01  3.872400e+01  4.091992e+00  1.748800e+01  2.876879e+00  -239                 963                 0.4922  rate trigger                 Yes                                   -4.424
GRB120403B  519256      355178044.544  2012-04-03T20:33:56.481060  5.430700e+01  -8.902917e+01  2.440721e+00        8.501998e+00  7.284000e+00  1.919334e+00  2.272000e+00  2.147241e+00  -240                 963                 0.4766  rate trigger                 Yes                                   -2.6
GRB120403A  519211      355107931.648  2012-04-03T01:05:23.587920  4.246669e+01  4.049727e+01   2.334010e+00        9.062693e+00  1.396000e+00  2.253974e-01  7.839999e-01  2.841126e-01  -240                 962                 0.5078  rate trigger                 No                                    0.044
GRB120401A  519043      354950664.0    2012-04-01T05:24:15.946360  5.805991e+01  -1.766041e+01  2.453362e+00        8.439489e+00  1.302720e+02  2.422921e+01  6.102800e+01  1.623749e+01  -239                 963                 1.0156  image trigger                Yes                                   -87.16
GRB120328A  518792      354596787.072  2012-03-28T03:06:19.032840  2.416070e+02  -3.932215e+01  1.769553e+00        1.345945e+01  2.992800e+01  6.665064e+00  1.233600e+01  2.934316e+00  -239                 963                 1.0156  rate trigger                 Yes                                   -15.9
GRB120327A  518731      354509724.672  2012-03-27T02:55:16.636400  2.468536e+02  -2.941597e+01  1.130541e+00        2.552672e+01  6.353200e+01  7.028584e+00  2.332000e+01  3.651809e+00  -240                 962                 0.7656  rate trigger                 Yes                                   -6.992
GRB120326A  518626      354417637.312  2012-03-26T01:20:29.280140  2.739026e+02  6.924807e+01   8.346759e-01        3.937637e+01  6.948000e+01  8.179648e+00  5.220000e+00  4.343087e-01  -239                 963                 0.9141  rate trigger                 Yes                                   -55.232
GRB120324A  518507      354261559.36   2012-03-24T05:59:11.334480  2.910805e+02  2.413972e+01   1.099687e+00        2.655600e+01  1.184240e+02  1.001002e+01  3.083200e+01  7.195109e-01  -239                 963                 0.8203  rate trigger                 Yes                                   -42.168
GRB120320A  518200      353937383.616  2012-03-20T11:56:15.603640  2.125166e+02  8.681522e+00   1.609490e+00        1.541166e+01  2.497600e+01  3.545387e+00  1.693600e+01  2.802288e+00  -240                 963                 0.6016  rate trigger                 Yes                                   0.848
GRB120312A  517566      353261196.736  2012-03-12T16:06:28.751080  2.518117e+02  2.388229e+01   2.055131e+00        1.086938e+01  1.415600e+01  4.165170e+00  5.928000e+00  2.980299e+00  -240                 962                 0.3594  rate trigger                 Yes                                   0.016
GRB120311B  517489      353171298.816  2012-03-11T15:08:10.834740  2.585514e+02  -1.306276e+01  1.279209e+00        2.139661e+01  2.968800e+01  6.023572e+00  1.250800e+01  1.379310e+00  -240                 482                 0.6250  rate trigger                 Yes                                   -9.872
GRB120311A  517469      353136826.304  2012-03-11T05:33:38.324140  2.730751e+02  1.429655e+01   1.124715e+00        2.571584e+01  3.480000e+00  8.197951e-01  8.160000e-01  1.379275e-01  -239                 963                 0.7188  rate trigger                 Yes                                   -0.952
GRB120308A  517234      352880026.624  2012-03-08T06:13:38.654560  2.191227e+02  7.967773e+01   1.314555e+00        2.057947e+01  6.125600e+01  1.681484e+01  2.311600e+01  3.684876e+00  -240                 962                 0.9766  rate trigger                 Yes                                   -19.464
GRB120305A  516997      352669058.068  2012-03-05T19:37:30.107140  4.754896e+01  2.849479e+01   9.276858e-01        3.386012e+01  9.999990e-02  1.200002e-02  2.799994e-02  5.656866e-03  -817                 663                 0.9219  rate trigger                 Yes                                   0.004
GRB120302A  516694      352346140.8    2012-03-02T01:55:32.852     1.224260e+02  2.964200e+01   2.693971e+00        7.384621e+00  4.960000e+01  1.600000e+00  2.720000e+01  1.600000e+00  -2                   8                   0.2539  ground detected              Yes                                   1.6
GRB120229A  516571      352218919.104  2012-02-29T14:35:11.161400  2.004080e+01  -3.579844e+01  1.867351e+00        1.246387e+01  2.359999e-01  3.687817e-02  1.679999e-01  1.999999e-02  -239                 963                 0.8594  rate trigger                 No                                    0.016
GRB120224A  515976      351751204.416  2012-02-24T04:39:56.492380  4.093525e+01  -1.778058e+01  2.366747e+00        8.884150e+00  7.000000e+00  2.236068e+00  4.000000e+00  1.000000e+00  -663                 963                 0.2969  rate trigger                 Yes                                   -1.416
GRB120219A  515375      351354616.0    2012-02-19T14:30:08.092340  1.298432e+02  5.101547e+01   2.127319e+00        1.034632e+01  9.252800e+01  1.092266e+01  6.137200e+01  1.054874e+01  -795                 963                 0.7734  image trigger                Yes                                   -8.736
GRB120218A  515277      351218970.048  2012-02-18T00:49:22.145800  3.197669e+02  -2.546256e+01  1.515785e+00        1.679055e+01  3.137600e+01  2.297226e+00  1.862400e+01  3.455231e+00  -239                 963                 0.0464  rate trigger                 No                                    -24.328
GRB120215A  515015      350959283.2    2012-02-15T00:41:15.308260  3.005303e+01  8.801951e+00   1.789621e+00        1.324437e+01  7.924000e+00  1.198361e+00  2.988000e+00  1.240867e+00  -239                 963                 0.8438  rate trigger                 Yes                                   0.364
GRB120213A  514767      350785647.424  2012-02-13T00:27:19.539260  3.009915e+02  6.541338e+01   6.789403e-01        5.288822e+01  4.102800e+01  1.277639e+01  1.539200e+01  1.420563e+00  -239                 963                 1.0156  rate trigger                 Yes                                   -3.432
GRB120212A  514709      350730690.624  2012-02-12T09:11:22.741460  4.308660e+01  -1.803746e+01  1.632212e+00        1.510608e+01  5.000000e+00  2.236068e+00  2.000000e+00  1.414214e+00  -240                 962                 0.2266  rate trigger                 Yes                                   -0.624
GRB120211A  514586      350654315.968  2012-02-11T11:58:28.088540  8.777975e+01  -2.479116e+01  2.089839e+00        1.061242e+01  6.432000e+01  8.832058e+00  3.302400e+01  1.841655e+01  -695                 962                 0.6406  rate trigger                 Yes                                   -0.376
GRB120121A  512164      348831747.072  2012-01-21T09:42:19.266000  2.493631e+02  -2.396052e+01  1.387655e+00        1.904843e+01  2.680000e+01  3.419168e+00  1.149200e+01  2.614900e+00  -239                 1844                0.7031  rate trigger                 Yes                                   -9.628
GRB120119A  512035      348638678.016  2012-01-19T04:04:30.217780  1.200290e+02  -9.076593e+00  4.440628e-01        9.699945e+01  6.800000e+01  7.071068e+00  1.800000e+01  1.000000e+00  -239                 423                 1.0156  rate trigger                 Yes                                   -1.016
GRB120118B  512003      348598828.992  2012-01-18T17:00:21.195400  1.248656e+02  -7.182476e+00  1.165873e+00        2.442881e+01  2.030400e+01  2.695277e+00  9.484000e+00  1.350206e+00  -240                 962                 0.4023  rate trigger                 Yes                                   1.192
GRB120116A  511866      348429995.84   2012-01-16T18:06:28.050200  1.624524e+01  3.392552e+01   6.989145e-01        5.074226e+01  3.804400e+01  4.148432e+00  1.137200e+01  5.243816e-01  -240                 962                 0.8594  rate trigger                 Yes                                   -17.944
GRB120114A  511739      348250808.0    2012-01-14T16:20:00.217     3.179299e+02  5.702867e+01   2.053371e+00        1.088412e+01  4.800000e+01  1.600000e+00  2.720000e+01  1.600000e+00  -2                   8                   0.1426  ground detected              No                                    1.6
GRB120106A  511235      347552192.0    2012-01-06T14:16:24.245280  6.613048e+01  6.404894e+01   1.267312e+00        2.168413e+01  6.350000e+01  4.620838e+00  9.520000e+00  4.323847e+01  -811                 1409                0.7500  rate trigger                 Yes                                   -5.344
GRB120102A  510922      347163362.752  2012-01-02T02:15:55.012820  2.762237e+02  2.471338e+01   6.195295e-01        6.027993e+01  3.870800e+01  3.507323e+00  4.868000e+00  4.040792e-01  -240                 962                 0.7891  rate trigger                 Yes                                   6.528
GRB111229A  510736      346891080.0    2011-12-29T22:37:52.271700  7.661168e+01  -8.470424e+01  2.743200e+00        7.195090e+00  2.537200e+01  5.584181e+00  1.698000e+01  3.981319e+00  -239                 963                 0.7812  rate trigger                 Yes                                   -0.46
GRB111228A  510649      346779891.328  2011-12-28T15:44:43.604140  1.500634e+02  1.828399e+01   1.364535e+00        1.951116e+01  1.012440e+02  5.448429e+00  4.712000e+01  6.212890e-01  -239                 963                 0.3984  rate trigger                 Yes                                   0.86
GRB111225A  510341      346477845.504  2011-12-25T03:50:37.792220  1.315102e+01  5.157054e+01   1.290702e+00        2.112494e+01  1.057280e+02  2.617938e+01  4.387200e+01  1.281017e+01  -240                 963                 0.9375  rate trigger                 Yes                                   -7.216
GRB111215A  509717      345650656.0    2011-12-15T14:04:08.321280  3.495480e+02  3.247560e+01   2.452350e+00        8.445566e+00  3.738200e+02  9.322025e+01  1.549800e+02  1.104617e+02  -239                 963                 0.4648  image trigger                Yes                                   7.604
GRB111212A  509543      345374594.752  2011-12-12T09:23:07.084300  3.104417e+02  -6.858488e+01  1.754206e+00        1.362799e+01  5.630400e+01  9.350303e+00  2.537600e+01  7.660859e+00  -240                 962                 0.3594  rate trigger                 Yes                                   -1.768
GRB111210A  509419      345220630.848  2011-12-10T14:37:03.186460  1.914943e+02  -7.175156e+00  1.702848e+00        1.421894e+01  2.516000e+00  1.320606e-01  2.116000e+00  8.653327e-02  -240                 962                 1.0000  rate trigger                 Yes                                   -2.224
GRB111209A  509337      345107960.0    2011-12-09T07:19:12.342960  1.434991e+01  -4.679911e+01  4.792931e-01        8.697659e+01  8.109680e+02  5.210948e+01  2.432760e+02  1.685829e+01  -239                 963                 1.0156  image trigger                Yes                                   23.144
GRB111208A  509285      345025696.0    2011-12-08T08:28:08.346     2.902176e+02  4.067527e+01   2.384014e+00        8.793518e+00  1.680000e+02  1.600000e+00  9.280000e+01  1.600000e+00  4                    14                  0.0674  ground detected              Yes                                   8.0
GRB111207A  509245      344960220.8    2011-12-07T14:16:53.149     9.291712e+01  -3.950955e+01  2.406452e+00        8.676621e+00  1.600000e+01  1.600000e+00  9.600000e+00  1.600000e+00  1                    11                  1.0000  ground detected              No                                    0.0
GRB111204A  509018      344698656.0    2011-12-04T13:37:28.359180  3.366572e+02  -3.141474e+01  2.236975e+00        9.629472e+00  4.800000e+01  2.262742e+01  3.200000e+01  1.600000e+01  -815                 963                 0.7500  image trigger                Yes                                   33.0
GRB111201A  508800      344442169.6    2011-12-01T14:22:41.969     1.904864e+02  3.299368e+01   1.947416e+00        1.173985e+01  2.080000e+01  1.600000e+00  1.120000e+01  1.600000e+00  -1                   9                   0.2812  ground detected              Yes                                   0.0
GRB111129A  508712      344276301.952  2011-11-29T16:18:14.327920  3.074205e+02  -5.271917e+01  2.117215e+00        1.041693e+01  8.476000e+00  1.277693e+00  5.596000e+00  1.318484e+00  -621                 962                 0.6172  rate trigger                 Yes                                   -6.064
GRB111126A  48079001    344026670.796  2011-11-26T18:57:43.182     2.760295e+02  5.146837e+01   2.472716e+00        8.346373e+00  6.719999e-01  3.939543e-02  5.519999e-01  3.360476e-01  -1190                99                  N/A     ground detected during slew  No                                    0.008
GRB111123A  508319      343764808.704  2011-11-23T18:13:21.100200  1.548454e+02  -2.063885e+01  1.122674e+00        2.578264e+01  2.900000e+02  8.809086e+01  8.100000e+01  7.615773e+00  -240                 962                 0.8125  rate trigger                 Yes                                   3.296
GRB111121A  508161      343585592.232  2011-11-21T16:26:24.635300  1.547471e+02  -4.666956e+01  1.023305e+00        2.943237e+01  1.133320e+02  2.042031e+01  5.085600e+01  4.199758e+00  -239                 963                 0.6484  rate trigger                 Yes                                   -0.024
GRB111117A  507901      343224829.504  2011-11-17T12:13:41.921600  1.270596e+01  2.300997e+01   1.772133e+00        1.343147e+01  4.639999e-01  5.366561e-02  3.399999e-01  4.308127e-02  -240                 963                 0.5547  rate trigger                 Yes                                   0.036
GRB111109A  507342      342500273.6    2011-11-09T02:57:46.046320  1.182477e+02  -4.158894e+01  1.929087e+00        1.189797e+01  1.300000e+01  3.162278e+00  6.000000e+00  2.828427e+00  -240                 963                 0.9141  rate trigger                 Yes                                   -5.6
GRB111107A  507185      342319831.552  2011-11-07T00:50:24.005480  1.294852e+02  -6.651972e+01  1.157621e+00        2.467796e+01  3.107200e+01  7.152555e+00  1.108800e+01  2.669843e+00  -240                 963                 0.7188  rate trigger                 Yes                                   0.768
GRB111103B  506903      342010751.488  2011-11-03T10:59:03.953720  2.656909e+02  1.605117e+00   4.909945e-01        8.403059e+01  1.447760e+02  3.390184e+01  3.161600e+01  9.063421e-01  -239                 903                 0.9062  rate trigger                 Yes                                   0.096
GRB111103A  506902      342009321.024  2011-11-03T10:35:13.489780  3.271112e+02  -1.053232e+01  1.141706e+00        2.517085e+01  1.161600e+01  4.493195e-01  7.044000e+00  2.114139e+00  -239                 963                 0.3164  rate trigger                 No                                    -0.016
GRB111029A  506519      341574288.0    2011-10-29T09:44:40.483020  4.478447e+01  5.710394e+01   1.167630e+00        2.437632e+01  7.196000e+00  7.906478e-01  3.696000e+00  4.881475e-01  -239                 963                 0.7500  image trigger                Yes                                   21.196
GRB111026A  506291      341304456.512  2011-10-26T06:47:29.005720  2.442564e+02  -4.743866e+01  1.805340e+00        1.307994e+01  3.580000e+00  1.064218e+00  1.544000e+00  5.188448e-01  -240                 963                 1.0000  rate trigger                 No                                    0.012
GRB111022B  506074      340996392.0    2011-10-22T17:13:04.505940  1.089233e+02  4.965972e+01   2.107689e+00        1.048425e+01  8.302800e+01  1.296728e+01  4.395200e+01  1.610591e+01  -371                 963                 0.8203  image trigger                Yes                                   -29.444
GRB111022A  506070      340992432.448  2011-10-22T16:07:04.954100  2.758715e+02  -2.366705e+01  9.231475e-01        3.409817e+01  2.282000e+01  4.282616e+00  8.176000e+00  9.848938e-01  -239                 963                 0.6641  rate trigger                 Yes                                   -14.22
GRB111020A  505926      340785236.544  2011-10-20T06:33:49.058300  2.870265e+02  -3.803459e+01  2.049884e+00        1.090914e+01  3.840000e-01  9.329524e-02  1.760001e-01  4.525484e-02  -240                 963                 0.7422  rate trigger                 Yes                                   -0.008
GRB111018A  505801      340651592.0    2011-10-18T17:26:24.519600  2.714816e+02  -3.880165e+00  2.049475e+00        1.091226e+01  3.270800e+01  4.215587e+00  2.260400e+01  1.401177e+01  -239                 963                 0.8047  image trigger                Yes                                   -0.584
GRB111016A  505646      340483032.0    2011-10-16T18:37:04.526260  1.538310e+02  2.747219e+01   2.143563e+00        1.023450e+01  5.489960e+02  1.073738e+02  1.064200e+02  1.882951e+01  -851                 963                 0.6406  image trigger                Yes                                   46.508
GRB111008A  505054      339804785.728  2011-10-08T22:12:58.280940  6.043772e+01  -3.270782e+01  1.220952e+00        2.286985e+01  6.284800e+01  2.259477e+00  3.000000e+01  1.643260e+00  -240                 962                 0.0967  rate trigger                 Yes                                   -1.04
GRB111005A  504779      339494721.664  2011-10-05T08:05:14.229140  2.233108e+02  -1.972408e+01  2.164696e+00        1.009207e+01  2.321200e+01  5.061030e+00  1.028800e+01  4.482414e+00  -240                 962                 0.4258  rate trigger                 No                                    -5.724
GRB110928A  504215      338867499.2    2011-09-28T01:51:31.789800  2.577580e+02  3.655498e+01   2.193408e+00        9.903873e+00  2.088000e+01  4.534872e+00  1.309200e+01  6.510499e+00  -239                 963                 0.3750  rate trigger                 Yes                                   1.772
GRB110921A  503652      338305887.552  2011-09-21T13:51:20.163880  2.940939e+02  3.635758e+01   1.560792e+00        1.610316e+01  3.254800e+01  4.442038e+00  1.584400e+01  6.344053e+00  -627                 962                 0.1562  rate trigger                 Yes                                   -20.264
GRB110915A  503219      337785651.776  2011-09-15T13:20:44.408340  3.108277e+02  -7.160672e-01  1.237533e+00        2.243335e+01  7.956800e+01  2.982415e+00  5.697600e+01  8.963303e-01  -470                 962                 0.2578  rate trigger                 Yes                                   0.912
GRB110827A  501520      336096119.808  2011-08-27T00:01:52.506420  1.640563e+02  5.381247e+01   2.140096e+00        1.025820e+01  8.516000e+00  1.100605e+00  4.016000e+00  2.080681e+00  -419                 962                 1.0156  rate trigger                 No                                    -2.524
GRB110820A  501095      335554715.072  2011-08-20T17:38:27.791540  3.432186e+02  7.030828e+01   1.841746e+00        1.271214e+01  2.646160e+02  8.685691e+00  2.448440e+02  2.017243e+02  -239                 963                 0.9922  rate trigger                 Yes                                   -1.592
GRB110818A  500914      335392676.48   2011-08-18T20:37:49.205860  3.173749e+02  -6.398175e+01  1.391825e+00        1.896696e+01  1.028400e+02  1.800357e+01  3.824000e+01  4.924465e+00  -239                 963                 0.2930  rate trigger                 Yes                                   -4.224
GRB110808A  458918      334477141.44   2011-08-08T06:18:54.201560  5.731611e+01  -4.418749e+01  2.295247e+00        9.282133e+00  4.070400e+01  9.028595e+00  2.120000e+01  1.337135e+01  -471                 963                 0.7656  rate trigger                 Yes                                   0.64
GRB110801A  458521      333920990.208  2011-08-01T19:49:42.991200  8.941624e+01  8.095723e+01   1.084388e+00        2.709284e+01  3.852560e+02  8.934749e+00  3.323400e+02  7.412890e+00  -239                 1320                0.7812  rate trigger                 Yes                                   -11.7
GRB110731A  458448      333803377.664  2011-07-31T11:09:30.451760  2.805124e+02  -2.853621e+01  5.005841e-01        8.174041e+01  4.094400e+01  1.159240e+01  4.880000e+00  1.865905e-01  -240                 962                 0.9844  rate trigger                 Yes                                   -0.224
GRB110726A  458059      333336647.744  2011-07-26T01:30:40.549800  2.867130e+02  5.606972e+01   1.664269e+00        1.469213e+01  5.156000e+00  1.107307e+00  2.056000e+00  5.845647e-01  -240                 962                 1.0156  rate trigger                 Yes                                   -0.58
GRB110719A  457553      332748559.04   2011-07-19T06:09:11.868540  2.457803e+01  3.457529e+01   1.556765e+00        1.616270e+01  4.122800e+01  9.598508e+00  2.251600e+01  4.457017e+00  -239                 963                 0.3086  rate trigger                 Yes                                   -1.02
GRB110715A  457330      332428438.144  2011-07-15T13:13:50.984920  2.376658e+02  -4.623759e+01  4.502687e-01        9.509522e+01  1.300000e+01  4.000000e+00  2.000000e+00  1.000000e+00  -239                 963                 0.6953  rate trigger                 Yes                                   -0.144
GRB110709B  456967      331939966.976  2011-07-09T21:32:39.835840  1.646683e+02  -2.346989e+01  1.059269e+00        2.801531e+01  8.104720e+02  1.041164e+01  6.293920e+02  2.309040e+00  -240                 1548                0.5781  rate trigger                 Yes                                   0.108
GRB110709A  456939      331917876.288  2011-07-09T15:24:29.148680  2.388948e+02  4.091846e+01   5.185333e-01        7.772849e+01  4.432800e+01  5.420701e-01  2.744400e+01  2.291201e-01  -239                 963                 0.9141  rate trigger                 Yes                                   -0.564
GRB110625A  456073      330728915.52   2011-06-25T21:08:28.426680  2.867457e+02  6.757397e+00   1.208852e+00        2.319758e+01  4.250000e+01  8.889727e+00  1.290800e+01  1.256344e+00  -240                 963                 0.0557  rate trigger                 Yes                                   -2.992
GRB110610A  455155      329412099.072  2011-06-10T15:21:32.029260  3.082119e+02  7.482409e+01   8.579453e-01        3.785961e+01  4.944400e+01  6.062587e+00  2.995600e+01  1.063015e+00  -239                 1209                0.7109  rate trigger                 Yes                                   -5.14
GRB110604A  454779      328891792.689  2011-06-04T14:49:47.567760  N/A           N/A            N/A                 N/A           N/A           N/A           N/A           N/A           -10                  0                   0.0000  ground detected              Yes            Almost no event data.
GRB110530A  454473      328462269.696  2011-05-30T15:31:02.689700  2.820313e+02  6.192774e+01   1.974141e+00        1.151197e+01  5.572800e+01  1.253004e+01  2.654400e+01  1.223323e+01  -300                 962                 0.9844  rate trigger                 Yes                                   -40.672
GRB110521A  453788      327685898.432  2011-05-21T15:51:31.455260  1.201278e+02  4.580806e+01   2.217019e+00        9.753538e+00  9.600000e+01  4.904080e+01  3.500000e+01  4.310452e+01  -239                 963                 1.0156  rate trigger                 Yes                                   1.568
GRB110520A  453747      327616135.168  2011-05-20T20:28:48.193920  1.343596e+02  5.642109e+01   1.194797e+00        2.358837e+01  2.086400e+01  5.367231e+00  8.960000e+00  1.517219e+00  -239                 963                 0.6953  rate trigger                 Yes                                   -0.192
GRB110519A  453628      327463943.68   2011-05-19T02:12:16.711700  2.616370e+02  -2.342625e+01  6.926419e-01        5.139999e+01  2.718400e+01  2.980856e+00  1.013600e+01  6.376959e-01  -240                 962                 0.5078  rate trigger                 No                                    -2.616
GRB110503A  452685      326136952.448  2011-05-03T17:35:45.530200  1.327995e+02  5.221108e+01   9.795252e-01        3.132948e+01  5.870000e+01  4.700710e+01  3.912000e+00  5.405923e-01  -179                 963                 0.1191  rate trigger                 Yes                                   -1.648
