grb_name,trigtime,duration,slc_index,pe_duration,pastro,pbat,classification,gbm_catalog,ra_median,ra_err_plus,ra_err_minus,dec_median,dec_err_plus,dec_err_minus,ra_max,dec_max
GRB130106829,2013-01-06 19:53:27.863052+00:00,6.573,,6.54,1.0,0.0003723756032052,GRB5,GRB,65.65785244964238,3.661129024895161,4.07175625853057,27.9800352992783,2.354505254365087,1.973862100358943,67.2803107377753,27.718388466200587
GRB130109206,2013-01-09 04:56:29.631858+00:00,3.606,,5.4,1.0,,GRB5,GRB,15.936049830858536,2.353741971701117,2.30017306019011,18.59434922814417,1.7806034074244756,1.5021383940873712,16.012557241420016,18.739890871020584
GRB130112353,2013-01-12 08:27:48.237649+00:00,1.086,,1.08,1.0,,GRB5,GRB,190.8324742484088,3.183125876796538,3.5650732220350108,-27.35040579861156,2.484945066325782,2.183920547710816,192.4907508547577,-28.33505139735082
GRB130114019,2013-01-14 00:27:05.308242+00:00,6.573,,6.18,1.0,,GRB5,GRB,318.8582464080101,2.7022806869692886,2.4902545244294174,-21.06108367673987,2.1454376341604373,2.17249984369332,319.2530861916943,-20.88667676982536
GRB130115716,2013-01-15 17:10:43.685865+00:00,6.573,,8.21,1.0,0.9209174909666747,GRB5,GRB,161.5314655787449,3.033224026574373,2.873764992012326,19.87085596273347,2.588129060705711,2.3878710212552186,160.20880436991803,19.338648130364582
GRB130117087,2013-01-17 02:05:38.303920+00:00,6.573,,8.21,0.9072258679092732,,GRB5,GRB,342.7846910848896,4.312148271811054,4.566460320197962,8.56813098055198,3.802747200198123,3.9866848851068672,342.32208101371174,8.99485585813947
GRB130118482,2013-01-18 11:33:29.621635+00:00,2.671,,4.0,1.0,0.1695953491113092,GRB5,GRB,268.6325432981665,6.48429898558868,6.297947088099249,43.590885139261175,3.706737664914165,4.123811473983231,269.24756808098755,43.6710745388863
GRB130119403,2013-01-19 09:40:53.970157+00:00,0.03,,0.03,1.0,0.2773408210160386,GRB5,,266.8935316833497,5.208662793927772,5.287138695263252,0.6810285482142708,5.459482174035768,6.110646959800226,269.26226154386745,1.6019265825785816
GRB130123843,2013-01-23 20:14:19.737952+00:00,1.979,,2.35,1.0,0.0313599593408101,GRB5,GRB,311.6148445204797,3.466146215045512,4.273209555171377,-17.52775078343921,4.015297791166905,3.8299636555600287,312.2716963044903,-17.910014927174377
GRB130125520,2013-01-25 12:29:12.388790+00:00,6.573,,6.54,0.9999974752266316,0.0032334136511757,GRB3,,47.27299437449056,51.565381980329626,14.566468409580756,30.53934729632015,21.46270965620069,42.1622103713762,34.04877519138081,50.69533732753898
GRB130127743,2013-01-27 17:50:23.959400+00:00,0.098,,0.09,1.0,0.0230699790113679,GRB3,GRB,265.36779826782885,8.45552613989912,7.969263263734319,-11.649738070935287,3.9441824876032734,3.4911879319416155,265.47434141034995,-11.562058023886673
GRB130129438,2013-01-29 10:30:37.977875+00:00,6.573,,8.21,1.0,0.2381465387725344,GRB5,,353.3793165606637,3.972894403569171,4.438495900955331,31.286333549748463,2.8371724912996967,2.345065169965157,354.8511957864988,31.131845536417288
GRB130203533,2013-02-03 12:47:52.931632+00:00,6.573,,7.33,1.0,0.0283976888939493,GRB5,,218.89857321315552,57.52268339671557,27.537559596889963,-81.45412178304379,5.716742000775682,4.530619892603312,192.7676917804349,-83.96294483726982
GRB130204484,2013-02-04 11:36:51.747790+00:00,0.133,,0.13,1.0,,GRB6,GRB,88.13355006857232,5.420965565643897,4.960223827964896,28.21668976722504,5.135881667736449,4.5326713946407295,87.60410843239092,28.362711444900512
GRB130205970,2013-02-05 23:17:10.626163+00:00,4.869,,4.6000000000000005,1.0,0.2436071471771397,GRB6,UNCERT,307.769979119432,4.847060503454088,4.711624857869936,-9.340361940903318,9.268274775356751,11.210201255460788,308.01062992744494,-0.4864762968534855
GRB130206482,2013-02-06 11:33:37.699756+00:00,2.671,,4.0,1.0,,GRB5,GRB,267.67576051987385,2.344317695296695,3.4212845668895966,53.30586580648505,0.6658933022029885,0.8379017553229602,268.9670157678518,53.62977926844239
GRB130213906,2013-02-13 21:43:56.288669+00:00,2.671,,4.0,0.9999974752266316,0.0463078771846065,GRB3,GRB,107.99907729534344,4.467469549534542,4.622513938083344,-2.8738744666477567,5.476303526910812,5.192475602285529,109.25905279556372,-3.478468665164017
GRB130213946,2013-02-13 22:41:39.199735+00:00,1.086,,1.13,1.0,0.0006764684099397,GRB1,,323.00094693937126,8.618558785795244,7.581903353472967,-34.0393041916239,7.044499299684723,8.15276464851015,319.99377184327955,-32.66217081337961
GRB130214137,2013-02-14 03:17:05.697523+00:00,4.869,,4.8500000000000005,0.9880960407038396,0.000689446745161,GRB5,GRB,315.9643178896534,7.485014845711248,7.1341182797524425,11.750178755663274,8.32164636982585,8.618158272365417,315.7124512984371,11.36341844792856
GRB130214800,2013-02-14 19:12:25.444884+00:00,6.573,,8.21,1.0,1.0,GRB5,GRB,58.42698275865256,0.6781293306147447,0.6924270601685691,-7.904169542338383,0.6888991678103835,0.8210520514348723,58.43443215014946,-8.005505021905936
GRB130215456,2013-02-15 10:56:50.253254+00:00,0.804,,1.2,1.0,0.8992859826038614,GRB5,SFLARE,327.70750534961235,1.7978761544442818,1.9738023631354624,-5.081101621556558,1.7813562952877562,1.5896861168679894,328.7997808007507,-5.46227608877521
GRB130217688,2013-02-17 16:31:18.966792+00:00,1.086,,1.44,1.0,0.2861789650301474,GRB3,GRB,101.0225307633849,2.670941212339301,2.5496777163140507,-3.841433815683398,3.446867844135008,3.3354926210219102,100.41199193464271,-2.8684016126419465
GRB130219626,2013-02-19 15:01:13.943595+00:00,0.133,,0.13,1.0,0.9834277886305928,GRB5,GRB,199.9275197983885,7.662973884882945,8.229436471684608,11.847378989952157,7.082799792560243,7.188633130292445,203.07491398175264,11.568279403413216
GRB130219775,2013-02-19 18:35:52.008680+00:00,0.098,,0.14,0.999964826388926,0.274707436327104,GRB3,GRB,303.95916687665374,7.431356300415132,7.413962308681903,28.918531381211707,5.255935226839931,6.694047987409917,304.03159912162124,29.252131924866177
GRB130224370,2013-02-24 08:53:07.162306+00:00,6.573,,8.21,1.0,,GRB5,GRB,200.1870411612041,3.1419668538500503,3.2431098581768367,54.250247769008645,1.5633488121453496,1.73020798103817,199.3015800750629,54.18385601164217
GRB130226009,2013-02-26 00:13:21.176228+00:00,6.573,,8.21,0.9096806427465316,0.2580070773343197,GRB5,,205.4451336124032,12.46363234512009,8.777213058084811,54.851943226411656,5.539356214747684,5.587675781258376,199.0355443234293,55.221989243688085
GRB130228213,2013-02-28 05:06:11.394055+00:00,0.179,,0.26,1.0,0.0054659292087874,GRB3,GRB,245.0089332164419,2.541641141726757,2.702279750706964,-52.161570663709526,2.406828544247169,2.354012207640217,245.33833577468195,-52.87421683454264
GRB130302364,2013-03-02 08:44:30.578580+00:00,6.573,,7.33,0.9997004217598372,0.0203194373829132,GRB6,,334.3474373749195,21.191877304057925,68.81322381216381,-37.83497794413387,47.56415667922563,16.927813625743873,358.7009664411004,-44.0250706709534
GRB130304658,2013-03-04 15:46:55.159556+00:00,6.573,,6.54,1.0,0.0103085822702763,GRB3,GRB,170.39895378767272,9.466487796241609,8.489012080785358,-63.47990332789153,2.9109048687465204,2.95451528078474,167.59112389231177,-63.06199812032007
GRB130305526,2013-03-05 12:37:52.419563+00:00,6.573,,8.21,1.0,0.0016884666576016,GRB5,GRB,66.91459438571026,3.9948165832508096,5.973200020364715,1.0150231829406389,6.971337908392818,6.047307151211422,69.39508121622463,2.0116836335336163
GRB130307126,2013-03-07 03:01:44.583296+00:00,0.327,,0.35,1.0,1.0,GRB6,GRB,145.38227239933332,5.416996638512728,6.113686523788715,14.292041378925864,3.1896474995528603,3.902930469880827,148.30297132262623,15.842477152925
GRB130313165,2013-03-13 03:57:33.922265+00:00,3.606,,3.5500000000000003,1.0,0.0237170094378308,GRB5,,334.8873940511151,7.034454014160815,6.038053149614086,29.661254244992698,2.228134657168315,2.236030370838108,337.22396149969603,29.15110357450086
GRB130316875,2013-03-16 21:00:37.062406+00:00,0.441,,0.44,0.962565141066766,0.9834277886305928,GRB7,,265.87072751487034,10.519313135795244,8.723022262839038,16.100512055736434,10.713419449039758,10.465653307763102,262.1864186829969,14.89200045910766
GRB130316982,2013-03-16 23:34:23.830177+00:00,6.573,,8.21,0.993806684426858,,GRB5,,121.526983077559,15.120230186083331,12.07425944686915,-64.37707747335452,5.771193903020553,4.746007386144342,116.62873263604136,-65.34106015557155
GRB130320796,2013-03-20 19:06:39.373820+00:00,6.573,,8.21,0.999936597673588,0.0530614977255559,GRB5,,344.50245733526833,4.089524806920849,4.390854559568027,25.39098177182339,4.217696441864288,4.369316495253152,347.3955490792071,27.48949984407681
GRB130322056,2013-03-22 01:20:20.656136+00:00,2.671,,3.62,1.0,0.198764611561252,GRB1,,147.5186032408956,4.708699836138408,5.533996799391616,46.26123175015776,3.288178792386674,3.513404174738781,148.58662110134873,46.6769314668647
GRB130325005,2013-03-25 00:07:46.794071+00:00,0.098,,0.1,0.9999974752266316,0.1504811658004816,GRB3,GRB,70.5823833885027,35.54596302118735,24.349294888599857,67.05702776601933,8.201140715289839,6.795538346595329,59.59422756962678,65.69755806515926
GRB130325203,2013-03-25 04:51:57.240214+00:00,4.869,,4.8500000000000005,1.0,0.9962507917115806,GRB5,GRB,130.67355781005935,0.905147319036331,0.66470685497859,-21.95370032385984,1.179215216602131,0.8284866075733461,131.0145226549286,-21.7753116182224
GRB130327006,2013-03-27 00:08:28.585320+00:00,6.573,,5.84,0.958860063706926,0.2134945768951264,GRB3,,340.7005102426596,8.797125885340677,9.686109354262044,50.49154838685642,9.356338957394478,8.72674431233149,340.77988913926777,49.80301700462179
GRB130331567,2013-03-31 13:35:49.291890+00:00,2.671,,4.0,1.0,0.9834277886305928,GRB5,GRB,159.80587069245934,1.6392459055424808,1.5839884797495358,30.58759159688384,0.5812493372182317,0.5925923074680917,158.98458977235816,31.28746623510513
GRB130401571,2013-04-01 13:42:51.248541+00:00,4.869,,4.8500000000000005,0.9023757542598776,0.1458005327430027,GRB5,,134.01518761824198,7.490015274175846,6.977855719342614,25.292838176858943,12.532421692251331,11.012304097796363,134.76164217597272,28.43014085162031
GRB130404428,2013-04-04 10:15:40.397892+00:00,3.606,,3.94,1.0,0.005892717120677,GRB5,GRB,29.650985488483634,2.454925683787735,2.480641077496305,3.3668117028769617,2.0554249627085697,2.00550004937131,29.703077933342044,2.6941918259067226
GRB130404877,2013-04-04 21:02:10.973087+00:00,0.073,,0.1,0.997463921093116,0.1640330461065361,GRB5,GRB,41.599304088622176,10.307496677491152,10.390195488348631,16.646322902993216,13.36760547803987,13.591159420090538,42.88915729212183,16.712521323527817
GRB130406334,2013-04-06 08:00:36.934584+00:00,6.573,,6.93,1.0,0.2761424649562832,GRB5,GRB,101.35584233080796,2.934809062154784,2.9055624277125816,-40.77235095765598,2.210707366233528,2.0119955316907223,101.4316075657746,-40.17292452870039
GRB130406354,2013-04-06 08:29:36.549634+00:00,3.606,,2.46,0.999998785812402,0.9377845269973402,GRB5,GRB,125.42227745418128,6.629832007264099,7.514016491740861,35.108611574461754,5.049266709481984,4.362368560299778,125.2164252877024,34.755290171651424
GRB130408653,2013-04-08 15:40:23.351765+00:00,1.086,,1.62,1.0,0.0007461532758602,GRB5,GRB,128.34740243863644,8.900265495028464,9.96904432195096,66.93294890814913,2.5976313579202355,2.654324778476365,132.3820864784986,66.48588921232758
GRB130416230,2013-04-16 05:31:23.818933+00:00,6.573,,6.18,0.9999987925797676,0.0179741544747255,GRB5,,24.940815760517424,3.5791701220559347,3.852315337281048,5.209397990331762,4.242062176614217,3.699708151633266,24.2714067898221,2.655307736181155
GRB130416690,2013-04-16 16:34:05.859118+00:00,2.671,,4.0,0.9073760965545464,0.0036262666766565,GRB3,GRB,83.67596331403124,8.944757370407913,9.334288604653082,37.17532292440781,4.642614465454166,4.637490356654681,85.53214294011255,36.37296280447063
GRB130416770,2013-04-16 18:28:53.237870+00:00,0.133,,0.05,1.0,1.0,GRB6,GRB,45.59141602514558,3.799151941289701,4.532287286704545,-22.92587981173962,4.480269317606865,3.4015190450780644,47.69302114681837,-25.20971380665617
GRB130420422,2013-04-20 10:08:10.343931+00:00,2.671,,2.97,1.0,0.0020952586145803,GRB5,GRB,119.2051621834416,7.633585328332359,8.114077971040558,-69.36578628437155,3.454002318992053,2.653903178666553,123.97794451988082,-70.96513010359489
GRB130420539,2013-04-20 12:56:34.091456+00:00,4.869,,5.11,1.0,1.0,GRB5,GRB,195.40225247296144,6.734983815878536,6.9101833292032495,51.26770491808183,2.538421415401636,3.1805426347964314,196.7098996801172,51.599931128766606
GRB130502743,2013-05-02 17:50:31.940403+00:00,3.606,,3.5500000000000003,1.0,1.0,GRB5,GRB,141.89111410716723,2.408306453000506,2.0467867623209486,1.3037348153767052,3.3070777850684294,3.747693683447066,141.12391360825777,2.207534844297784
GRB130502841,2013-05-02 20:11:02.927170+00:00,0.016,5.0,0.018,0.9900519729357434,0.0044901063925973,GRB2,,245.4588802520635,47.62194164185704,18.74851411158525,-51.31091198396269,29.75778064062733,9.010492894786664,238.5844585535415,-55.41440224756652
GRB130503214,2013-05-03 05:08:28.936461+00:00,0.098,,0.11,0.9920858500609264,0.0001243888426486,GRB5,GRB,233.9964168976162,10.557956447258393,9.94195888781772,-4.739114299704179,12.595335774191978,11.025191850483886,232.4047080479316,-6.541710517628925
GRB130504314,2013-05-04 07:32:03.236811+00:00,1.466,,1.05,1.0,1.0,GRB6,GRB,345.0698463512613,1.5812319110733029,1.4825961031845054,-2.849155199991685,1.1682435597429273,0.8778400747888555,344.95709362060234,-2.85492088778861
GRB130507861,2013-05-07 20:40:31.148968+00:00,0.098,,0.11,0.9985545549072272,0.3219127308306105,GRB5,,159.1604391524945,12.809920592608536,15.921516833561924,31.685383988744903,11.750809194528577,13.250547534316638,164.90364432057706,40.22857982514833
GRB130510625,2013-05-10 15:00:07.052612+00:00,6.573,,6.93,0.9963976764409218,0.9834277886305928,GRB5,,209.84256667817112,4.520522475306251,4.796942347760478,7.743605219532911,7.940992279953814,6.22197458246453,210.1371607141902,7.811804155404207
GRB130510877,2013-05-10 21:03:25.993390+00:00,6.573,,8.21,1.0,0.0006397565838924,GRB3,GRB,107.91839483891808,1.432912309777052,1.3683099706608033,-8.561386790969946,1.919938288122757,1.9457007982545456,108.36130405480245,-9.021582033361446
GRB130514560,2013-05-14 13:26:32.658011+00:00,1.086,,1.44,1.0,1.0,GRB5,GRB,148.8564331722928,2.402884021926837,2.3589462142712705,-19.859214281850253,3.2548225149370147,2.582843570578952,148.94138493437595,-20.1545873017231
GRB130515056,2013-05-15 01:21:17.909702+00:00,0.133,,0.15,1.0,1.0,GRB5,GRB,289.5474047939904,3.6903956019187376,3.900889113727885,-49.7560337420309,2.383056815564516,1.4900502259872752,290.22847230813824,-50.0410690067406
GRB130516562,2013-05-16 13:28:47.466480+00:00,0.327,,0.32,1.0,0.2803252114616175,GRB6,,140.39620708788897,21.5628995792676,17.767270045627072,-65.58744556367219,5.724513541104017,7.180246006786149,143.14044423322025,-62.56470186903925
GRB130518551,2013-05-18 13:13:09.504103+00:00,1.979,,1.95,1.0,0.0075913421098716,GRB6,GRB,273.0627429171678,1.9514057882584552,2.42395759669364,-14.648116113144464,2.041253166285218,2.009503104163951,274.0011634333496,-14.86595617364906
GRB130522510,2013-05-22 12:14:46.766390+00:00,1.979,,2.96,0.9415681336209304,0.2805650641581501,GRB5,GRB,138.28858967964723,1.5025320857704685,1.5933163105498238,15.303993289048304,1.6395839811263233,1.748441497716268,138.3079203492695,14.770098543759634
GRB130523095,2013-05-23 02:16:27.817871+00:00,1.979,,2.7,1.0,0.201535120107472,GRB5,GRB,24.44450920474588,1.9372340997136133,2.269662663244919,26.558899036558195,1.5045971129186384,1.313776848160689,25.30331036200304,26.192087758366327
GRB130523198,2013-05-23 04:45:44.160477+00:00,3.606,,4.87,1.0,,GRB5,GRB,35.182809709514224,4.068408936653256,1.2446255921133442,-62.52869216472958,0.6174932578328125,0.6698863315211057,33.93201899045494,-62.249536995862016
GRB130528695,2013-05-28 16:41:28.712329+00:00,6.573,,8.21,1.0,0.999991781927689,GRB5,GRB,69.20980704898979,5.847902335175974,10.664078532869638,79.84483338255492,1.905006420157349,1.879240954652772,72.48749496005537,79.58720565640843
GRB130609129,2013-06-09 03:05:10.134088+00:00,2.671,,4.0,1.0,1.0,GRB5,GRB,149.56362872942353,3.4582323565064144,3.384031081458801,27.64020029510788,3.937745401681319,3.559099340538566,150.02204059809264,27.55876625529507
GRB130610134,2013-06-10 03:12:16.054185+00:00,6.573,,8.21,1.0,0.1537997176238623,GRB5,GRB,225.28680901763263,1.8076373976488185,2.096141984235686,26.436553122341845,1.8953260200273725,1.9256565330453093,226.2268048252004,26.43592222843965
GRB130612141,2013-06-12 03:22:22.997817+00:00,2.671,,4.0,1.0,0.0013194633006783,GRB1,GRB,259.4017870890839,4.56229071728518,4.257748133919819,20.20799482145677,4.726609448986373,4.385269625826142,259.0150945720137,20.9723303865044
GRB130617564,2013-06-17 13:32:49.647909+00:00,0.596,,0.63,1.0,0.0555901103374936,GRB5,GRB,80.46407303720932,4.863454627222509,5.457184694683264,-57.35487426575381,2.5215296273919208,2.520781070086862,81.06813297083215,-57.752860256563096
GRB130620498,2013-06-20 11:57:07.220369+00:00,1.466,,1.62,1.0,0.0127825917748412,GRB3,GRB,55.97401915183124,8.818270354271775,9.571667325470427,65.9034169945771,3.936588066853062,4.429383114829605,54.732735854737086,66.41696215439096
GRB130622615,2013-06-22 14:45:52.940066+00:00,1.086,,1.04,1.0,0.2806530664422612,GRB3,GRB,306.9672794586825,4.9458769788228665,4.853419347020406,22.399872073659576,5.972157998990639,5.335021528755377,305.9645001088589,21.04952014729536
GRB130624093,2013-06-24 02:13:58.605727+00:00,6.573,,8.21,1.0,0.0225077106804558,GRB5,GRB,333.4715813197588,7.584145848980086,9.93159332001619,10.123544050595385,5.871669489453071,6.347615047580057,334.7583535418901,10.411937230019266
GRB130626452,2013-06-26 10:51:03.839123+00:00,0.179,,0.17,1.0,0.999995419350618,GRB5,GRB,265.50749834546536,6.642830806765062,6.896762887478985,1.0333935812854798,9.335983811980231,8.738326417268908,265.3731267353287,0.1767163591831124
GRB130627372,2013-06-27 08:55:06.850111+00:00,6.573,,6.54,1.0,,GRB5,GRB,174.83488378705417,2.417693004927997,3.4779638675409785,-46.60913817419397,2.008647699631851,1.90133836580366,176.76917903676843,-46.97127530178732
GRB130628860,2013-06-28 20:38:01.798398+00:00,0.04,,0.04,1.0,1.0,GRB6,GRB,307.2416001583188,4.694412454290614,6.562428756740076,-0.7155427152629219,3.547129108028485,3.269653323157044,307.4595813839977,-1.0053887748931736
GRB130701263,2013-07-01 06:19:10.560540+00:00,6.573,,8.21,0.99881185962678,,GRB5,,357.2275196832613,1.849062212302158,2.536616642396268,-36.76411308974584,5.228655324816767,3.751826654715977,358.8964042641689,-38.769879350700094
GRB130701761,2013-07-01 18:15:31.215218+00:00,1.086,,1.08,1.0,0.0447630049466911,GRB6,GRB,357.87491025782816,0.9134265896257716,1.0196677743613805,7.226194462695337,0.6046928560978717,0.6523695219234629,357.4639690520421,7.286566380853689
GRB130702951,2013-07-02 22:48:59.410822+00:00,2.671,,3.81,0.9973464366751472,0.0537060375675545,GRB5,GRB,302.8942046115807,7.472180004673362,7.749526393735266,9.27934225829237,9.48881268633982,8.984013922459816,302.9234623851272,8.3625744652106
GRB130705398,2013-07-05 09:33:03.990238+00:00,0.133,,0.14,1.0,,GRB5,GRB,61.736639408501695,7.479376012884465,4.683866576549526,36.47376972424629,3.9563781034593646,3.4403089835650675,57.87694295946805,36.4555349496144
GRB130707839,2013-07-07 20:08:37.643970+00:00,6.573,,6.93,0.9762913482996406,0.0030156819773139,GRB5,,67.44307068148565,25.83028110100652,27.0398773937874,2.1793034026054725,20.838397090762363,23.671455242350145,41.65669459230914,4.435222683026012
GRB130708488,2013-07-08 11:43:09.441075+00:00,6.573,,8.21,1.0,0.9962507917115806,GRB5,GRB,17.541333616514482,1.4946880052760676,1.6803331475187946,3.7670312437801368,1.7903475649461935,1.6151380911366693,17.880141194899196,3.409001747643172
GRB130710732,2013-07-10 17:34:19.909951+00:00,0.003,11.0,0.003,0.999960177521744,0.0101771250893727,GRB2,,284.8257693157663,37.20520012833544,36.306260065026606,-4.354813461504278,31.556662346160543,35.69422385381239,283.05294673302194,-1.3058993232154918
GRB130711029,2013-07-11 00:41:46.631247+00:00,4.869,,4.8500000000000005,0.9014687042590264,0.2737113293354918,GRB5,,210.05729337854865,4.982855281583738,6.318919605583034,-1.6202873345132691,10.039650445409228,9.168442281131927,210.1126657884932,-2.976265258337442
GRB130716352,2013-07-16 08:26:19.838115+00:00,6.573,,8.21,0.9996930192502038,,GRB5,GRB,342.2021388686493,8.695884170367549,11.126420662075075,45.86777465793544,3.329511953314615,2.968222113339245,343.0113698622355,45.99582319709518
GRB130716442,2013-07-16 10:36:53.678881+00:00,0.596,,0.61,1.0,1.0,GRB5,GRB,172.0810934179724,6.851835623970885,10.781941457382828,65.87119186123472,4.956303851854216,5.36507214495019,175.39954101531077,70.35647849129148
GRB130717734,2013-07-17 17:36:20.007927+00:00,0.441,,0.6,0.9503306895212617,0.3216666529386839,GRB3,GRB,261.6178855435384,9.145239801764603,9.106322917269836,-22.082383632994823,12.42434565233169,15.123964350976983,265.2538410419336,-13.81629733466821
GRB130718049,2013-07-18 01:11:07.314872+00:00,3.606,,3.5500000000000003,0.9709460008502117,0.9804061968126176,GRB5,,248.5870841955929,30.92227895416869,18.32216634400038,1.103532332636869,16.969656862986504,28.945489381430825,234.6837875973561,4.605887018392281
GRB130720116,2013-07-20 02:46:42.371099+00:00,2.671,,3.81,1.0,0.7509254737771273,GRB5,GRB,254.46722947983392,4.884937753810618,5.4137155449363945,13.016020282762646,3.819584470645928,4.105079717079232,253.50640637060923,13.558596578406773
GRB130722990,2013-07-22 23:46:11.791450+00:00,1.086,,0.92,1.0,0.1110735534494733,GRB5,GRB,352.5883777451086,1.3238212021945517,1.6055739568788,-21.714023066473075,1.732951356305378,2.004208820431508,352.57270482969767,-21.83227163430136
GRB130723092,2013-07-23 02:12:35.324575+00:00,6.573,,3.93,1.0,0.0946350758577491,GRB5,GRB,207.5868048964461,2.6329029026733792,2.773903480135516,-24.007254879464067,2.405720850207711,2.43313426812529,207.15029806184828,-23.350068668463468
GRB130725527,2013-07-25 12:38:43.018465+00:00,2.671,,2.44,1.0,0.0095248614746503,GRB3,GRB,18.782682701106097,6.168279486725432,5.504371936862464,68.34015350164184,1.5028911809706642,1.4439007364278922,17.30116757148926,68.31061620254178
GRB130726588,2013-07-26 14:06:46.293263+00:00,1.979,,2.04,0.9992004478752772,,GRB3,,334.0675269576354,15.562272776740317,17.481268517981334,64.60729128526425,10.850130133767196,11.984680644598429,333.23414826802883,63.51577206950093
GRB130730243,2013-07-30 05:50:19.042034+00:00,6.573,,6.93,1.0,0.2580067164071675,GRB5,GRB,127.54161796442474,2.981855161705397,6.361991067552211,-59.77962087523616,1.0262637383571305,1.0912051763481116,127.86602136578156,-59.594445196827394
GRB130731665,2013-07-31 15:56:53.423246+00:00,6.573,,8.21,1.0,,GRB1,,157.3632331340862,9.25627045362944,9.824362826908695,55.01749168696942,6.143933523457598,6.262304421001822,157.3370449850595,54.86628873909699
GRB130802730,2013-08-02 17:31:52.797433+00:00,0.073,,0.09,1.0,,GRB5,GRB,81.78030372727704,13.000050450832047,9.064228018543815,-12.197564667561664,9.039848275983983,7.67811937638691,82.63794344338336,-15.058873941468136
GRB130803419,2013-08-03 10:02:54.682989+00:00,2.671,,3.62,1.0,1.0,GRB5,GRB,220.95802468841364,1.4857708328276544,1.7946103602538983,-6.848268560374425,1.3974857739673228,1.26405912676608,221.4731494338792,-6.819072248739731
GRB130804023,2013-08-04 00:33:15.628143+00:00,0.03,,0.03,1.0,0.9962507917115806,GRB5,GRB,299.6876381753384,5.004723589593766,6.142728265036226,-65.60745213570979,4.675227629944402,3.940571602395949,302.2565519753715,-65.73807451141307
GRB130808253,2013-08-08 06:04:33.672348+00:00,0.242,,0.19,1.0,0.2021259993941463,GRB5,GRB,168.7359991421148,3.1298895850193844,2.971205790405719,32.194490749595744,3.877555742079295,3.7303044670979935,168.47696419501733,30.80675233547748
GRB130813791,2013-08-13 18:59:13.272963+00:00,0.327,,0.45,0.989637956695023,0.0857956064268206,GRB5,GRB,199.65158556692344,11.748209721445733,11.934719957042091,64.54510239643704,5.695782954155007,5.757726221752627,202.13570951869107,65.24716359503256
GRB130816074,2013-08-16 01:46:55.342987+00:00,4.869,,4.15,0.9999974752266316,,GRB3,GRB,184.3441994463035,6.088952535914814,4.201890304464058,-60.5624852818579,3.31760124274674,2.0032605151222143,182.80014424229017,-61.113965713443605
GRB130828808,2013-08-28 19:23:55.217669+00:00,2.671,,2.69,1.0,0.233737669842856,GRB5,GRB,195.8477187213659,1.8001291984603824,1.6479620474814567,27.332308420874835,1.4578771471259273,1.594980397948124,196.35049725337416,27.671831047284712
GRB130830921,2013-08-30 22:06:34.284625+00:00,6.573,,8.21,1.0,,GRB6,GRB,355.9138202884494,3.009690199687157,5.391427554189761,-53.52470295628366,6.399309063674842,4.223874775611812,359.81234749229395,-55.60039288180892
GRB130905377,2013-09-05 09:02:13.624524+00:00,4.869,,5.11,1.0,0.6836815598042235,GRB3,GRB,278.4133402830306,1.531626647630901,1.0508104868834494,-7.919283994518718,4.99488837640485,2.0602717389552208,277.60234668272864,-8.687182872241223
GRB130906222,2013-09-06 05:19:29.247544+00:00,6.573,,6.54,1.0,0.0058644958436003,GRB5,GRB,195.78212291283424,7.503362387544001,5.454424695520942,-2.962807776912768,6.646512444167016,5.296550388597801,196.92920901195728,-4.047728541573436
GRB130906435,2013-09-06 10:26:25.445949+00:00,3.606,,2.33,1.0,0.2631104074331586,GRB5,GRB,281.4451817153409,7.829069416846892,10.0634745652863,-49.651031236209135,4.571212116021684,4.321218146559957,284.7086536928241,-49.5926185747907
GRB130907760,2013-09-07 18:14:46.574584+00:00,0.804,,0.66,1.0,0.11616987659953,GRB5,GRB,240.70773413975533,4.397749224388946,4.979335593625507,-20.416366546697297,4.160201878197583,4.272101925920698,243.2278795413602,-20.40431721087701
GRB130912358,2013-09-12 08:34:58.562622+00:00,1.466,,1.36,1.0,1.0,GRB6,GRB,42.66696525555512,3.7629128665155847,5.595518504363668,8.18342532088146,2.524035761632014,3.274855275803577,44.30925213434868,9.064628349281396
GRB130919173,2013-09-19 04:09:41.003696+00:00,0.179,,0.17,1.0,0.0027442517089593,GRB5,GRB,301.1291420093567,2.7785792543249386,3.133899432557371,-6.063457476091995,3.5798256710008234,6.172440971869178,300.5103467332437,-4.369199152393767
GRB130919985,2013-09-19 23:38:15.378003+00:00,6.573,,8.21,1.0,0.2787601273144598,GRB6,GRB,242.5069321529548,5.4694988636831,6.170921084150564,-45.95092346622181,3.463081954197804,3.653308759863464,243.29070246391672,-46.71420563580285
GRB130924255,2013-09-24 06:06:47.915815+00:00,6.573,,8.21,0.9999987925797676,0.0789443670727944,GRB5,GRB,33.002659764939786,2.0682841508200767,2.299625356720135,2.416757186409238,2.169506348435463,2.045751416963763,32.822504503412546,1.7755602050442685
GRB130924910,2013-09-24 21:51:02.400089+00:00,2.671,,2.69,1.0,0.2769716989096623,GRB5,GRB,68.28412537435628,5.75797535328428,6.838254012514312,65.55947283314576,2.632494868487072,4.501678696760905,70.36908547225015,66.23379274469701
GRB130925164,2013-09-25 03:56:21.154176+00:00,3.606,,5.4,0.9999908049147016,,GRB1,GRB,45.95707872620673,3.1802905067562506,2.9802674551028048,-26.60679613902117,1.3925385246412,1.7944948287540932,45.96191213592392,-25.821635936513296
GRB131002288,2013-10-02 06:55:06.164954+00:00,6.573,,6.54,1.0,,GRB6,GRB,80.50819664676015,148.85439776918852,32.5350680724599,80.90371894189252,4.866733444700316,6.838595599551127,77.38167317458874,81.0527309266258
GRB131003737,2013-10-03 17:40:56.890371+00:00,2.671,,3.45,0.9999984422334216,0.8786918561202806,GRB5,,79.326478413148,6.715820677000565,8.344498854459204,-29.11614375939734,6.597009786262124,6.456011517049198,82.81579534486856,-28.588603769629405
GRB131004904,2013-10-04 21:41:04.100740+00:00,1.466,,1.25,1.0,1.0,GRB6,GRB,298.22622625049434,2.789574822723978,3.24003069905109,-6.332494582300139,3.771241353411855,3.803030410285242,298.85056058936334,-7.452576300989508
GRB131006840,2013-10-06 20:09:52.504947+00:00,1.979,,2.96,0.9303533507830054,0.0047111083510759,GRB5,GRB,151.22606805240173,9.128159780830543,7.011723324909241,5.605267021036959,7.052109501986648,7.827679868770387,151.24585701748683,7.275293243192209
GRB131008288,2013-10-08 06:54:11.053687+00:00,6.573,,7.76,0.9999987925797676,0.2762011392251521,GRB5,,356.55027721906714,2.371094649743668,3.0422712388374293,20.63524101808666,4.986594698116985,4.900924960445119,358.4176027791601,20.595582207795573
GRB131008858,2013-10-08 20:36:08.268805+00:00,6.573,,8.21,1.0,0.999805864396199,GRB5,GRB,336.71449480290335,1.9063726395124831,1.6266272208316082,-27.417946163539888,1.3462613652953197,1.635583351542408,336.34866891335673,-27.0835004918286
GRB131013689,2013-10-13 16:31:27.478396+00:00,6.573,,6.93,0.9164472417147882,0.2613298870248842,GRB5,,204.3432429200119,8.918906991008413,22.27057197015941,-32.71509202205537,3.802872233816654,10.411583932301935,210.742531352074,-32.1914687639606
GRB131017455,2013-10-17 10:54:51.631453+00:00,3.606,,3.37,0.925851639143926,0.2762078297057401,GRB5,,173.64965059095235,61.22805172934861,19.387193135189,28.323371960921094,29.770546385978328,17.46339369957219,166.87064852412738,19.614702299141744
GRB131018015,2013-10-18 00:21:55.021150+00:00,0.098,,0.12,0.9990199146502295,0.2954277156280584,GRB5,,349.6766402008626,6.150629687550122,6.496679888222445,-29.29884872864478,9.18165727733548,8.174835140892473,349.85001089712506,-31.54744984468221
GRB131018673,2013-10-18 16:08:42.124838+00:00,6.573,,8.21,1.0,0.0611534067334939,GRB5,GRB,337.80516440996496,6.00009528506115,8.789859852320888,22.02005973611063,5.805782334134051,5.170817113657094,341.2731743009789,20.153186852761507
GRB131020113,2013-10-20 02:42:25.872452+00:00,1.086,,1.17,0.9990728009076938,0.2220027856233371,GRB5,GRB,207.2108354966924,10.981447585809462,13.453145099811366,27.2570843438473,13.028257481851686,6.681688216787666,212.7914888543265,23.645259372284062
GRB131021352,2013-10-21 08:26:55.097466+00:00,1.466,,2.1,1.0,0.0083726063541257,GRB1,GRB,319.88308443264333,8.378214128582442,6.185697785994762,-25.61994507591409,4.057053224073542,2.80592030518601,317.34939579393625,-26.879993130522408
GRB131030792,2013-10-30 18:59:47.462487+00:00,3.606,,4.16,1.0,,GRB5,GRB,178.66001987235816,3.1757370878823963,3.2136488509993626,-9.144273209121542,4.484970511482801,4.537561830719623,178.18890958305826,-6.417812560196389
GRB131031482,2013-10-31 11:33:34.658474+00:00,2.671,,4.0,1.0,1.0,GRB5,GRB,34.317105777109575,1.01305131614847,1.2455484117490698,-4.82691026016993,2.0108913664164976,1.7321424350469696,34.68878325890399,-5.543554084280274
GRB131101250,2013-11-01 05:59:57.272893+00:00,3.606,,4.62,0.9976207247338827,0.0129317756282307,GRB5,,172.15515109471116,13.978867394782924,11.836849483730418,78.29325769010042,4.615645152920124,5.090981381463337,168.1025995509304,78.91950974484692
GRB131108024,2013-11-08 00:34:47.269400+00:00,6.573,,4.93,1.0,0.292912321315078,GRB5,GRB,353.43240282832966,2.071347359043614,1.9826728621381449,34.1696565886416,1.4476355130716243,1.6106193212918,352.1713297219361,34.36203737987085
GRB131110373,2013-11-10 08:57:15.882179+00:00,6.573,,8.21,0.9999975020661482,,GRB5,GRB,13.792888923218433,2.8464434952082307,3.254450900230413,8.073629258069293,4.1352259162426,3.991031346829173,14.091510143095428,7.933630091462977
GRB131119781,2013-11-19 18:44:56.089718+00:00,0.441,,0.45,0.9998950936847958,0.266475497728716,GRB5,GRB,44.259137949023874,8.534259189439616,7.301139720753639,-22.95712868131974,7.577410177214791,10.956712641550263,42.23015986545119,-21.864805673498857
GRB131122417,2013-11-22 10:00:37.591417+00:00,1.086,,1.08,1.0,0.2572444862825694,GRB5,UNCERT,274.49129422933885,7.397277135694765,5.578260801958777,-51.67542254831714,3.0866815073004545,3.0322280819373617,274.86128034435063,-52.22630884574422
GRB131125689,2013-11-25 16:32:51.159131+00:00,0.133,,0.15,1.0,0.610029093268382,GRB5,GRB,113.20069486504744,5.424265592357074,4.727842463310921,51.14573961521313,3.223021489445607,4.63224825466159,111.75216878773804,52.08009536781488
GRB131127696,2013-11-27 16:41:47.398761+00:00,6.573,,6.54,1.0,0.1111316185427661,GRB5,GRB,256.7888820870372,3.955966528112242,4.46891865925798,41.63454220840896,3.626043849110389,3.672253452808057,257.1301518023823,42.065071855915534
GRB131128629,2013-11-28 15:06:25.263770+00:00,1.979,,2.04,1.0,1.0,GRB5,GRB,3.404249774926063,3.4521405743910005,2.1771433933648505,27.981003732232423,3.0290407238823214,3.2298182258316253,2.753677054161696,27.09696292574253
GRB131202633,2013-12-02 15:12:09.936617+00:00,6.573,,8.21,0.9999987925797676,,GRB5,GRB,341.4429403953363,9.30904228998213,8.985658990247032,-25.57328451251258,8.058459819305291,7.089889712089935,339.44212370901687,-26.456740637505447
GRB131209963,2013-12-09 23:06:16.963602+00:00,1.979,,2.04,1.0,0.9098687157977368,GRB5,GRB,248.1758862939488,18.39462167927664,13.862266274743206,73.62095461992513,2.783110965060274,2.7030933971956586,244.3389549748969,72.74942445161366
GRB131216081,2013-12-16 01:56:34.701444+00:00,4.869,,5.11,1.0,0.2531521617894373,GRB5,GRB,95.57350703492249,0.7456397327927959,1.0976609091999163,-31.87252450150903,1.989578869579592,2.249100700091187,95.85303715639816,-31.89541272347216
GRB131217108,2013-12-17 02:36:11.798967+00:00,0.596,,0.59,1.0,0.0555771391711772,GRB6,GRB,75.55054709050918,2.143886406293717,2.7044980682530166,32.882237153040386,3.475361951349278,2.641132811439274,75.94729288432893,32.28023467534713
GRB131217183,2013-12-17 04:23:32.667854+00:00,2.671,,4.0,0.999526246212586,0.1984315538875811,GRB5,GRB,227.1521396389196,2.392217576427697,2.2606628100882062,25.13406195343254,2.1429518555073948,2.350876543278701,227.50832684573305,25.347239925174883
GRB131218879,2013-12-18 21:05:34.924119+00:00,3.606,,3.5500000000000003,0.999998790691106,0.2774262054367363,GRB5,,93.44556656657682,15.67095781057374,16.385691426529263,-62.74416792499287,6.133787081535097,4.963580235812145,100.0481984657238,-63.56532827749094
GRB131224142,2013-12-24 03:25:09.136579+00:00,2.671,,2.69,0.9999897974413824,0.9962507917115806,GRB1,,158.5627290208935,5.21432395201802,5.090359882295843,-19.005868876086254,4.629118044789507,4.778318647078883,159.4016394992017,-18.05781227051529
GRB131224832,2013-12-24 19:57:43.639066+00:00,0.016,18.0,0.016,0.9999999110269692,0.7730946296915642,GRB5,,347.1711003843368,5.239452484487799,5.552972063344896,8.011009711973774,6.0311633186662,6.748744406213184,347.538574917163,9.968942667857434
GRB131227836,2013-12-27 20:04:32.644407+00:00,1.979,,2.96,1.0,0.245188961936157,GRB5,,65.12098202178106,4.592309275908548,4.415008387277965,21.16298803923685,4.827711949945208,4.830508535682313,64.44087899142184,21.04205439243789
GRB131230529,2013-12-30 12:41:25.799170+00:00,1.086,,1.62,1.0,0.4286091618327854,GRB5,GRB,101.26456288063082,15.476366310050024,22.48637568271984,62.25511854642389,4.295808463768665,4.666207659708313,100.115104963683,61.15750439008498
GRB131230808,2013-12-30 19:24:09.657481+00:00,6.573,,8.21,0.9916699548948028,0.273777322985172,GRB5,GRB,67.19707108039565,3.2240074562159293,2.973079542573544,11.593018220529109,4.843028729263228,4.303594139174617,66.97103578912147,10.257435052054358
GRB131231814,2013-12-31 19:31:46.096466+00:00,6.573,,7.76,0.927290912644418,0.9834277886305928,GRB5,,167.3801482200763,5.248357772046603,5.273794444498634,-9.157141090465672,8.368102485537902,7.916874011799422,169.02699687682937,-7.623269661246482
GRB140103021,2014-01-03 00:30:45.387807+00:00,3.606,,5.4,1.0,,GRB1,,231.78828410949544,3.1497867791409817,3.040750604185831,42.84831436573064,2.8556897837442747,2.7612101607722863,231.17156455878325,42.46229471853975
GRB140103148,2014-01-03 03:33:46.998507+00:00,6.573,,8.21,0.99818180280874,,GRB3,,330.37616730364834,21.593944234447804,35.68927891714395,60.80237471235608,8.595629061482427,7.11616781110591,358.1775776663859,57.95266860371544
GRB140104113,2014-01-04 02:43:24.522007+00:00,0.005,16.0,0.005,0.994263618829244,0.2732493661249082,GRB2,,31.1838085871389,24.555719503604408,18.563234891398043,41.93335327648081,15.357730955523344,33.242095567011795,30.313192831891755,52.31655335683993
GRB140104245,2014-01-04 05:52:30.351769+00:00,0.242,,0.2,0.9839640277113794,0.2927564567401996,GRB5,,311.8082973585733,16.483434647768036,15.448944707244776,-40.51751903466817,7.174246057562634,8.04877221169896,313.8831372861725,-40.01574030495616
GRB140105065,2014-01-05 01:33:01.168646+00:00,0.441,,0.51,1.0,0.2685282024830737,GRB5,GRB,213.26092634940744,8.049954325828281,7.133791176745746,50.94070032668773,5.891662386087084,4.568827597448291,212.09148692521825,50.205816752408296
GRB140105748,2014-01-05 17:56:33.222226+00:00,3.606,,1.7,1.0,8.115725969680178e-05,GRB5,GRB,255.48935785629,3.239584742753152,3.014364880170916,26.03011923958917,6.543054160542205,4.552198249836067,254.77011958675484,24.536100717072067
GRB140106345,2014-01-06 08:16:46.513892+00:00,6.573,,8.21,1.0,0.1535945909986664,GRB5,GRB,10.831705969809072,19.29376427542019,7.071955046980731,-3.096812579291816,3.349588593028099,3.994566843187345,6.858108311987436,-0.924678638670934
GRB140108721,2014-01-08 17:18:49.545967+00:00,1.086,,1.62,1.0,0.8696449978364377,GRB3,GRB,321.0405882498667,5.3466841133814,3.302585583339805,61.03453226429853,1.1076805522867232,1.1418211959508824,319.7432807886345,60.94087669498812
GRB140109771,2014-01-09 18:30:05.948553+00:00,0.327,,0.3,1.0,0.947959939874376,GRB5,GRB,201.6700199424776,17.694747892069444,16.81914095954363,49.30127708624485,8.51569461157542,8.331826572677791,196.19833608617847,45.65858000334438
GRB140110411,2014-01-10 09:52:04.071059+00:00,0.327,,0.31,0.9999789838380442,,GRB5,GRB,297.76959610751726,28.98841824972942,20.714981289632192,-60.36042803574591,19.56371212363493,14.02460304707003,286.2330732890481,-67.34769822016243
GRB140110814,2014-01-10 19:31:34.717438+00:00,2.671,,3.62,1.0,,GRB3,GRB,34.90326624036012,3.926286539585547,5.88482845960975,61.53070912321264,3.5286743319886327,4.445283904967553,36.441072446334346,61.68229509672331
GRB140113183,2014-01-13 04:23:54.667359+00:00,6.573,,8.21,1.0,0.0079414471977163,GRB5,GRB,66.92159358157302,3.402435291317857,3.804199361874432,-6.756741422597681,3.1807846736687404,3.4271627414500934,67.03483639130278,-6.249850464472335
GRB140115864,2014-01-15 20:43:27.623650+00:00,2.671,,2.69,0.9577058580467936,0.0636798296606197,GRB3,GRB,208.22374287043365,2.9722539689949485,3.123664079733516,-63.7536980894776,1.7814350656974227,1.823213198424213,208.1818015344724,-63.69574467695926
GRB140115899,2014-01-15 21:35:12.319117+00:00,1.086,,1.62,0.999998667640026,0.9743638925283518,GRB5,GRB,89.38011757049478,1.8541597470874365,1.7992371727258671,-33.47424368999729,2.465971191508558,2.818552563690844,89.17515681208971,-33.33568830942937
GRB140122597,2014-01-22 14:19:48.867038+00:00,2.671,,2.83,1.0,0.2785654909902031,GRB5,GRB,57.89021080833648,2.6776174110845474,2.9671301943729063,10.953460742950648,3.5073695071578808,3.469888342923638,58.151619050466806,9.721130058333795
GRB140124750,2014-01-24 18:00:09.617190+00:00,0.133,,0.13,0.9999987925797676,,GRB5,,222.55477512297944,11.549968285674908,10.74825131020421,-37.735751747185525,7.979907921398244,9.20315323151332,218.2043596088473,-38.00115589267708
GRB140125789,2014-01-25 18:55:44.522037+00:00,6.573,,7.33,0.9999974752266316,0.0502302256838935,GRB3,,58.6130711922502,7.294880451701147,7.339333183630813,48.85765266446034,2.7934160774503454,3.193203646922335,58.87766700731191,48.33130977899389
GRB140129296,2014-01-29 07:06:50.564838+00:00,0.133,,0.1,0.9997789244361692,0.6600125391147311,GRB5,,79.30052225401802,6.06761856685479,5.319821826829241,-9.18683729323305,10.943501613223408,12.81385541118689,78.32277317134779,-2.880434648532919
GRB140129499,2014-01-29 11:59:01.643381+00:00,0.054,,0.05,1.0,0.9606598809338316,GRB5,GRB,185.54981136548443,6.783961707856491,5.379752463818363,-4.172651483368268,4.303298769547494,4.025869824616985,182.29074214698755,-4.287810957176578
GRB140204547,2014-02-04 13:07:04.706104+00:00,6.573,,8.21,1.0,0.0016047368681525,GRB5,GRB,145.63123645423872,9.157813231685594,7.975992951950502,55.57536754428468,6.460976122986693,5.734788765348306,142.09241854365743,55.16948790356362
GRB140209313,2014-02-09 07:30:59.940880+00:00,0.596,,,1.0,,GRB3,GRB,89.66,,,23.69,,,89.66,23.69
GRB140209919,2014-02-09 22:03:12.194695+00:00,2.671,,4.0,0.9569538815106022,0.9701597329474166,GRB5,,286.637480726213,10.851508460047684,6.947614661552905,-27.79570425778507,9.406373744512454,7.179025111744721,281.9261772235972,-33.015892589884224
GRB140211091,2014-02-11 02:10:41.388245+00:00,1.979,,2.35,1.0,0.0053847664516366,GRB3,GRB,116.04865818674264,3.3541569777598426,3.209236897633432,-9.61624291737166,3.3371930354089416,3.164783177649504,115.88019364500308,-10.9105049985365
GRB140216331,2014-02-16 07:56:05.061738+00:00,0.596,,0.86,1.0,,GRB5,GRB,207.9111125540745,11.344744997943508,9.745763765852756,34.458633701358366,7.285949488023242,9.86016862334492,205.03603010228284,37.55382715301447
GRB140217043,2014-02-17 01:01:44.134606+00:00,4.869,,5.11,1.0,0.1651942270764154,GRB5,GRB,351.4043869024873,3.3698819449093094,1.9607464897753744,76.3126928340731,0.7646945953201367,0.7961236622964947,350.1528609860823,76.167366810708
GRB140218427,2014-02-18 10:14:31.283839+00:00,2.671,,4.0,0.9801780976238278,0.1668471468237832,GRB3,GRB,341.7325781123699,10.235528034073354,13.900852603553233,57.32302338770446,6.602787515454807,10.54022953757682,345.94519330992307,60.17703772327683
GRB140223495,2014-02-23 11:53:08.481476+00:00,6.573,,6.54,1.0,0.3677712249963402,GRB5,GRB,174.84549432867684,8.947712527823995,7.0385315613973205,-40.57351903654209,5.199261951072955,5.622655528870851,172.06544679241227,-39.69762185660269
GRB140224788,2014-02-24 18:55:24.662326+00:00,6.573,,8.21,1.0,0.2431866641122003,GRB5,GRB,17.870202534822585,2.0904755144646963,1.9562272291507643,43.7604043806782,2.4128770364582053,2.708998039863502,17.958154839593963,44.047623557176806
GRB140225169,2014-02-25 04:03:20.643018+00:00,3.606,,3.74,0.973608044480588,0.0019043638460557,GRB6,,349.57116743592155,6.331505287258096,7.436722531524367,22.50145548802726,12.598742757239208,8.975483271733484,350.3617363025312,16.295737006349036
GRB140303281,2014-03-03 06:44:35.498598+00:00,0.073,,0.08,1.0,0.2478881686216452,GRB2,,297.318292055795,8.024619224474407,7.355229365174807,7.042878404351371,10.395662998303967,9.728045717705612,294.5962124305705,6.845927121264241
GRB140304557,2014-03-04 13:22:37.266463+00:00,6.573,,7.33,1.0,1.0,GRB5,GRB,31.6584424120966,5.820921692594286,5.75575137600524,32.41388229665532,4.999229253261589,4.873369392176304,33.2498098705061,31.48555304144726
GRB140304849,2014-03-04 20:22:32.655963+00:00,3.606,,5.4,1.0,,GRB5,GRB,350.87266342167266,4.512937754241023,3.901191341232448,-27.16847211717577,2.9113186866107945,3.691695037442898,349.70850494217166,-26.36912864470019
GRB140304851,2014-03-04 20:25:48.986491+00:00,6.573,,7.76,1.0,,GRB5,,352.8048125600534,4.100036535407014,4.846203388576384,-32.1983670055859,2.517900010967839,2.8221637978441763,354.1658522513652,-31.614649414510232
GRB140307030,2014-03-07 00:43:25.413121+00:00,0.022,13.0,0.024,1.0,0.2569432114655162,GRB6,,98.334287299962,84.6793639670997,11.713235918633188,31.591512210375907,23.04740034624977,12.699911265070645,95.2047350242757,25.615586539057148
GRB140308264,2014-03-08 06:20:38.799339+00:00,6.573,,4.16,0.996476725767784,,GRB3,,115.7656292055866,12.654784276642047,9.380664721099691,-44.949113184764,12.777402956825576,11.140896621119843,117.58508873325049,-45.444475037046175
GRB140308710,2014-03-08 17:02:43.504068+00:00,6.573,,6.93,1.0,,GRB5,GRB,334.60015452590494,4.2883509927600585,4.097073309247605,74.0842104081493,1.234040525757635,1.1104081873292984,334.0493192898907,73.99515881903724
GRB140311453,2014-03-11 10:52:07.261811+00:00,6.573,,6.54,1.0,,GRB5,GRB,40.57174212706686,3.3247145918770613,4.665234950782988,-33.717966671617624,2.572196398806213,2.803505376423608,40.423705035941424,-32.08567478400428
GRB140311618,2014-03-11 14:49:14.840610+00:00,2.671,,4.0,1.0,,GRB5,GRB,185.23954178974705,3.1767303830087315,1.9411731799751808,58.985939050020704,1.1050229283290776,1.220452582050264,183.38447799427712,59.4153112763498
GRB140313499,2014-03-13 11:58:42.483918+00:00,6.573,,7.76,1.0,0.3822701371520886,GRB5,,93.812218306238,6.3118000085895005,9.58964397322407,-35.45455273763143,5.5726776752243765,6.429388365451402,98.64866131677736,-35.735330715442856
GRB140320092,2014-03-20 02:12:46.025604+00:00,0.327,,0.3,1.0,1.0,GRB3,GRB,280.20236057927843,2.570876722927665,2.286083305897705,-7.360782193816193,2.986743010339982,4.5203567056899,279.72651735558605,-5.697537852733589
GRB140323434,2014-03-23 10:24:39.396339+00:00,1.086,,1.62,0.9997136145551728,,GRB5,GRB,4.104292076827136,5.488047090979999,3.069791402721389,-74.76995430208567,2.179679045736961,2.041440697664441,1.102330805999247,-74.68199013879851
GRB140323867,2014-03-23 20:48:41.195731+00:00,2.671,,3.81,0.9999860816614587,0.0694065473424156,GRB3,,320.3794718805006,12.040595903340204,10.620599152002114,53.08799835315666,6.989430751043479,8.089724396245884,319.8453393904556,54.62580311756442
GRB140328560,2014-03-28 13:26:26.609279+00:00,3.606,,4.38,1.0,,GRB3,GRB,300.19617803796984,5.177891303924071,5.009612563381154,29.99810769087613,3.898266983156745,4.024110469793886,299.6182274047578,29.53679787730507
GRB140329272,2014-03-29 06:31:21.787637+00:00,0.073,,0.07,1.0,,GRB5,GRB,91.48728378851216,10.342676876998894,10.940999387224563,-49.12244981776741,4.058331680004876,3.8884896530820825,93.07412045783629,-48.09753860068982
GRB140329295,2014-03-29 07:04:38.432249+00:00,0.022,2.0,0.033,1.0,0.0023648442358246,GRB5,GRB,163.7901752719041,5.466752640168096,6.358099252089005,-34.49518428266309,3.944452255928656,4.064257667055202,163.5971328967837,-35.42240427094289
GRB140330181,2014-03-30 04:19:56.276670+00:00,2.671,,3.81,1.0,0.0172863161208876,GRB5,GRB,323.1762371186571,1.795624112037217,1.244706050731338,-53.21894782073045,1.411708607760417,1.6521452195897766,323.1331776350419,-52.00302715998356
GRB140401310,2014-04-01 07:26:22.867126+00:00,0.003,8.0,0.003,0.9853873536220392,0.0282340635674259,GRB2,,149.65407555624006,61.81689235464529,26.01843634874959,-50.34405540920556,18.543726431691123,22.333911971793,149.77101338146423,-42.59337002584681
GRB140402007,2014-04-02 00:10:06.975600+00:00,0.098,,,1.0,1.0,GRB5,GRB,200.9,,,7.9,,,200.9,7.9
GRB140402329,2014-04-02 07:54:23.026775+00:00,0.003,17.0,0.003,1.0,0.2445312093119998,GRB2,,275.9428611463521,29.129110942554178,18.40422723605593,-39.66563331912188,8.68238350082693,9.283507846704786,273.3082942619915,-38.43925677004205
GRB140404899,2014-04-04 21:34:22.098652+00:00,6.573,,6.54,0.9529268378615012,0.465969826656064,GRB6,GRB,75.53935874326984,10.38087945551814,13.58631476183274,18.150706435855817,10.212895018369878,17.07284147937046,77.78841973705401,25.91298590800583
GRB140404900,2014-04-04 21:36:24.138980+00:00,6.573,,8.21,1.0,0.999995419350618,GRB5,GRB,93.23041437638796,2.219821514451126,2.20023033917019,-8.77094836097331,1.2777215648202738,1.4869199750952102,92.12254346978418,-8.256744266278082
GRB140405033,2014-04-05 00:47:05.530566+00:00,6.573,,8.21,1.0,0.1165069357775539,GRB3,GRB,113.19621550158584,2.4470107188950863,2.4480833554801507,-32.39387050196056,2.6002790063359384,2.6122020719051378,112.71501877927896,-31.961548647360186
GRB140405614,2014-04-05 14:44:14.790433+00:00,1.979,,1.7,0.9601917962583498,0.0162382730005578,GRB5,,330.25603793473806,11.219620383886593,9.530889142090928,-9.198437553830312,12.40059426285903,13.413173657692234,331.3805950512058,-3.028609440397524
GRB140405846,2014-04-05 20:17:56.486700+00:00,1.086,,1.33,1.0,0.0795316312733268,GRB1,,212.6410921621768,5.1022247976380015,5.080546917912812,29.405928036001008,3.6963285963201775,4.092966984292591,212.29552093151216,29.736659060279813
GRB140406144,2014-04-06 03:26:47.388727+00:00,6.573,,8.21,0.9439853604494832,,GRB5,GRB,64.89447924946461,4.824778355193786,4.746035489137299,22.20926775594566,10.235448186616082,9.361139770162948,64.29707082946685,30.86805953575688
GRB140406440,2014-04-06 10:33:29.210362+00:00,6.573,,6.54,1.0,0.0027812958008652,GRB5,,184.7823600969007,8.7226109687808,11.2800177632366,56.942468168031645,1.951417155662277,2.206541629293639,184.53007574229463,56.98855162285388
GRB140408553,2014-04-08 13:15:56.655797+00:00,6.573,,5.84,1.0,0.1322242271854451,GRB6,GRB,284.3728708449906,4.362282841909916,5.059266551162693,-13.777285787630994,4.057536703354295,3.771455434436589,286.5533277368225,-14.231016264419734
GRB140412730,2014-04-12 17:31:24.520396+00:00,0.327,,0.32,0.999930509655513,,GRB5,,240.7390867754018,6.88970143806722,14.93043839174132,-22.51454847900301,9.79602916128434,10.52193485102186,242.8821748694774,-22.50709967257708
GRB140414694,2014-04-14 16:38:41.738490+00:00,2.671,,4.0,0.9994174237501614,0.9834277886305928,GRB5,GRB,40.64874823282967,2.107888059127035,1.9799922670847965,10.690958730997078,1.8301952695562544,1.97705273019488,40.78454667264272,11.320110753450392
GRB140422194,2014-04-22 04:38:45.523165+00:00,6.573,,8.21,0.9999974752266316,0.276196671367747,GRB3,GRB,189.52336960461508,18.239586417699314,14.539184468266598,-61.04665100792644,6.797540841414289,6.0689516309480425,184.958587659292,-62.283941496538645
GRB140426515,2014-04-26 12:21:30.816431+00:00,6.573,,7.33,1.0,0.3214067343669658,GRB5,GRB,183.9570663621739,13.213796796112348,8.882627902346712,-38.193365200885616,6.830900878439699,6.448817850515162,180.64234360682,-37.10270401989905
GRB140428906,2014-04-28 21:44:38.618527+00:00,0.133,,,1.0,0.7337742801582251,GRB3,GRB,350.64,,,60.14,,,350.64,60.14
GRB140429975,2014-04-29 23:24:40.849001+00:00,4.869,,5.11,0.9999984107803936,0.0047354061682421,GRB5,GRB,8.822613492826202,8.527534509906571,5.535839840984794,44.92527405814069,6.07613301255229,6.784205123715267,4.437038990121786,45.57724084493666
GRB140430716,2014-04-30 17:11:27.364978+00:00,6.573,,8.21,1.0,,GRB5,GRB,151.39005721475132,0.8758649449158327,1.056069349038495,-41.323012147916806,1.0051448753512346,0.894459334584397,151.52088262042548,-41.47682503310837
GRB140501139,2014-05-01 03:19:41.388098+00:00,0.133,,0.13,1.0,,GRB5,GRB,163.12772373097602,6.80131820780116,6.7772176299656905,29.006090629813844,4.576784552226531,5.244297603918714,165.5631995244521,29.95591471126541
GRB140502354,2014-05-02 08:30:21.167430+00:00,2.671,,4.0,0.9999974752266316,,GRB3,GRB,319.98748820803075,8.969491378240434,7.4305971521183665,37.9420047540193,6.002705554743997,5.381896965271942,317.5274841966493,36.013284523306936
GRB140506880,2014-05-06 21:07:37.384094+00:00,1.086,,1.38,1.0,1.0,GRB5,GRB,274.3868450279152,2.0536916693883995,2.1562073156995325,-54.12860462390621,1.5460196410030775,1.5793334327368953,275.3673204902448,-54.11885295286297
GRB140508629,2014-05-08 15:05:31.983859+00:00,6.573,,8.21,1.0,,GRB5,GRB,261.85058718575226,9.681760232391524,12.829771046897749,72.46512546113533,3.385860964567499,3.053811887906221,270.38007579325483,71.18747809790581
GRB140511095,2014-05-11 02:17:11.565930+00:00,0.098,,0.14,1.0,,GRB5,GRB,312.16622766290425,8.085222001079728,8.008728922748787,-25.226421122280435,4.758894226512879,4.635971011215048,311.53612925488244,-22.791787261567645
GRB140512814,2014-05-12 19:31:49.178143+00:00,1.979,,2.96,1.0,1.0,GRB5,GRB,290.94887052960866,3.769655952477649,3.732623534780032,-20.879666039048576,1.6420871676937416,1.5463547990398467,291.2658153027708,-20.334156662908622
GRB140513724,2014-05-13 17:22:16.250392+00:00,6.573,,8.21,1.0,0.9834277886305928,GRB5,GRB,244.738322736412,1.5334686441998713,1.6471293666800193,-19.70447387862276,1.4620600769621888,1.4776824254996193,245.10472229802747,-19.412147405146648
GRB140518709,2014-05-18 17:00:43.213779+00:00,0.133,,0.13,0.9999947291937724,0.014600690797127,GRB5,GRB,279.3907562446516,12.73312114931366,22.8696301347469,-62.63632036831829,7.582445776364025,6.777798268146576,279.88040638811145,-64.06894707980112
GRB140519043,2014-05-19 01:01:47.623176+00:00,6.573,,8.21,1.0,0.057362373389306,GRB5,GRB,280.46099059699804,2.675474028608221,2.769594845606491,36.14131675243691,3.787487770630463,3.539620339641317,280.4265646013053,35.28122380066052
GRB140521732,2014-05-21 17:34:19.828378+00:00,2.671,,2.97,1.0,,GRB5,GRB,318.6363029539796,2.9216290275491588,2.787981533719744,66.83211093146878,2.187049057679829,1.9692961873702897,318.5385430497614,66.41491868410712
GRB140526571,2014-05-26 13:42:54.679060+00:00,0.098,,0.11,1.0,0.9342195833502362,GRB5,GRB,144.42433764969203,3.854344850850339,6.5279003494108,-19.79207049172662,5.916438353498638,15.127019103760531,146.76427773461216,-16.605471058439534
GRB140530788,2014-05-30 18:55:01.191161+00:00,6.573,,6.54,0.901015322748898,0.0072809681162705,GRB5,,313.0264647199135,14.783623003313892,18.01971484949962,-36.33244192658832,11.299489914547047,9.591030048865392,309.37169567827505,-40.94297577911616
GRB140531015,2014-05-31 00:21:28.967522+00:00,6.573,,7.33,0.978015595471996,0.186541354060179,GRB5,,218.3736668997009,8.616814034112366,7.410803121085962,11.906005043390016,6.057530741926074,6.210572314427821,215.7627036509058,10.97942635805278
GRB140605377,2014-06-05 09:02:50.704037+00:00,0.179,,0.18,1.0,1.0,GRB5,GRB,100.0478135550317,6.73203684997516,4.709287354549772,-50.23572684187664,3.761981491677972,4.708132622340322,98.606066996494,-50.37682055789838
GRB140606457,2014-06-06 10:58:13.562688+00:00,0.327,,0.33,1.0,,GRB5,,225.17736221431247,13.442750468102645,7.753460500448824,30.40071255935312,10.09933544500056,12.606812536182655,222.7490866286529,37.48220447460543
GRB140607842,2014-06-07 20:12:48.954673+00:00,6.573,,8.21,1.0,,GRB5,,179.97261747428115,6.450999241162577,6.052635699604764,19.654965547042995,10.604292067771636,10.776039118921291,179.51896212271927,20.365396782547403
GRB140608713,2014-06-08 17:07:11.026553+00:00,1.466,,1.48,1.0,,GRB5,GRB,209.38839023159028,2.5728515795551914,2.1929038753195016,50.21807128457969,1.7529494436722075,1.822210118733139,209.1023051257297,49.72367004738631
GRB140610487,2014-06-10 11:41:21.693098+00:00,0.179,,0.25,1.0,,GRB5,GRB,198.5440333729634,4.110915600323267,4.398162230087792,34.56140373435002,4.131510740573717,5.369043357700601,199.1394362933073,34.66456753847949
GRB140610548,2014-06-10 13:09:41.924769+00:00,6.573,,8.21,1.0,0.0062682715637201,GRB5,GRB,120.78600428397748,5.280985177472672,5.387137919513975,10.363458583845532,4.116218195429637,4.003821605156371,121.55701434902856,9.953309667191151
GRB140610680,2014-06-10 16:18:39.116135+00:00,1.086,,,1.0,,GRB1,,219.84,,,-25.7,,,219.84,-25.7
GRB140611303,2014-06-11 07:16:39.044306+00:00,0.596,,0.55,0.9767363643131036,0.8785101275361632,GRB7,,85.74774173377577,5.009596582224063,4.268277386684972,15.744090118703095,6.0576170275700925,6.017484943483867,84.80703164847455,16.47345774779459
GRB140612266,2014-06-12 06:22:38.186214+00:00,6.573,,6.54,0.9999812064071902,0.2231068014631764,GRB6,,251.9070346519226,8.74361953577781,7.881248459833046,41.047169663292166,6.233534839056432,6.973562572887857,254.7667476477096,43.058524921176335
GRB140612294,2014-06-12 07:03:39.914144+00:00,6.573,,8.21,1.0,0.1231555122636015,GRB5,GRB,257.91130552194466,4.700969257071165,4.380207973696116,-63.403377440023824,2.079834007591004,2.06242990665087,258.06370454957846,-63.05768799298179
GRB140618169,2014-06-18 04:03:27.443002+00:00,0.327,,0.32,1.0,0.0005081178582388,GRB1,,284.182636549056,5.623966410209391,8.365080063110497,63.28372950472341,2.80569999939938,2.43624815242471,284.58866606576294,62.82429179318079
GRB140619475,2014-06-19 11:24:40.703373+00:00,0.596,,0.61,1.0,,GRB6,GRB,135.09083051825522,1.011581533515027,1.2504132506853978,-5.804296806640449,1.3265035072840226,1.5771249378444,135.62575709098903,-5.7790760262028
GRB140619490,2014-06-19 11:46:01.546816+00:00,0.133,,0.13,1.0,,GRB5,GRB,246.0308648813951,8.861917328056848,10.07925353582462,-28.081455835514248,5.92875425068798,6.718294788102426,247.9981838285554,-28.801149003587938
GRB140621827,2014-06-21 19:50:14.120335+00:00,6.573,,,1.0,1.0,GRB5,GRB,21.31,,,15.98,,,21.31,15.98
GRB140624423,2014-06-24 10:08:40.904281+00:00,0.04,,0.05,1.0,,GRB5,GRB,22.27661563196581,1.6547525945196109,1.597674301117003,1.9140884500905715,3.549153779687286,3.705946725407521,22.19949351615445,2.953238633491533
GRB140626843,2014-06-26 20:14:14.601623+00:00,1.466,,1.69,1.0,0.2699118406655372,GRB5,GRB,124.7598249703012,4.509591227091732,4.146131009192089,41.74568022165804,1.9587576988435915,3.0373334934491183,123.8686343992772,42.19716028939195
GRB140627401,2014-06-27 09:37:58.602596+00:00,4.869,,5.11,1.0,0.0155321216496058,GRB1,GRB,52.88357664750326,2.060688923942557,2.452190133220384,-24.451395008587465,2.107610261953205,2.4026907805968456,53.002451153278486,-24.4352604178572
GRB140628626,2014-06-28 15:01:31.991986+00:00,6.573,,8.21,1.0,,GRB5,GRB,232.4950588615033,4.095125696414186,4.637449442079799,-9.207240803849505,3.294366265405308,3.9802623535131865,233.28178266992515,-7.989053356034804
GRB140701567,2014-07-01 13:36:13.297594+00:00,6.573,,8.21,1.0,,GRB5,GRB,352.9733392341801,2.564547767284978,2.747100962265222,-32.05827641251979,2.910946839416223,2.849474143340913,353.2325334709668,-32.97753064649663
GRB140701777,2014-07-01 18:38:26.698417+00:00,0.098,,0.09,0.9999985958731512,0.0959637448959866,GRB5,,34.096250703091115,11.254666801521168,10.962257530904804,-15.013188608444194,8.620341989833188,9.329271852919954,36.13212237188315,-15.898173807452288
GRB140703026,2014-07-03 00:37:17.348717+00:00,6.573,,8.21,1.0,0.9834277886305928,GRB5,GRB,14.65239768601575,1.5955208468567328,1.4683313548926993,44.65585444496769,1.4429154863082516,1.2240540341147153,14.624474880704486,44.004253501350334
GRB140704250,2014-07-04 06:00:36.663774+00:00,6.573,,7.76,1.0,0.2544442732529183,GRB3,,108.20667299383466,8.29630994713979,8.225091231648975,-26.35752762582596,6.653750992293105,5.85065361513735,106.98621196998512,-26.376955581300813
GRB140705539,2014-07-05 12:55:31.143678+00:00,6.573,,8.21,1.0,0.0073274189371623,GRB5,GRB,169.46586922681635,5.791001907665702,6.878673342759782,63.52545050224629,3.0717548028028787,3.3203656340211936,170.2856440038414,63.316431411909946
GRB140710537,2014-07-10 12:53:05.660240+00:00,0.441,,0.46,1.0,,GRB5,GRB,352.5901796947868,4.750411605589363,5.753136276846249,-34.54500340106084,6.61148786220059,7.452486970301756,353.45880800101224,-33.046348226295166
GRB140710901,2014-07-10 21:37:37.121896+00:00,6.573,,6.93,0.9999974752266316,0.2884235452144841,GRB3,GRB,204.2591368906672,6.735122467114877,8.578535296506999,-62.1205481356553,2.347013091362569,2.574260043367289,208.72429598344905,-62.31374852280501
GRB140711201,2014-07-11 04:50:06.334871+00:00,1.086,,1.22,1.0,,GRB1,,125.95107706260012,3.806179139444368,3.9450026833106895,-1.6742211820069786,4.47621185254473,4.507050432383706,126.06963347310608,-0.9483889410342972
GRB140712490,2014-07-12 11:44:56.702000+00:00,6.573,,6.93,0.9999987861444491,0.2941115756168598,GRB5,,238.56967534272368,7.560940762919643,8.094584808421985,32.37210894406414,5.79839083266414,6.777470075838988,240.2679380494029,32.90942113296163
GRB140712973,2014-07-12 23:21:00.224856+00:00,6.573,,7.76,1.0,0.2741884537865792,GRB5,GRB,85.19433053200272,5.9773432352815945,5.066756912490703,-72.49750238401984,1.5790693256422657,2.0751577169325657,85.87637755191398,-71.97204469499891
GRB140713780,2014-07-13 18:43:46.390727+00:00,2.671,,2.69,1.0,,GRB5,GRB,287.1318340410495,6.245689528560661,7.288712096402378,59.80464177084944,3.499497957085019,3.844310607606282,288.46203658031493,60.507014758108056
GRB140715232,2014-07-15 05:33:27.601615+00:00,4.869,,5.11,0.9630632684240248,0.3144018049993732,GRB5,GRB,66.14734531433068,1.0959576486347231,0.9951843546502914,24.16245673430126,0.8966018847888186,0.929492472461849,66.20661975402126,23.82597118309361
GRB140715645,2014-07-15 15:28:45.508767+00:00,0.04,,0.04,0.9910883859951176,0.282522828989757,GRB5,,118.09741710080762,13.300380644091987,14.921622241126885,49.95524181846739,9.112368057165078,13.639671926683915,119.9442583213924,58.07734827646397
GRB140716306,2014-07-16 07:20:13.585667+00:00,2.671,,2.83,1.0,0.0220683343440895,GRB5,GRB,235.08921085850028,8.959210588252176,7.195743574777623,34.156532201785524,8.805738045301645,7.209711029636583,232.0658549202477,33.372390883954154
GRB140716436,2014-07-16 10:27:58.093509+00:00,1.086,,1.33,1.0,0.998711532157572,GRB5,GRB,106.42050779873252,2.960080821611882,3.0622958810016314,-63.27350841993693,2.574425012161484,1.701008082015477,106.39628103960578,-63.21015769418433
GRB140716437,2014-07-16 10:29:38.363832+00:00,1.086,,1.62,1.0,0.9834277886305928,GRB5,GRB,106.61901737881011,2.7310798044545948,2.5181850393855285,-58.83209023332935,2.5660444956082387,2.040281154493627,105.75975142796614,-59.45818400686789
GRB140719228,2014-07-19 05:28:18.478002+00:00,1.086,,1.13,0.9394546116835544,0.0059864994039711,GRB3,,31.69196981606332,5.423418184191757,7.2573199102101,56.5570924042466,5.725317488376106,6.154709068137379,33.03222448059383,57.274157926750135
GRB140720158,2014-07-20 03:47:25.370553+00:00,0.054,,0.06,1.0,,GRB5,GRB,185.3479351697145,10.37325191610691,15.961890938212974,-21.72105730348363,7.323681460878355,7.497097604218634,187.28097130011685,-22.225958428689463
GRB140720280,2014-07-20 06:43:45.175257+00:00,2.671,,4.0,0.9988201723782776,0.0779829976841564,GRB5,GRB,144.16853541409515,7.593379963695838,7.129104497994291,25.07509688319704,12.169333069772854,13.7258179948103,143.07601386168477,23.6013557307458
GRB140723067,2014-07-23 01:36:30.810763+00:00,0.242,,0.26,0.9849763928045094,,GRB6,GRB,211.9474157574254,2.330976860730175,1.9636195833545005,-13.124874662991752,3.01981415462261,1.7353862935771875,211.43047452133789,-13.31450323020541
GRB140724533,2014-07-24 12:47:48.911221+00:00,0.441,,0.38,0.9999974197194264,0.0036643101615547,GRB5,GRB,301.1131076581521,9.615803423262946,10.273796354264787,-12.721422497973052,8.049463218892424,8.01122645204207,302.3919262874757,-11.204420146205802
GRB140725583,2014-07-25 14:00:09.071973+00:00,6.573,,6.54,1.0,0.1023275256930306,GRB3,GRB,13.601380793790112,4.593922330180341,3.767685981923764,64.16622749967986,3.097999856780291,2.985562200189534,12.342260766593416,64.03017386138966
GRB140727748,2014-07-27 17:56:46.147715+00:00,6.573,,6.54,1.0,0.2714061287778658,GRB3,GRB,75.91237347503272,6.676542673960014,7.071582397475737,55.09145802148013,4.536744879553432,4.673024783865259,78.9502285884073,55.45742948511385
GRB140729026,2014-07-29 00:36:56.898158+00:00,6.573,,6.93,1.0,0.9962507917115806,GRB5,GRB,199.28723172535808,0.991763855501972,0.7464743327220731,11.3284318249007,0.7879494653737158,1.194189807677672,199.14753714350783,11.747140436422784
GRB140731730,2014-07-31 17:31:17.589964+00:00,6.573,,8.21,1.0,0.0081430898541358,GRB3,,84.51818209429888,15.631791800434002,13.220821914010216,37.41623522150523,7.918602922818877,8.196232481881825,85.02907350389381,36.983970607262094
GRB140804917,2014-08-04 22:00:52.506521+00:00,0.007,0.0,0.007,0.9999309791962068,0.297684071614226,GRB4,,204.27964487020256,9.178826285302051,16.830620293544058,-38.901387315905886,13.081658150296596,14.248529945226274,204.21647431627832,-35.185639511301886
GRB140807223,2014-08-07 05:21:09.497545+00:00,1.086,,1.08,1.0,0.0051049721252852,GRB1,,186.603242945183,2.278688944058075,2.597461314129191,-17.555341950072183,2.950587331024,2.9866250335635733,186.8754384204493,-17.86055510194525
GRB140807500,2014-08-07 11:59:33.612686+00:00,0.327,,0.35,1.0,0.999995419350618,GRB5,GRB,193.85755209232505,1.8765806279216408,2.518483469915111,37.41989786851267,2.914231810476302,2.2844197939379853,194.3611628771418,36.166644784768025
GRB140808038,2014-08-08 00:54:01.461753+00:00,0.804,,1.2,0.99034182769476,0.2792032540598356,GRB5,GRB,213.7391922194896,2.013249981957813,2.1281068344070206,49.80373230620366,1.4536019217377785,1.4115439700790589,213.8027797518816,50.25558145805797
GRB140809133,2014-08-09 03:11:10.525465+00:00,2.671,,3.81,0.999994001085531,0.4274457806871828,GRB6,GRB,186.0313403851636,16.758291955127675,27.606693443833308,65.92030867752675,3.1925541193546536,3.9354280460956574,197.68053924056147,65.62219823807538
GRB140814405,2014-08-14 09:43:04.974833+00:00,6.573,,8.21,1.0,,GRB5,,332.2299309036105,7.388291783390457,8.168336398246709,-21.06294766726753,5.709851216016654,5.598177045959442,333.89201071648927,-20.901090201276062
GRB140817293,2014-08-17 07:02:02.493380+00:00,4.869,,5.11,1.0,1.0,GRB5,GRB,133.47278728670642,2.247673106008506,2.611508224870533,50.103230643181966,2.6446803728033856,2.116538460097111,133.77638264996875,50.02282627154639
GRB140818781,2014-08-18 18:44:16.561432+00:00,2.671,,4.0,0.9999974752266316,0.9924194931659344,GRB3,GRB,275.8630390956276,7.326728027684453,7.186047360316081,-6.367053098529467,5.9979634104579365,5.306316270183905,275.57147681558445,-6.2945548769280055
GRB140819160,2014-08-19 03:50:26.270928+00:00,1.466,,1.48,1.0,0.0002712154081159,GRB3,GRB,301.53624402832224,4.5872834079301015,4.534522984210241,26.43983484910207,3.860887373971213,4.089747002649737,301.64199783924414,25.584898611308365
GRB140819366,2014-08-19 08:46:40.447313+00:00,4.869,,3.94,0.9965370809932352,0.7567346249113462,GRB5,,190.3442894398876,10.65789234899364,9.23401024180643,35.43878613726213,6.345194399433964,6.431908189258554,186.6078311325561,35.60626502667321
GRB140824548,2014-08-24 13:08:47.214166+00:00,1.086,,1.62,1.0,0.6859958700816425,GRB5,GRB,56.825498969175314,1.5544363392661893,1.4861308704580978,3.187086045394171,1.124092403187177,1.1067550136470898,56.22132673635781,3.769403177614805
GRB140824606,2014-08-24 14:33:15.129598+00:00,4.869,,5.11,1.0,0.3197492097138456,GRB3,GRB,15.489975215084986,7.024506329396871,6.678570795950135,61.44247180210252,2.113526985635509,2.537264481054187,13.932865722778809,61.905180424146046
GRB140825329,2014-08-25 07:53:51.167670+00:00,0.441,,0.6,0.94781063648927,,GRB5,GRB,1.9801798574471272,2.72133611487505,1.449775172722557,24.268125596676057,3.7464129267166513,3.177732485266638,0.6095334039800724,23.248560853092627
GRB140826321,2014-08-26 07:42:29.282635+00:00,6.573,,6.54,0.9999908049147016,0.0168405253655275,GRB1,,166.47673779115135,7.52209308029677,7.347651381926255,-12.597415594247156,5.294266625755828,5.205305394691106,164.76167420606455,-12.49273665428706
GRB140828288,2014-08-28 06:54:16.103252+00:00,6.573,,8.21,1.0,,GRB5,GRB,141.63912259843883,2.0384580522002977,1.9997311133891744,6.922771577541222,2.7323696880752246,2.8749668700115354,140.93653632075143,7.422450469663639
GRB140831215,2014-08-31 05:09:01.096509+00:00,0.242,,0.23,0.9990677493807552,,GRB5,GRB,275.1223196353696,9.368209241983608,10.06332559152321,41.18994286701057,14.757455399043865,7.190725120365109,272.2132364511013,39.57026216217989
GRB140831374,2014-08-31 08:59:07.672379+00:00,1.086,,1.5,1.0,0.2596808633853727,GRB5,GRB,358.6488970766161,1.0103838106107332,2.808223375463569,39.79798075315111,2.788106797996321,2.6142842060684544,359.8956023638815,39.7896205686156
GRB140901262,2014-09-01 06:17:25.588598+00:00,6.573,,8.21,1.0,,GRB3,GRB,109.02673087379088,1.86220909747216,2.3748292442627843,-30.98279038118577,1.318729470803941,1.1581996153984626,109.2992403927118,-31.046893879932863
GRB140901712,2014-09-01 17:05:50.485179+00:00,6.573,,6.54,1.0,0.3627343122825729,GRB5,,91.95875405269068,12.995807472474825,12.4005976773049,57.17281846429249,5.508699711194275,5.413752541779758,88.03833337328288,57.10103010007383
GRB140901821,2014-09-01 19:41:37.661591+00:00,0.179,,,1.0,0.2348225747284297,GRB6,GRB,16.11,,,-32.36,,,16.11,-32.36
GRB140906175,2014-09-06 04:11:40.295688+00:00,6.573,,6.54,1.0,0.347195969222131,GRB5,GRB,243.89662134891984,3.8088253057084094,4.1603851840625055,59.26945807607749,3.264526769009315,3.123781799395168,245.53098629890383,60.30331160259554
GRB140906429,2014-09-06 10:18:18.135209+00:00,1.086,,1.62,1.0,1.0,GRB5,GRB,179.06543339774998,1.2367583756847864,1.2764932881854634,-9.090043856288617,0.929471859705716,1.1307745738525732,178.75654985662288,-8.794429839188295
GRB140909281,2014-09-09 06:44:42.751009+00:00,6.573,,6.54,1.0,0.0187350880693882,GRB5,,242.2421618644109,4.936674017735868,4.281612745086704,24.471506735803644,5.921293352543099,5.888014125586874,241.06182508293463,24.39232219867169
GRB140916234,2014-09-16 05:36:52.089235+00:00,6.573,,7.76,1.0,0.0472628740002098,GRB5,GRB,63.952106606843664,1.3863101132636544,1.5537389757143814,-11.977074849050604,1.6780570973675015,1.953421799863463,64.54249978015147,-10.863680969009357
GRB140917512,2014-09-17 12:17:06.166045+00:00,1.466,,0.74,0.988611515409343,0.0187462068389001,GRB5,GRB,173.59385792989076,9.211699278098337,7.667555516919208,23.751360266848536,7.375530721152707,6.141992624870532,173.9772029243088,21.62445212448142
GRB140919636,2014-09-19 15:15:17.540809+00:00,3.606,,5.4,1.0,,GRB5,GRB,218.1699472699656,5.347872497622689,7.570560959636538,-30.21509799322608,1.9907651778821995,1.6929575123007543,220.65111837150044,-30.84081546290449
GRB140928100,2014-09-28 02:23:26.486307+00:00,6.573,,7.76,1.0,,GRB1,GRB,168.33564335793696,2.9214841980070503,2.37090993813581,42.94928750424452,1.6282803208158896,1.4305245323592215,168.06305491497963,42.19916426174152
GRB140928437,2014-09-28 10:29:57.286846+00:00,6.573,,7.33,1.0,,GRB6,GRB,37.6733905809962,1.4848117909924523,1.8798798075682648,-40.491874711847615,1.5533292358430444,1.3380122567549575,38.05415489925519,-40.49381320628525
GRB140930134,2014-09-30 03:12:32.565838+00:00,1.466,,1.14,1.0,,GRB5,GRB,38.88946162448768,13.556342314270672,10.840697844607996,48.89060922339622,6.139920391730243,6.477282195848254,37.80052006863116,48.92741628508496
GRB140930713,2014-09-30 17:06:22.943505+00:00,0.596,,0.59,0.9999974752266316,,GRB3,,283.5436252291478,4.879314900023246,5.185357917069496,-15.10140933025516,4.69953671906565,4.558035588774109,282.9193031875765,-15.448298504546775
GRB141003564,2014-10-03 13:32:14.328891+00:00,3.606,,4.16,1.0,0.2526126535231357,GRB5,GRB,317.3084695761568,3.471965448666424,3.082896439938054,-40.21088002527135,2.4378942554835987,2.103895024580062,316.1107803314966,-40.85448234247198
GRB141003788,2014-10-03 18:55:24.014212+00:00,4.869,,4.8500000000000005,1.0,0.3443208246107942,GRB5,GRB,140.43992909443807,2.472172014044844,2.871369823903024,-6.597509303427804,2.3776795913620807,2.587220980903826,140.46765098803724,-6.499248427729146
GRB141004150,2014-10-04 03:36:33.859142+00:00,4.869,,5.11,1.0,0.1173399169839071,GRB5,GRB,43.61242095574861,2.4810148267361143,8.519378758769449,-80.72112973156321,1.480942096353516,1.6187661206014354,44.00655624793466,-79.82627287576256
GRB141004973,2014-10-04 23:20:54.606821+00:00,0.441,,0.56,1.0,,GRB5,GRB,65.40091113775588,2.261615873951584,2.21717046837243,10.915042919530135,3.1517697710317893,3.983813614826036,64.78824308196997,11.62351211141461
GRB141005217,2014-10-05 05:13:08.095191+00:00,2.671,,2.97,1.0,0.9962507917115806,GRB3,GRB,300.7116008716793,2.671561350754814,2.565336785476177,41.36280266189082,1.5815890128477577,1.484014179075828,301.2836481041025,41.89174946453935
GRB141005535,2014-10-05 12:49:57.599092+00:00,1.086,,1.27,0.9925438052225236,0.2374079171105617,GRB5,GRB,260.8494173021661,3.8594626191358543,3.518456467119961,-3.356498104398074,3.884223089241897,2.4322719713969456,260.04201566843363,-3.6539627916964896
GRB141008772,2014-10-08 18:31:32.177611+00:00,6.573,,8.21,1.0,0.0180448534941656,GRB5,,341.8642466669272,12.35221276547452,15.086621356060675,-32.28885461138508,4.156595366039021,3.1319825464215327,345.82560835606193,-34.32886757475838
GRB141011282,2014-10-11 06:46:20.388009+00:00,0.073,,,1.0,0.999995419350618,GRB5,GRB,255.94,,,-9.86,,,255.94,-9.86
GRB141016897,2014-10-16 21:31:25.927372+00:00,6.573,,6.54,1.0,,GRB3,GRB,222.037026400304,4.302186658218346,6.001843332863615,-64.01842228314521,1.3533375873017237,1.6786757393903713,223.0494947253042,-63.51424953121335
GRB141017693,2014-10-17 16:37:23.428007+00:00,3.606,,3.37,0.9999829607035748,0.0132200750068789,GRB1,,163.0524873357976,13.504014026751236,10.999610248142602,51.69542864431016,5.36628985987884,5.8370196599379085,160.47966520686063,53.90601849406798
GRB141020439,2014-10-20 10:31:30.987942+00:00,0.804,,0.77,0.9999974752266316,0.0585367240371119,GRB3,GRB,269.4854920297191,4.515504299623103,6.918420271702985,-16.78689488264646,8.992658708874945,10.699436837179404,270.2602272572435,-14.800321426591946
GRB141023184,2014-10-23 04:24:57.723167+00:00,0.133,,0.11,1.0,0.9962507917115806,GRB3,,190.28929469681668,23.90206337217495,15.59928632314694,-72.56847946610957,4.614102635400599,6.668378611557458,181.8711534129995,-71.31863242111496
GRB141026742,2014-10-26 17:48:07.420254+00:00,1.979,,2.14,1.0,,GRB5,GRB,112.86522806811016,7.062470866389077,7.9081681303891855,52.85876217521911,3.4974451744547395,3.553831188445088,113.89188017857025,53.188496675888686
GRB141027142,2014-10-27 03:24:33.679942+00:00,0.073,,0.09,0.9215890448660968,0.6700850757844976,GRB5,,70.88675606391658,30.070936301747267,30.24592745295812,-59.92196155573808,10.01655101901322,11.774574784975158,52.2793577739164,-54.41875815986546
GRB141030746,2014-10-30 17:54:18.360958+00:00,6.573,,7.33,1.0,2.76820439638384e-05,GRB5,GRB,148.6299681301382,3.1801139691935703,3.0534684874983213,39.196792372936,2.271553171382948,2.428200245395629,149.14646701103948,39.30202590900892
GRB141031257,2014-10-31 06:10:42.054923+00:00,4.869,,4.8500000000000005,1.0,0.0589046100944408,GRB3,GRB,26.60966647084541,5.306615800112056,5.189115317726053,52.101999950833765,4.981100716990781,6.090166328025909,28.08014430827097,52.92179753209707
GRB141031998,2014-10-31 23:57:20.922254+00:00,0.133,,0.15,1.0,0.25641550109321,GRB3,GRB,124.60074358465629,11.07195074989643,13.157417371409636,-28.479614941579342,6.283546776206901,6.067295427150622,125.22833033340233,-26.891455389748863
GRB141102112,2014-11-02 02:41:16.329467+00:00,0.04,,0.03,1.0,0.2491544407876131,GRB5,GRB,221.361357945118,5.085161030182235,5.52943250208736,2.090642506083884,7.648792385012175,6.832413633520172,222.7089012643541,3.221930984430092
GRB141102536,2014-11-02 12:51:40.811054+00:00,0.441,,,1.0,1.0,GRB5,GRB,212.95,,,-50.83,,,212.95,-50.83
GRB141102779,2014-11-02 18:41:19.529806+00:00,4.869,,5.11,1.0,0.2780112806026097,GRB5,GRB,130.12055128054115,2.161640650943383,2.478729325311392,25.385060671065688,3.199189512818553,3.5312030016797067,130.4624565000375,25.90293534293143
GRB141103198,2014-11-03 04:44:39.960321+00:00,6.573,,7.33,0.9988337372719094,0.2807359242533368,GRB1,,182.46386035536844,9.809111581245531,9.837690919481105,-10.204227742807507,8.100241059875646,9.631139647873855,182.22957426489089,-7.982694405008985
GRB141105358,2014-11-05 08:35:49.507587+00:00,3.606,,3.5500000000000003,1.0,0.0148398385777453,GRB5,GRB,199.273849331656,4.7511462049287445,4.682416363050152,-32.6748623037365,2.947076103460102,3.101462018227778,198.3607270730936,-33.07613253245388
GRB141105406,2014-11-05 09:44:47.439615+00:00,0.596,,0.5700000000000001,1.0,1.0,GRB5,GRB,18.50201612717478,3.462769592639244,2.635254259794472,24.677376606613684,2.582615943085361,4.376621632505554,17.76096990712754,25.92363696002398
GRB141109447,2014-11-09 10:43:57.939448+00:00,2.671,,4.0,1.0,,GRB5,GRB,173.3646762765206,68.31315727792614,73.74741188428716,83.35875900380101,3.2828322464740864,4.771889916549014,199.8386315671276,85.90269982002485
GRB141111435,2014-11-11 10:26:59.497599+00:00,0.327,,0.32,0.9874580094171208,,GRB6,GRB,37.73691647438768,27.35515944755577,18.009715571054436,55.04821807212678,11.369490880548518,16.398704811632186,42.6844098690042,59.156856540597
GRB141112828,2014-11-12 19:52:06.991106+00:00,6.573,,7.33,1.0,0.024687865725834,GRB3,GRB,90.45785889217372,3.5798931750277063,4.001430467998276,5.4768598197308975,2.638093602627503,3.254927060913048,91.54939199178304,7.429517510920231
GRB141113346,2014-11-13 08:17:43.685600+00:00,0.441,,0.45,1.0,0.8213743742583625,GRB5,GRB,198.36331117644207,23.90344846180156,19.027887612405635,71.22879476671815,3.3603753206480462,3.5933909331003377,190.27413873191563,70.55625554852418
GRB141114687,2014-11-14 16:29:22.137821+00:00,6.573,,8.21,1.0,0.4285284975693816,GRB5,GRB,358.67868421022047,0.9606236143026194,1.4628871457900343,-19.121702046101333,1.8623630401901248,2.0395654716856377,359.88020529292135,-18.43719861474013
GRB141118678,2014-11-18 16:15:51.135487+00:00,1.086,,1.62,1.0,0.6184957639573527,GRB5,GRB,157.04919691222662,2.005828729654411,2.035004806866368,20.454749476719066,1.160164688398968,0.9812104505382386,157.04850050914962,20.364298926607454
GRB141120479,2014-11-20 11:29:29.000978+00:00,3.606,,2.59,0.9999974752266316,0.0949207181349452,GRB3,,153.93728722624869,9.959720654270654,9.09937124744647,-50.661517882837735,5.709756171739095,6.016349433751216,152.65769744614124,-48.78611649334277
GRB141121414,2014-11-21 09:56:07.682467+00:00,4.869,,4.37,1.0,0.0791406735478263,GRB3,GRB,232.6777988859608,4.837685096489281,6.660479611475324,-44.10604164512918,4.349929991850935,4.789599569763141,235.78724219910544,-44.73751586886082
GRB141122087,2014-11-22 02:05:26.185651+00:00,0.098,,0.09,1.0,0.2787971658443062,GRB5,GRB,21.46160447229796,12.912252918975458,11.34638834836744,-24.369743324201902,10.9458616131554,8.00512100813453,21.980693041428147,-27.618111135772427
GRB141122956,2014-11-22 22:56:27.082864+00:00,3.606,,4.87,0.980665952876297,0.2785873983249899,GRB3,GRB,90.7774705911287,7.24427181721758,8.236383517535529,14.44545344684266,7.840464921864479,7.895956489671376,92.71824901359383,14.147719758040896
GRB141124277,2014-11-24 06:38:20.602572+00:00,0.441,,0.44,1.0,,GRB5,GRB,149.17169586813236,16.725909199915293,17.973371226774077,77.55003498396111,5.709729307011699,5.000405643923216,149.8021309686538,76.27594847843145
GRB141126233,2014-11-26 05:35:56.641736+00:00,0.596,,0.65,0.9999987925797676,0.9833747045252064,GRB5,GRB,220.5420448578886,20.56575662018841,42.49952537037203,72.17203067951304,7.3665872015174045,8.479744085894524,227.1334963659152,72.00440482840001
GRB141128962,2014-11-28 23:05:53.834270+00:00,0.054,,0.07,1.0,0.181820743080516,GRB5,GRB,320.7610764980893,4.945207071137872,6.37642650397521,-36.956992093985725,3.380836871469484,3.2218263294760874,321.69416076936056,-38.52842588963996
GRB141129143,2014-11-29 03:26:01.628527+00:00,1.979,,2.7,1.0,,GRB1,,293.7779060950038,3.468265108640992,3.178853770361343,-40.37417395274633,2.856363302763654,2.9479010383548285,293.9916255631583,-40.46446465927576
GRB141129856,2014-11-29 20:32:41.689927+00:00,0.005,10.0,0.005,0.9999508076755228,,GRB4,,190.5005613260526,11.50496092468066,15.151444331594831,-5.438641512692055,11.907327906728868,11.34916008343,197.56809573144707,-6.79599065968025
GRB141202470,2014-12-02 11:17:06.186935+00:00,1.086,,,1.0,1.0,GRB5,GRB,132.93,,,54.76,,,132.93,54.76
GRB141205337,2014-12-05 08:05:17.734879+00:00,0.596,,0.61,1.0,1.0,GRB5,GRB,94.64066617019712,6.8189537621898495,7.956595202399484,21.19870013616941,5.671382541233413,12.63661537335886,95.05111370791352,26.642443586605904
GRB141205763,2014-12-05 18:18:29.346937+00:00,1.086,,1.62,1.0,0.7482502220619585,GRB5,GRB,294.9339557535404,1.044910501832362,1.2534512549327133,-12.71511189757062,0.8397565184604865,0.7114639673378669,294.71372094709216,-12.817802921097368
GRB141208632,2014-12-08 15:09:58.294559+00:00,0.073,,0.1,1.0,,GRB5,GRB,352.57001063080133,4.897635012079661,7.110123027383281,37.13019832624648,15.767158755368833,9.689438941596848,353.86045247575845,38.862868154382014
GRB141213300,2014-12-13 07:12:15.644772+00:00,1.466,,0.59,1.0,0.0005853620433538,GRB5,GRB,245.11605896112684,3.1940121646913155,2.751463082078061,20.102641886019647,3.154899123335479,3.315022152555784,245.0108692077508,18.97177733431253
GRB141215769,2014-12-15 18:27:43.140372+00:00,6.573,,7.76,0.9821288064955755,,GRB5,,330.40380979105174,15.834410686391609,17.858827342863776,-71.2647207720342,5.675019594155657,4.253876872197196,335.85727335395745,-73.26898534308287
GRB141220252,2014-12-20 06:02:53.873230+00:00,2.671,,2.97,1.0,,GRB5,GRB,195.4033311039586,0.8906009539518038,1.4210638433571887,43.83379935418376,0.7639193051448316,0.6581701819772334,195.38709263652703,43.83565375840051
GRB141221338,2014-12-21 08:07:12.673082+00:00,3.606,,4.16,1.0,,GRB5,GRB,210.95215770370825,2.001929597759016,2.1879463327391875,13.399722283364945,2.8648866101845627,3.0406252846323767,211.9645741113733,13.678628074395064
GRB141221897,2014-12-21 21:32:17.594357+00:00,6.573,,8.21,1.0,0.1461415323602498,GRB5,GRB,105.69883805369376,4.799676630263775,5.8358263418743945,-66.06386092299795,3.386843339630268,4.054856428836146,106.63678064834556,-65.55913194920652
GRB141221928,2014-12-21 22:16:17.327198+00:00,0.804,,0.92,0.9903832685319054,0.06455439981292,GRB5,,247.18356688581923,8.39274451523795,8.553178676818987,8.846329196127595,6.735682063882994,9.635552864383037,249.2693983726584,9.861463845883057
GRB141222298,2014-12-22 07:08:59.153552+00:00,3.606,,3.5500000000000003,1.0,0.108223337505366,GRB7,GRB,177.4884888418366,0.982714924030347,1.8724527884600377,-59.223258828930014,0.8928102038954577,0.7326233275107725,177.77278254121484,-59.21924317547671
GRB141226042,2014-12-26 01:00:08.933315+00:00,2.671,,2.69,1.0,0.0160078139790074,GRB5,,73.56175112225604,7.220267236256305,8.951352224791151,-18.28653499484919,2.8888439423831382,2.84082848046258,79.90221801704803,-18.44124400547121
GRB141229492,2014-12-29 11:49:00.370421+00:00,1.086,,1.38,1.0,1.0,GRB5,GRB,78.82193585115621,2.090050937439159,2.1520389069034422,-16.335272344527837,1.2030256612342871,1.2076205296220053,79.39226254719009,-16.371206802170974
GRB141229911,2014-12-29 21:52:14.590715+00:00,6.573,,6.54,1.0,0.0155741851357374,GRB5,GRB,175.23496475345357,2.3281955656304945,2.1374557691296445,25.132012322596715,2.44611205660307,2.461211234516547,174.92268492757398,24.98101145755858
GRB141230142,2014-12-30 03:24:24.086306+00:00,3.606,,3.5500000000000003,1.0,0.9962507917115806,GRB5,GRB,64.70782937552408,2.2421185200071534,2.4246228254778472,-3.8554515476165374,1.4001030213508714,1.3411261547288893,64.5561459914038,-3.9353594379848578
GRB141230834,2014-12-30 20:00:26.414715+00:00,2.671,,3.81,0.9999986221657834,0.1102387762402262,GRB5,GRB,182.833836586977,2.575322064828584,1.9362113856699068,15.531099346966034,3.2267920365749667,2.620946743951832,182.55762004909988,15.438615338413642
GRB150101270,2015-01-01 06:28:53.735502+00:00,0.022,9.0,0.022,0.9999916104794544,1.0,GRB6,GRB,308.465719096362,8.902465423472961,9.462479893915145,35.63646640046559,4.349467880228389,6.1018516286951865,309.791972536962,36.765869364449344
GRB150101641,2015-01-01 15:23:34.467257+00:00,0.03,,0.03,1.0,0.9962507917115806,GRB5,GRB,184.52052437621853,6.612832345833596,6.995593062131377,-8.801886419040958,5.901266551183004,5.5811574108229856,183.91789944253603,-8.131628913406413
GRB150103557,2015-01-03 13:21:22.348738+00:00,0.133,,0.15,1.0,0.9713933066180612,GRB5,,340.6808958392018,10.246234010273554,16.566528719856763,-61.98505978311905,13.419931371273044,9.79581686671468,343.96886234781806,-66.19872164636244
GRB150105257,2015-01-05 06:10:45.214787+00:00,0.133,,0.19,1.0,0.1145379867183421,GRB5,GRB,119.35167129928084,2.196182979397648,2.405618226312498,-9.18607990248585,2.131331754631116,2.129022927190027,120.28682214551576,-8.673871505159896
GRB150106124,2015-01-06 02:58:40.596746+00:00,0.012,0.0,0.013,0.993994008114647,0.2886879562191179,GRB2,,88.10333330331322,25.35071117250594,26.4625825648763,27.31101093170529,23.78165552121325,24.018804693386848,88.12741580763839,30.739608336001574
GRB150106921,2015-01-06 22:05:56.315564+00:00,6.573,,7.33,0.917269026969215,0.0085564358051033,GRB5,GRB,44.94994008895513,6.386557816050484,7.618989317415853,10.471912280558756,7.647425229064339,7.8786449432066625,48.43219147150687,9.509385009661392
GRB150107849,2015-01-07 20:23:03.538090+00:00,0.03,,0.03,0.9823176127392728,0.2861628781686795,GRB2,,90.79438642355444,27.671725256345383,22.16665354481865,15.445198146309185,33.67873359858545,27.43721858913799,89.21923503832272,14.660267561471628
GRB150109050,2015-01-09 01:12:20.127204+00:00,6.573,,8.21,1.0,0.075861542107673,GRB5,,200.83380553133847,6.293284383528061,5.19464893897495,31.92672038171341,5.675907853006731,5.589059271977021,200.6502657616396,31.9763169266163
GRB150110923,2015-01-10 22:08:31.194929+00:00,6.573,,,1.0,1.0,GRB5,GRB,289.59,,,37.09,,,289.59,37.09
GRB150113667,2015-01-13 16:00:24.084017+00:00,6.573,,7.76,0.9999088091019028,0.2837345031273957,GRB6,,138.1915112716652,25.2849323826336,25.560903458009605,-11.021676842431924,19.419500517380225,17.63575326899157,139.19541164148893,-14.058525374151367
GRB150114741,2015-01-14 17:46:50.600014+00:00,4.869,,4.8500000000000005,1.0,,GRB5,,165.26995167092304,12.101641430875477,11.798252216975357,56.23822385118235,9.681127063349583,8.615892935708118,164.63480896732165,54.46852830785463
GRB150117558,2015-01-17 13:24:04.068022+00:00,4.869,,4.8500000000000005,0.9641887184321856,0.2223355097429429,GRB5,,117.46215593118104,23.19250442616608,19.767440713554805,37.25353677115374,19.60581611200797,21.99940270133488,111.56645342132094,56.2771276303486
GRB150118927,2015-01-18 22:14:32.685039+00:00,0.073,,,1.0,,GRB5,GRB,159.69,,,-29.36,,,159.69,-29.36
GRB150120123,2015-01-20 02:57:46.874412+00:00,1.086,,1.08,1.0,1.0,GRB5,GRB,355.61127577651496,2.8403884830654533,3.765585416384681,23.752229974827245,5.542484316886178,7.048074744422856,358.27580526262614,26.818933091568148
GRB150120665,2015-01-20 15:58:07.023125+00:00,1.979,,0.13,0.9650171877511802,0.0069566657207995,GRB6,,240.5068853795312,65.15824762038773,102.02120796740743,-0.8953509954295598,43.677918364116366,36.53628011232352,257.46035633955387,-13.500395459394802
GRB150122960,2015-01-22 23:02:29.474171+00:00,3.606,,4.62,1.0,0.4395395287498461,GRB5,GRB,160.7145640864096,2.8644095678247083,2.6709112129690595,-37.92408671475063,3.431042901782696,2.948197046306227,160.79924893474987,-39.0634683697151
GRB150126851,2015-01-26 20:25:44.694960+00:00,0.054,,0.08,0.999662712471194,,GRB2,,198.3006473276564,57.39525900383149,59.711851690608256,-40.51372657729698,30.802750664801863,22.81017798098094,141.19631358098025,-52.86595561996348
GRB150128125,2015-01-28 02:59:41.992916+00:00,0.179,,0.19,0.9728234563652112,0.0164889022355611,GRB5,,218.8884018475921,11.925423147580515,58.841894259297874,51.50954716742716,14.192980514894655,9.443601149275466,228.5599846795421,45.95535290737071
GRB150128624,2015-01-28 14:58:54.482954+00:00,0.073,,0.06,1.0,0.0427283096567719,GRB5,GRB,121.19238508391484,5.601907668934729,5.3539562892480745,32.61632209986798,11.068800178208114,8.493995209666146,118.21503187199842,29.789406482825463
GRB150131335,2015-01-31 08:03:03.784711+00:00,2.671,,4.0,1.0,0.0514391784462277,GRB5,GRB,5.435228555421379,2.9002756806196324,2.5495627193222656,11.75325130166271,2.513789108915761,2.476935669597726,5.327452243201433,11.376968711321904
GRB150131951,2015-01-31 22:49:26.920244+00:00,1.086,,1.62,1.0,0.021274883458284,GRB5,GRB,65.38322063127276,3.933508636862612,3.305085267241552,19.8045993944834,5.4326696019573895,5.603556777344004,64.31163688743924,19.281952586775404
GRB150201040,2015-02-01 00:56:54.192964+00:00,1.086,,1.04,0.9936024287851626,0.1310457556544888,GRB5,GRB,8.513411797907473,8.40530208354609,5.1590283099146745,21.39699257280112,7.1884891639620925,6.970586701772177,7.215061899467777,20.242945750028163
GRB150203545,2015-02-03 13:04:35.835428+00:00,6.573,,6.93,1.0,,GRB5,GRB,163.290745576486,2.2794673345696594,2.364006303541089,-21.363225108089907,2.903918779419371,3.0658741754205323,163.60027758193073,-21.695367670158465
GRB150204272,2015-02-04 06:31:08.459413+00:00,6.573,,6.54,1.0,1.0,GRB3,GRB,149.05433376045573,5.590853829066788,5.286128643663602,-61.27943018410508,1.9351471211624869,1.7335987658853682,148.16977889940262,-61.537596226374006
GRB150206285,2015-02-06 06:50:13.419837+00:00,6.573,,6.54,1.0,0.2477301872278643,GRB5,GRB,357.8230219701803,1.5876341115163657,2.761250755691208,-60.94952463368607,2.796563907299955,2.682092688164808,359.48244860459056,-61.848582802920376
GRB150206407,2015-02-06 09:46:28.590533+00:00,6.573,,4.16,1.0,,GRB5,GRB,222.21020758631607,4.619869628162206,5.077518947270221,58.49943396592268,1.862988304570365,1.6987010420762871,221.64529788041847,58.0449988862194
GRB150208929,2015-02-08 22:17:18.514640+00:00,0.098,,0.09,1.0,0.0511896058462964,GRB5,GRB,41.13029965052692,10.19708352073657,8.686722496933427,20.257306708606777,5.114866884629976,4.755354632953837,38.67348047088851,19.59441787226872
GRB150211172,2015-02-11 04:06:58.535422+00:00,6.573,,8.21,1.0,0.2716746415396596,GRB5,,278.3585863111752,7.743867333898265,8.887867088091866,44.0020350091639,4.34652395917751,4.619030472197487,278.5675861600359,44.15752709298157
GRB150211239,2015-02-11 05:44:17.059717+00:00,6.573,,7.76,0.9978693658747532,0.001788315060165,GRB5,GRB,343.2804896209961,5.594525411378811,5.499036547901085,31.688323242450423,6.925187852568648,7.573185961859885,342.52918511295286,33.0147198333595
GRB150213717,2015-02-13 17:11:46.045251+00:00,6.573,,8.21,0.990549072614588,0.0084741921252811,GRB5,,7.62712651053551,7.423575479443559,4.7560751578309,21.81598006115735,6.497660615241539,6.346196955193834,5.439497366171121,21.89037737140273
GRB150214293,2015-02-14 07:01:22.672208+00:00,0.327,,0.32,1.0,0.1599808232680759,GRB5,GRB,327.6204894861148,7.602263860692403,7.398131679102505,-35.340421721988776,6.404097029609709,6.867257924436075,328.06310672810696,-32.99089568962048
GRB150215026,2015-02-15 00:37:26.668274+00:00,0.804,,0.8,0.999945508564856,0.4305711655618016,GRB5,GRB,302.66840494087694,9.616749936009626,10.245912275883429,-14.924473132626389,10.948651011129776,11.07806707163505,301.8479477364715,-18.412681890168948
GRB150220320,2015-02-20 07:41:09.124590+00:00,2.671,,2.83,0.9579492477389124,,GRB5,,334.1808011682428,5.191467690061415,5.440372705578113,5.7381080290660655,6.026141937352346,6.460748523655598,334.4736487425133,6.9071188133208
GRB150220599,2015-02-20 14:21:53.786048+00:00,2.671,,3.45,1.0,0.0368214212106088,GRB5,GRB,133.71847129111788,0.6238578011843003,0.6282674138418258,-2.051534362442128,0.5403865729073565,0.5136331257191182,133.88005459453336,-2.3366215319495804
GRB150220600,2015-02-20 14:23:55.106374+00:00,6.573,,8.21,1.0,0.1919927504869723,GRB5,,129.1839939520466,2.3781677535083645,2.2881427162254937,0.8424416472840952,2.5217801770413977,2.4881887180957283,129.0671597520373,0.8191127332320391
GRB150226223,2015-02-26 05:20:27.365126+00:00,1.466,,1.42,1.0,,GRB1,GRB,58.63880293058406,0.635421424667669,0.6846693797168513,23.912308403988643,0.6401993712212892,0.8669227368651633,58.58625306899957,24.138150180362327
GRB150226546,2015-02-26 13:06:14.204991+00:00,1.086,,1.62,1.0,0.6005902368306407,GRB5,GRB,53.35591730039957,2.120723054863994,2.0297294592494097,29.512860681364767,4.168387405874196,3.982619406269532,53.16865449238778,28.168248685136632
GRB150226548,2015-02-26 13:08:55.089843+00:00,4.869,,5.11,1.0,0.28775924870361,GRB5,,53.19249907356108,1.3498562203465454,1.3222650820788715,28.87577161231988,1.916321812725524,1.7494001401752255,53.32408896492476,28.326281747051304
GRB150226948,2015-02-26 22:45:48.429551+00:00,2.671,,4.0,1.0,,GRB5,GRB,167.22780268451,7.332787750499563,7.251812790972309,31.843219443826325,7.799798054367532,8.15453589450668,166.24461583110656,33.79374388871161
GRB150228204,2015-02-28 04:53:35.201243+00:00,0.016,16.0,0.022,1.0,,GRB5,SGR,6.353775971358804,2.548103715837009,2.419776967268522,44.76419051795054,2.107354839922692,1.9660612497874723,6.257062490145472,45.11615647281687
GRB150228206,2015-02-28 04:57:21.336106+00:00,0.054,,0.07,1.0,1.0,GRB5,,11.037712986746506,5.305927484240591,5.839899605693971,40.09925812728154,4.203659936810936,4.510051597356217,13.322028088907622,39.95089455494861
GRB150228845,2015-02-28 20:16:19.814721+00:00,3.606,,1.61,1.0,0.1678378341377581,GRB6,GRB,205.7860305957553,1.0150593410470776,6.701740103769225,-34.15203120906287,7.410327495298112,1.203919936760883,206.4402119709734,-34.962737789363494
GRB150228981,2015-02-28 23:32:43.467759+00:00,2.671,,4.0,1.0,0.3406487248556759,GRB5,GRB,24.952543913091382,4.124186037147446,3.8990355799074834,-66.9111018008928,2.719781244657156,1.9988618283526591,21.60892855081797,-67.66193280826613
GRB150301045,2015-03-01 01:04:28.645128+00:00,0.016,2.0,0.014,1.0,,GRB5,GRB,224.55871037503525,5.161109540840755,4.42495838558267,-34.36038228171519,3.852060491780737,7.364404063981127,223.91512227478623,-33.5318950313803
GRB150303516,2015-03-03 12:22:55.376048+00:00,1.086,,1.33,1.0,0.0480943542013785,GRB3,GRB,114.29764816513844,3.924252534290062,4.269399028586449,-15.536475247895416,3.694659275682847,3.739629789767127,115.687450286422,-15.81096920251099
GRB150305724,2015-03-05 17:23:13.635145+00:00,0.804,,0.96,1.0,,GRB5,GRB,216.53740162751683,3.63521687012647,3.521281607171119,-24.968954447558907,6.797761864963356,5.4290892427579855,216.86699730172504,-24.995191847365373
GRB150312403,2015-03-12 09:40:45.709445+00:00,0.054,,0.05,1.0,0.2808216106282714,GRB5,GRB,270.38234609766164,41.29653736385865,23.69863008721228,-81.72861325260322,3.5539830463423527,3.08060447124268,254.779353804622,-81.73691324806134
GRB150313657,2015-03-13 15:46:42.603740+00:00,4.869,,4.8500000000000005,1.0,0.0090665453222531,GRB5,GRB,220.8631588370526,2.710396181468184,2.396814149561692,-29.330776218998206,2.276967832084747,2.335168887094195,220.2474107576684,-28.84653917913667
GRB150316400,2015-03-16 09:36:08.578722+00:00,1.466,,1.55,0.9992803241976684,0.1564664931473239,GRB5,GRB,16.317286947257333,11.012621259792052,9.448731145276255,35.95890048802791,10.924463143270174,13.043767853246688,14.266235171173438,39.04777495779385
GRB150319271,2015-03-19 06:29:55.019186+00:00,6.573,,8.21,1.0,0.3079739369422127,GRB5,GRB,8.591877087124544,1.4893931096152642,1.3930268953879672,25.59846589471568,1.7421730653436711,2.532282448259224,8.544751193321737,26.40595897101492
GRB150320462,2015-03-20 11:05:31.551978+00:00,0.04,,0.05,1.0,0.9834277886305928,GRB5,GRB,154.39973439753777,14.622018941806914,10.12509908238482,63.39551422343345,4.174094294469157,4.140801752501162,148.48352277008885,65.1645130942307
GRB150321617,2015-03-21 14:48:21.119923+00:00,1.979,,2.96,0.9975423003777648,,GRB5,,246.74405417512708,5.282882318470655,5.539191627476697,-4.50249956605978,4.0885724366367855,4.3712655760446095,246.640926531368,-4.297550547291836
GRB150324164,2015-03-24 03:56:13.081450+00:00,0.327,,0.49,1.0,1.0,GRB5,GRB,182.07530671844555,2.582330655476227,3.052393248021985,-30.728416070821392,5.033066454500183,5.883330576601832,183.5043864662323,-28.916058258432265
GRB150324319,2015-03-24 07:39:20.469986+00:00,4.869,,5.11,1.0,0.2992298810386798,GRB5,GRB,296.85292426055054,1.670559923750318,1.8058565664923087,-16.631816546109675,1.6709061889172308,1.476594783918781,296.371160296652,-16.945640492628055
GRB150325696,2015-03-25 16:42:02.512200+00:00,0.073,,0.09,1.0,0.9694293166211344,GRB5,GRB,148.36809315866054,9.181252057438796,8.841115639855104,34.26222500737088,5.13384345141413,5.43193227870718,152.62697584635714,34.923319635165925
GRB150326521,2015-03-26 12:30:42.297715+00:00,1.979,,1.95,1.0,0.2078942367532336,GRB5,GRB,353.76982541212783,3.834321074197078,5.0685004540688965,13.926374669235829,3.908220684522803,3.532485835173293,354.34118685644773,12.46258504027468
GRB150327684,2015-03-27 16:25:00.629006+00:00,0.022,6.0,0.023,0.942440510425874,,GRB2,,237.63696245939445,12.744548647937933,29.01696986431844,-36.52726391855517,14.904350328066965,6.922428527744792,244.636096709526,-41.47104672892141
GRB150329288,2015-03-29 06:55:19.243015+00:00,6.573,,8.21,1.0,0.5661193484470853,GRB1,GRB,147.55264106365445,5.501020520579488,4.019373444523126,-10.95900875731111,2.6167697411731954,2.767626884778199,146.21424412114948,-11.15483936231995
GRB150402898,2015-04-02 21:32:25.571209+00:00,6.573,,6.54,0.9999974752266316,0.0230488165952744,GRB3,,325.5861906364435,15.27839311444859,7.590767924460636,49.47054920482841,4.654393523218147,4.4544532882745145,322.4020679440817,48.61310315144159
GRB150404733,2015-04-04 17:35:03.999022+00:00,3.606,,3.5500000000000003,1.0,0.0231173518124281,GRB3,GRB,162.70071297409652,5.402776472748428,4.167502123070392,-60.47531797941177,2.286481049244479,2.458632978201912,161.56366015225075,-59.66393758557422
GRB150411026,2015-04-11 00:37:50.529396+00:00,4.869,,4.8500000000000005,1.0,,GRB6,GRB,344.1098162756101,6.3809529575885335,7.225650439573314,25.58091362360899,4.392193939609033,4.820229064437733,344.81439272097634,26.358034979110897
GRB150412507,2015-04-12 12:10:36.734522+00:00,0.242,,0.26,0.9999987925797676,0.0941014547327296,GRB5,GRB,197.97959903375065,5.391977490107308,6.050098332409391,15.690866203787277,5.139303992569392,5.946553297671054,198.8522532502912,15.7147395832588
GRB150412931,2015-04-12 22:20:36.226948+00:00,0.327,,0.33,1.0,0.2091562391328565,GRB5,GRB,220.9053536910381,9.701736202473969,6.267822051485126,6.793736132077405,8.821886377988303,7.717910539375713,218.649333963777,5.457244659467129
GRB150418819,2015-04-18 19:39:29.531572+00:00,1.086,,1.62,1.0,,GRB5,GRB,286.72484731374755,8.33103531923581,6.856374687460061,-46.470135196915535,3.5982573330024508,3.713028982510842,286.4839003242382,-45.98489407713016
GRB150423285,2015-04-23 06:50:42.999584+00:00,2.671,,2.97,1.0,0.2444966409257704,GRB3,GRB,232.1481444330209,7.21038869333799,4.838558192422539,-47.17735855005097,4.846469089457251,4.685525500669193,231.1327466494316,-46.32851032145075
GRB150423755,2015-04-23 18:07:21.593802+00:00,0.073,,0.07,0.943221486915636,0.2184377788709706,GRB5,,76.72221107892815,12.361448322635113,17.389961434597083,-37.0755449896876,11.947067189621889,11.83681439494888,80.42315004655156,-36.09432597630646
GRB150424403,2015-04-24 09:40:00.468638+00:00,6.573,,8.21,1.0,0.0299037290760573,GRB5,GRB,181.3188141768293,2.5249053732623,2.5871952816168573,-10.293529840504153,2.866767845339321,2.608229004665155,182.24357374390627,-11.20044814437026
GRB150425374,2015-04-25 08:58:27.005500+00:00,1.979,,2.7,1.0,0.367725768183316,GRB5,,194.10605197265505,13.65493700213733,17.482858637830844,73.57859725263626,3.055978413655808,3.327342686444581,194.646530881578,73.19219187895155
GRB150425617,2015-04-25 14:48:20.650452+00:00,4.869,,4.8500000000000005,1.0,0.0093491143452874,GRB3,GRB,198.14681277403645,10.345267678975064,8.28282951631644,-55.579350577103135,5.374565261020415,3.5723215300888143,197.5318320564976,-57.814172337839565
GRB150426594,2015-04-26 14:15:45.946743+00:00,1.979,,2.96,1.0,0.2765719354587552,GRB5,GRB,17.10939212915965,1.2478668682680052,1.003594176320302,-30.27006885870924,0.598350430253106,0.7366430530473167,16.689163962818185,-29.77632854115324
GRB150430011,2015-04-30 00:16:01.004866+00:00,6.573,,5.22,0.9999987925797676,,GRB5,,323.9003686228375,4.202094155934049,3.3675004618002617,-26.64838980809713,4.495915978747746,3.685527418325609,323.54843907270583,-27.38158490134948
GRB150430016,2015-04-30 00:22:52.566039+00:00,2.671,,3.62,1.0,,GRB5,GRB,326.9616425417325,3.1048276286352348,3.733489077154843,-10.283009669738531,6.1076289686279,8.69024550721548,326.9251694080264,-5.93157495959462
GRB150501017,2015-05-01 00:24:09.308623+00:00,2.671,,3.12,1.0,0.9615751078892724,GRB5,GRB,40.23726619521158,3.3260211246488964,3.473068764639926,-22.21907745048929,3.367731810935087,2.173272500393089,40.21695065497402,-22.6770381080213
GRB150506398,2015-05-06 09:33:49.848329+00:00,2.671,,1.9,1.0,,GRB5,GRB,180.1814549703917,1.4954174488142655,1.0536902346480872,2.3080872461944657,1.6013138434609109,1.5367233688584376,180.12627995925465,1.5913710779623682
GRB150506630,2015-05-06 15:07:05.713691+00:00,0.242,,0.26,1.0,,GRB6,GRB,92.39376242117136,6.353270650913586,5.761880227370554,64.49373021381405,1.4719940934881066,1.3845713934228456,89.46648123888502,64.14276169189671
GRB150506972,2015-05-06 23:19:15.226390+00:00,0.441,,0.44,1.0,0.044746971764554,GRB6,GRB,21.52383752359712,5.6547023982659255,5.393805538152314,-3.1291002705294417,9.778644498420618,9.594209069175571,21.385743786208145,-4.098525564373281
GRB150507027,2015-05-07 00:38:20.027528+00:00,0.327,,0.49,1.0,0.0683707365199367,GRB5,GRB,15.988851887146623,4.138057533818955,4.599515369119347,-3.969919872040825,2.532277278391449,2.255877415896739,12.58179432719379,-3.909142067287904
GRB150510730,2015-05-10 17:31:16.670259+00:00,6.573,,6.54,0.9613146149729718,,GRB5,,284.6806281725829,40.83625319500493,20.98358476088538,14.556544279566603,17.333217170579513,19.12951210763802,269.7597804972905,12.714689959609892
GRB150511362,2015-05-11 08:41:59.599392+00:00,6.573,,7.33,1.0,0.2742390815122479,GRB5,GRB,91.01311816144404,2.333747993438422,2.3824256568616846,-28.007224307524933,1.752802526928246,1.6729901165599763,91.9199217437897,-27.504641714721785
GRB150511829,2015-05-11 19:54:09.360601+00:00,6.573,,7.33,0.9616326604322064,0.116714218185135,GRB3,,94.93670743747174,12.93410726283986,12.723275794952045,16.07713564279405,9.1715582350831,10.824921815400494,90.45261952840968,15.13596272039258
GRB150514774,2015-05-14 18:35:06.870089+00:00,2.671,,2.97,1.0,0.1108016299849841,GRB5,GRB,70.53778364247057,0.6852811134151011,0.6875907622268187,-63.59340817699113,0.782660441588277,0.7243240975453347,70.53743221660073,-63.98422308394596
GRB150520893,2015-05-20 21:25:34.206141+00:00,2.671,,3.62,1.0,0.0026249366579208,GRB5,GRB,125.17566869447438,3.4574807440037034,3.376118146165183,-3.5303303208525847,2.431871193849096,2.863282920715011,126.12099871843944,-3.3877036667093137
GRB150522434,2015-05-22 10:24:15.287513+00:00,6.573,,8.21,0.9941863859620046,,GRB5,GRB,290.5945322792712,8.543322930124589,9.38735250473468,-53.578664440122935,6.001087804839685,6.597160938586811,292.96276751985727,-52.403070376491215
GRB150522944,2015-05-22 22:38:44.139428+00:00,0.441,,0.44,1.0,,GRB5,GRB,117.8064675532637,5.762194800284149,9.094539375703109,50.48714605091404,5.577136501278879,7.073205458739402,122.0705358396826,52.974336721655256
GRB150523400,2015-05-23 09:35:52.783904+00:00,6.573,,7.76,0.999997392055711,0.273896820389528,GRB3,,94.53982422199915,5.182953556832018,5.520321381106982,17.280630026709535,3.5174544697777144,3.6592053644591847,95.75711859970612,15.701932665841715
GRB150527283,2015-05-27 06:47:09.612249+00:00,4.869,,4.8500000000000005,1.0,,GRB3,GRB,291.17144881519323,4.1363985780437815,4.369184035544606,-1.0363122181749982,5.319578612655874,4.065223178665905,290.6351345238228,-3.8613279856335545
GRB150528656,2015-05-28 15:44:16.069049+00:00,1.466,,1.84,1.0,0.1047696731804133,GRB5,GRB,353.8374121504993,1.460648470182548,1.1472985735950374,-18.151178565341297,1.3864868199150315,1.878546381106048,353.90121694272864,-17.794533993339734
GRB150530095,2015-05-30 02:16:34.196183+00:00,6.573,,6.18,0.9176800486321118,0.0336741812506337,GRB5,,61.07508921679043,12.869727429732848,15.44022948080309,27.61382432321149,12.783493647541649,19.157519868737985,65.70002535118005,29.30831578470768
GRB150530488,2015-05-30 11:42:18.364438+00:00,6.573,,6.54,1.0,0.9962507917115806,GRB3,GRB,328.7307952967473,1.5281548518073578,1.9977142872961624,58.89585062333857,1.59174997503753,1.2075933260062897,329.1077640192981,58.79765533065816
GRB150601217,2015-06-01 05:12:13.674949+00:00,6.573,,7.76,1.0,0.2320171710916686,GRB1,,313.38806607962385,5.22177729655931,6.560741334392617,-21.70057862585792,5.42875128512765,4.927021893818612,314.2555731476443,-22.47926982015576
GRB150601904,2015-06-01 21:41:10.809669+00:00,1.466,,1.42,0.999153690208894,,GRB5,GRB,102.04593914795429,16.787119360779485,24.15611874521103,-51.26206992148565,8.172759022610855,5.196542799992891,106.44785960510356,-54.21817686906928
GRB150602840,2015-06-02 20:09:24.865331+00:00,2.671,,4.0,1.0,,GRB5,GRB,301.17724271330496,7.891326985485648,6.580760397206348,-71.09714963576658,3.2276384611653413,3.100022779761688,300.16838128506873,-71.28634609684966
GRB150603105,2015-06-03 02:31:45.415455+00:00,6.573,,6.54,1.0,0.2685479615700369,GRB1,GRB,73.41256814496802,1.445219442823202,1.1050547873880987,-35.70508034009647,0.8863430740855378,0.8012079144782973,72.690371447763,-35.92131219404997
GRB150604434,2015-06-04 10:24:44.212409+00:00,1.086,,1.08,1.0,0.9834277886305928,GRB5,GRB,62.75951876868668,4.010131675476117,6.293420360578196,-18.0221738736244,3.599819581486223,2.563575930742761,63.43898726378736,-19.720556778235363
GRB150605782,2015-06-05 18:46:19.020537+00:00,0.054,,0.05,1.0,0.1684465865122164,GRB5,GRB,216.01401061080963,4.869653179226276,5.478941363470682,10.36846350835096,6.178801428785892,8.60818351748347,217.40503308715384,13.917876209713564
GRB150607330,2015-06-07 07:55:11.880672+00:00,4.869,,5.11,1.0,1.0,GRB5,GRB,123.61614908592928,8.623932995875265,7.8690122966076785,65.85048426958681,2.664935365690667,2.914254475670802,124.57650255458462,66.14656218113375
GRB150609316,2015-06-09 07:35:19.378694+00:00,0.03,,0.03,1.0,0.2494549076272643,GRB5,GRB,37.73936724303013,14.232694586245492,16.855324917202203,32.1938787308031,13.262126313131349,17.937137705963906,43.848881110437375,31.09158433875988
GRB150613995,2015-06-13 23:52:50.619614+00:00,6.573,,8.21,0.9800694253990204,0.2798592717151386,GRB5,GRB,232.04114715126173,1.428207887155537,1.3522404510371755,-13.684108842973776,2.034886469521531,2.3727978222074206,232.17242545384707,-13.770118260890923
GRB150614073,2015-06-14 01:44:35.169582+00:00,4.869,,4.15,1.0,0.0621901991376916,GRB5,GRB,280.44503699354533,1.9391475360968684,1.5311381702468907,25.011997016897684,1.3852623548510472,1.7236721226034175,280.2438338022872,25.494509023509497
GRB150615798,2015-06-15 19:09:44.905797+00:00,6.573,,8.21,1.0,,GRB3,TRANSNT,293.4625995690731,2.9705733114044506,3.0860708294221126,32.84106921293261,3.217637084166114,3.722314722292122,293.78914218962046,33.01727037255111
GRB150618381,2015-06-18 09:08:44.734743+00:00,6.573,,6.54,0.954720948517196,,GRB5,,334.40323988375377,16.690727710097576,21.09650923875108,-36.200923903619824,11.246924418699066,10.983439269483114,341.26239028042284,-35.5521040018987
GRB150619287,2015-06-19 06:53:50.362554+00:00,1.086,,1.62,0.998422048553796,0.9735235518362444,GRB5,GRB,219.29187259128983,1.4154611806269486,1.5926860997789447,6.0985745428307165,1.470098349193302,1.5678291117911003,219.54331752860347,6.47950674194815
GRB150626099,2015-06-26 02:22:08.156279+00:00,2.671,,4.0,0.9999974752266316,0.0929664542900311,GRB3,,305.2336721269046,2.4619320103539053,1.977587199077334,31.32252715292364,2.8123485253382725,3.731899945564006,305.3806765347532,31.682327235517253
GRB150627116,2015-06-27 02:47:09.278492+00:00,0.005,15.0,0.005,0.9074355720779675,0.1570600328148415,GRB2,,306.84976950469206,29.07942876151924,34.00160799192014,46.03230275742712,17.88972867769526,21.353080346195487,306.88579295132786,51.10067715232543
GRB150627178,2015-06-27 04:15:44.567806+00:00,3.606,,3.37,1.0,0.1336845389672349,GRB5,,40.891920891316026,3.812768138090512,3.4174104809308687,-21.82574109396417,3.1700512786739665,3.228448620418277,41.193524030778526,-21.749592665720105
GRB150628767,2015-06-28 18:23:57.437140+00:00,0.596,,0.61,1.0,0.6262358200246584,GRB5,GRB,336.9920891848828,13.26633473252059,16.073247028751666,-75.21593286206233,3.880945347738816,3.028268735878342,344.1059756257065,-76.64205458034536
GRB150629564,2015-06-29 13:32:40.681045+00:00,0.242,,0.33,1.0,,GRB6,GRB,314.6018789847635,4.356528413297326,5.7456741005239,-31.815117522687967,3.405721168461227,3.2380376207782824,313.49809037332733,-32.33484740537075
GRB150630223,2015-06-30 05:20:52.647776+00:00,6.573,,8.21,1.0,0.9834277886305928,GRB3,GRB,115.72795879456778,0.8865999983036517,0.8241680927075379,-22.2388312046882,1.072757029982185,0.6833625990384924,115.72038956820516,-22.37863318394218
GRB150630958,2015-06-30 22:59:02.282109+00:00,6.573,,7.33,0.9999426929290306,0.3174387458777947,GRB5,GRB,354.65162649804546,3.989945763017033,16.09096889202607,-45.21308198800692,6.180023014520188,1.6377781056014271,359.7926139455394,-45.965566181707445
GRB150701975,2015-07-01 23:23:59.357474+00:00,4.869,,5.11,0.9274511461487396,0.1861488700426913,GRB3,,305.1351092680077,38.31276436175352,69.46078579071249,47.64134753136281,24.4653579107974,79.94935889357963,329.405267735395,56.08850498022469
GRB150703149,2015-07-03 03:34:25.678598+00:00,6.573,,8.21,0.9999908049147016,0.0047146081188626,GRB1,GRB,134.96811450953146,2.486440743734221,2.5727100930418203,-12.51651696555675,2.54669873270109,2.2843511951846693,134.96030520190627,-12.416007795149358
GRB150703259,2015-07-03 06:13:40.684799+00:00,6.573,,8.21,1.0,,GRB3,GRB,331.390067089485,3.638961579895295,3.396146133740785,47.5881073884005,2.827608630099647,2.710939674904793,331.6177779551434,47.34329094258294
GRB150704163,2015-07-04 03:54:56.274324+00:00,6.573,,7.33,0.9487301680147152,0.0051578136127515,GRB5,,80.63677015593615,9.861265432701714,11.676674115565106,-17.70124658828225,13.175680892536947,22.497540488269667,82.89265113698707,-11.735028559462611
GRB150705588,2015-07-05 14:07:11.534113+00:00,0.327,,0.31,1.0,0.17122761613841,GRB5,GRB,57.11559005696834,2.72927503695432,2.338910194466962,4.43140956596118,3.8456461179266297,5.004129224034676,55.97834396515178,4.329824785978257
GRB150714428,2015-07-14 10:15:48.286206+00:00,2.671,,2.97,0.99999344112817,0.0435180261958473,GRB6,,307.98782982224435,12.667560128748732,13.049257052662142,27.813968176620563,9.730440831370522,8.121390481684564,302.9214720917663,25.170794431512096
GRB150715136,2015-07-15 03:15:28.175425+00:00,0.327,,0.29,1.0,0.9834277886305928,GRB6,GRB,170.9428717465475,6.16502383063775,6.437083488253705,16.712479129839767,6.485819077486223,7.678114171953151,171.5325479963675,17.20981870215198
GRB150716552,2015-07-16 13:14:39.625939+00:00,6.573,,6.54,0.9999974752266316,0.5637786761218807,GRB3,GRB,294.5862372717366,7.221772669625409,8.063941190601156,3.0033481956729187,6.618148298824581,8.275744159433172,295.3239025200396,5.085203067328578
GRB150717795,2015-07-17 19:04:31.282546+00:00,1.466,,2.1,1.0,0.9567366071510912,GRB5,GRB,239.0447962302159,3.045600774207003,3.1273993299739686,17.52507273484911,5.765900482700097,5.352510536320214,238.7768151307108,17.63388115379463
GRB150718547,2015-07-18 13:08:18.443438+00:00,0.073,,0.08,0.9999937015195364,0.274201755091668,GRB5,,310.44768945523487,15.513976088818026,14.82200893602004,55.60892621176871,7.429574804063002,12.649698153407606,305.6756533613559,57.28346731688156
GRB150718656,2015-07-18 15:44:47.180558+00:00,3.606,,3.5500000000000003,1.0,0.278020807849921,GRB3,GRB,125.43231776688371,3.137123540540742,3.3220574436333408,-46.91298436571133,2.08655396291276,1.9196872378854053,125.7517353314896,-46.8320243750766
GRB150721243,2015-07-21 05:49:12.519993+00:00,2.671,,4.0,1.0,0.6893770365604166,GRB5,GRB,335.9125405907128,0.8317880864766494,0.7651705567204203,7.213997916880706,1.2074529342937428,1.3662341964473708,335.5470849996715,8.189276263071509
GRB150721431,2015-07-21 10:21:06.507875+00:00,0.242,,0.23,1.0,0.0024950323847793,GRB5,GRB,255.4277297115728,14.843713398349138,8.97369096223295,21.217314321034618,6.315479685662034,7.2143578561856,251.1857120073965,19.494702582519903
GRB150721732,2015-07-21 17:34:30.928270+00:00,4.869,,4.8500000000000005,1.0,,GRB5,GRB,294.6883676404926,4.962276628336554,4.58671339831335,-54.06076272406015,2.726800153525496,2.722239601446269,294.1868716469895,-54.24682066990246
GRB150724012,2015-07-24 00:17:26.755778+00:00,0.009,6.0,0.009,0.9928269276596388,0.1763840589878185,GRB2,,118.36784678639135,17.653878259165367,15.652423502041104,-25.86614370943933,24.612902296092404,10.6209698344213,117.02548258486624,-29.23879817817504
GRB150724398,2015-07-24 09:32:39.002996+00:00,6.573,,7.76,1.0,0.0076494689532402,GRB5,GRB,143.9583070131906,3.03938138698382,2.942180979932914,29.239731902341543,3.0759171196532265,3.1453393692324205,144.47321921861925,28.877906217000483
GRB150728151,2015-07-28 03:37:27.260084+00:00,1.979,,1.78,1.0,0.0562603508143572,GRB5,GRB,99.4255325911169,4.715104607974894,5.663717658871363,25.6926788907783,3.854834343027044,4.176029162691645,101.07511041033092,26.60683104033448
GRB150728428,2015-07-28 10:16:07.055546+00:00,2.671,,3.62,1.0,0.0068549695484449,GRB5,,175.27515540296957,7.5733921160007185,5.954630841816339,58.388965729941056,3.7380352277857214,4.093089666916164,174.10753376186926,59.47662413817917
GRB150802130,2015-08-02 03:07:35.734820+00:00,6.573,,8.21,1.0,0.21566487226935,GRB3,,154.20081966387036,5.377002516474789,4.579193662471766,-59.30113945314773,2.980040647078184,2.758126910488258,153.6611828541514,-59.14760362596133
GRB150802207,2015-08-02 04:57:45.297545+00:00,6.573,,8.21,1.0,0.0845535441709458,GRB5,GRB,204.51961289700608,2.12586955588273,2.16320985168494,21.409731902621875,2.558704722241309,2.4235803189866054,204.499540418087,20.689532340489983
GRB150803356,2015-08-03 08:32:31.457332+00:00,6.573,,4.93,0.9999987925797676,0.0291987690057076,GRB5,,243.6927155774408,7.44188321632501,6.810676899858294,22.49502955718755,5.052253508119797,5.560640524857003,241.1530753728912,23.05661893871408
GRB150804807,2015-08-04 19:21:24.924675+00:00,6.573,,8.21,0.9999943864216428,0.9962507917115806,GRB5,GRB,339.8216235126239,1.8444974464891288,2.035307280262145,27.33055797841208,1.7946309252870627,1.7765083196912386,339.7449549876138,26.695698296973
GRB150805445,2015-08-05 10:40:54.519215+00:00,2.671,,2.97,1.0,0.0218354521611446,GRB5,GRB,116.2771735294865,8.442218914603714,8.276856203325394,-60.88845276625004,3.747803440962386,3.092758295351885,114.67226187587433,-60.7699891451073
GRB150805746,2015-08-05 17:54:12.599029+00:00,1.466,,1.48,1.0,0.0004338145540266,GRB5,GRB,316.0891001943387,3.090639947173884,3.2646809574910094,-18.02258711719546,3.967100565241189,3.542221596961685,314.8546245690951,-19.724010645631456
GRB150806349,2015-08-06 08:21:51.206961+00:00,6.573,,8.21,0.9999974752266316,0.9962507917115806,GRB3,GRB,105.37952512850428,2.6812501978286747,2.6177309451420285,1.0127452621138473,2.3270586325868146,2.452144452315309,104.691743625611,1.2028967518766374
GRB150809782,2015-08-09 18:46:22.577705+00:00,6.573,,7.33,0.968776601269316,0.2792391381643699,GRB5,,307.88319525302137,27.51404504236893,37.68328417998112,1.9609884445054069,39.5963349173952,23.968596399897585,305.59661833491805,-11.310737884795673
GRB150810485,2015-08-10 11:38:09.360365+00:00,1.466,,0.96,1.0,0.9928054046043384,GRB6,GRB,286.5623299852613,5.1424601019583065,4.645206062948603,20.996595056227257,2.7873826495123666,2.615791320262656,287.0258313574837,21.080754644649787
GRB150811849,2015-08-11 20:22:14.019146+00:00,0.596,,,1.0,0.0650797279993698,GRB6,GRB,181.9,,,-24.84,,,181.9,-24.84
GRB150817087,2015-08-17 02:05:25.153103+00:00,0.804,,1.11,1.0,1.0,GRB5,GRB,254.83216497406173,1.286065962796755,1.368841776852264,-21.63070889559155,0.8498560074580581,0.7956554024179141,256.2981975052097,-21.642483112114977
GRB150819440,2015-08-19 10:33:20.809169+00:00,3.606,,,1.0,,GRB3,GRB,63.74,,,38.12,,,63.74,38.12
GRB150820880,2015-08-20 21:07:16.344505+00:00,3.606,,3.5500000000000003,0.9999974752266316,0.8284298957299124,GRB3,GRB,244.3879286614024,8.246746025912671,12.905036782823998,-49.42630936867469,5.952180842971352,6.250477498902541,248.3361081766305,-50.85888568900592
GRB150824079,2015-08-24 01:53:45.103732+00:00,1.086,,1.27,1.0,,GRB3,GRB,161.13395097055053,1.3318547231836817,1.854554904586422,-56.3341188219345,0.9590591947195292,1.030827640999597,161.70944538964736,-55.99045416149986
GRB150828901,2015-08-28 21:37:01.430360+00:00,3.606,,2.73,0.9379425915305863,0.2809155266230199,GRB5,GRB,93.44672065793404,23.856818709586378,33.233216096558714,64.43803715196066,7.4556867158637345,6.4950742335875375,96.78659881123846,62.82538788806569
GRB150831930,2015-08-31 22:19:30.027804+00:00,6.573,,6.54,1.0,,GRB5,GRB,280.4494231377756,1.115048438707447,1.138570840907903,-28.35410231945113,2.470391609655365,2.321842908728016,280.53703128888304,-28.927883473610287
GRB150901924,2015-09-01 22:10:44.434205+00:00,0.098,,0.07,0.9999981987615252,0.3083741826403383,GRB5,GRB,352.34923223496867,5.50222712139265,8.536839359031035,3.3329195096648645,5.672357073830841,10.770806300865518,358.3858271882701,7.066261007225549
GRB150904479,2015-09-04 11:30:19.598296+00:00,3.606,,3.5500000000000003,0.9645640972430396,0.8599289447285263,GRB5,GRB,64.73173270754621,4.475574815942608,4.688118238633578,-19.892861717921228,5.164233954691808,4.844423421007775,65.68554272294588,-21.304517230345688
GRB150905664,2015-09-05 15:55:47.022877+00:00,0.003,17.0,0.003,0.938452783484956,0.1078137031268159,GRB2,,144.98964999039742,69.44475773929958,40.92281635478244,17.284444644967618,37.97357538745089,62.54334779104168,102.40766459730364,20.53199385574624
GRB150906944,2015-09-06 22:38:47.305241+00:00,0.022,14.0,0.027,1.0,1.0,GRB5,GRB,212.67670220476825,1.547142193522319,1.305366175603211,-1.2213782663861474,1.9847681174223548,2.217106466877554,212.02692766518533,-0.7772278817114255
GRB150908408,2015-09-08 09:46:58.528740+00:00,0.179,,0.16,1.0,0.2489003155834543,GRB7,GRB,139.2629877646467,18.388010374008417,26.17918027362253,-16.139626761805257,18.91676157579888,27.025353825215152,115.22262763020996,-0.1773934166159279
GRB150909451,2015-09-09 10:49:28.479538+00:00,6.573,,6.93,0.9982497421557108,0.2741949532111216,GRB5,,183.21202740554725,16.458274576460525,16.402804504208376,45.22896077179058,12.25661604776056,15.302768968424328,179.42060933931867,45.51334737735364
GRB150911315,2015-09-11 07:32:54.067343+00:00,2.671,,2.56,1.0,0.6939652765689382,GRB5,GRB,353.9794853468974,2.9895900967368902,3.031236669830662,-12.306893607540156,3.007553689237861,3.887760013910025,353.96355295834326,-11.785190227545286
GRB150912600,2015-09-12 14:24:31.657687+00:00,0.441,,0.45,1.0,,GRB5,GRB,279.53184961461164,18.71950281613067,15.7295603856777,73.76518026557919,4.004397252781203,3.396943434701868,278.37815393229346,73.6815049752725
GRB150913161,2015-09-13 03:52:06.623756+00:00,6.573,,8.21,1.0,0.999995419350618,GRB3,GRB,241.09445485325583,5.176559195325751,5.324820878059228,-59.73849765393701,1.1231342429546842,1.278550235435688,236.23468205866567,-59.5435672622785
GRB150917046,2015-09-17 01:06:20.664765+00:00,3.606,,4.16,1.0,0.6323392348433093,GRB5,UNCERT,169.05977584128286,1.635607879893513,1.5796492341211206,7.882831816700778,1.879371154253148,1.900036063709431,168.78575661232617,7.972939608043825
GRB150919607,2015-09-19 14:33:22.007306+00:00,2.671,,2.83,1.0,0.3276006512637739,GRB5,GRB,64.49025001797895,9.014271913892102,9.007469320022588,72.28957569209435,1.3821276520531145,1.439114851131066,64.67431471480111,72.7313203706957
GRB150922234,2015-09-22 05:37:29.179461+00:00,0.098,,0.11,1.0,,GRB5,GRB,307.635091241685,3.9365194935670615,4.782916513020382,-10.000357636001546,3.363614202530207,4.01392790515121,308.19084579012736,-9.72193140234728
GRB150922718,2015-09-22 17:13:39.835409+00:00,6.573,,4.16,0.9999974752266316,,GRB3,GRB,90.19228340364909,7.458260786669484,6.324242403039264,36.32193268832759,5.9408291437795455,6.153109732840292,90.54222909983412,35.41837796464538
GRB150922883,2015-09-22 21:11:33.064658+00:00,3.606,,3.74,1.0,0.2926787847285452,GRB5,GRB,272.18671076378337,3.761963700203239,4.033266119051575,-51.763786151766325,4.177477927436527,4.532103567331909,272.3813192000009,-52.06968774786714
GRB150923187,2015-09-23 04:29:57.787170+00:00,0.003,9.0,0.003,0.9999912905410144,0.0001249601675311,GRB2,,63.21856288319814,21.85262081298267,34.42656219002979,60.13883206625775,9.65634010963052,11.64790770156462,66.32033555963903,59.147356345388914
GRB150923297,2015-09-23 07:07:36.173457+00:00,0.133,,0.15,1.0,,GRB3,GRB,305.98659083339226,5.9582116776882685,4.884531500462629,25.489401533173165,4.573691917432637,3.719203025985607,304.2964583157828,24.478478009438007
GRB150923429,2015-09-23 10:18:17.966490+00:00,0.242,,0.26,1.0,,GRB3,GRB,263.21455465621847,5.236684868195312,4.902939201732295,-45.37168067333921,5.384104605567821,4.880336500508591,264.39508864324034,-46.18528913372255
GRB150923864,2015-09-23 20:44:24.279671+00:00,1.466,,1.48,1.0,0.1981522002032623,GRB5,GRB,49.88798150587019,3.232954621120392,2.9637035963333034,-50.2546644632753,1.4219365594347266,1.4470809042221262,48.718949131817695,-50.210849117140775
GRB150923995,2015-09-23 23:52:54.647472+00:00,6.573,,5.5200000000000005,1.0,0.0073030998058969,GRB3,GRB,87.2950963406773,2.09763717820573,1.8929769504915583,15.281337802916717,2.9549329280783283,2.9150620108851246,86.750466607655,14.949285923413951
GRB150928359,2015-09-28 08:37:24.719875+00:00,6.573,,8.21,1.0,0.2182380032876759,GRB3,GRB,86.27923227860168,2.5146492594784746,2.398833621703943,42.58759317398862,2.074200824034193,2.0264804392097133,86.3734725958873,42.68035496839845
GRB151009949,2015-10-09 22:47:00.653899+00:00,6.573,,6.54,1.0,0.2769074039520661,GRB1,GRB,215.68126532411628,9.05455807614345,10.79380002554555,69.64138927214091,2.629030462347103,3.139524783469497,220.0872377541702,69.7126059194843
GRB151011136,2015-10-11 03:15:35.194493+00:00,6.573,,8.21,1.0,0.0151688457396309,GRB5,GRB,248.9577147792561,1.689771136751432,1.842734224711592,-11.19607961058124,1.0568126943626428,1.041435090591344,249.0002237469682,-11.275762446955833
GRB151014760,2015-10-14 18:13:51.523927+00:00,0.003,4.0,0.003,1.0,0.0558855632170097,GRB2,,59.27144275030094,8.951920380929387,12.925514754931648,66.2119027535607,6.805796592433836,5.7189082271375895,60.05473960217833,63.76977974380456
GRB151022577,2015-10-22 13:51:02.050868+00:00,0.242,,0.25,1.0,,GRB5,GRB,83.24574939331724,13.03384708023944,15.087351707586592,81.88021942296135,2.6029048908346653,2.445853540372539,81.68199896029223,81.68321453708151
GRB151022893,2015-10-22 21:25:12.197356+00:00,0.327,,0.35,0.9993615264021,0.2623902833457786,GRB5,UNCERT,55.730018296687234,6.81389263917746,7.822302523204314,-56.4106526250307,9.630031508229544,7.532477928470158,56.83828604481637,-61.3507454280232
GRB151023104,2015-10-23 02:29:25.743721+00:00,6.573,,6.54,1.0,0.0028178266256741,GRB5,GRB,353.7548759243789,3.114401659392797,3.1632877654445224,-21.62175427058464,2.765872773320688,2.310068621795584,354.4102978390298,-21.81745421902032
GRB151024179,2015-10-24 04:17:52.634128+00:00,2.671,,2.83,1.0,0.0928722140475679,GRB5,GRB,239.22587836747945,6.988980053253243,8.01513531387667,33.26585522706166,5.93311403985787,5.775713562464919,239.44156385653355,32.71556296993195
GRB151026523,2015-10-26 12:32:40.747967+00:00,4.869,,5.11,1.0,0.2734432137694264,GRB5,GRB,88.74900434486813,11.937559824427012,13.49870064121336,-70.36951457736266,5.745819141140572,3.102230567553093,88.6149089269392,-71.29707279295468
GRB151027166,2015-10-27 03:58:25.116840+00:00,1.979,,2.58,1.0,,GRB5,GRB,276.28961486373254,1.6828178242705008,1.8177159201648576,59.800590776082,0.8489739240331602,1.2951882775747023,276.47039175775853,59.914043311272486
GRB151029326,2015-10-29 07:49:40.224794+00:00,4.869,,4.8500000000000005,1.0,0.9999937671612148,GRB1,,35.07299178301787,5.098030872358301,3.581953763176962,-31.1554045457394,3.8316620166437545,4.378897158485515,33.72085329355518,-30.797910823263376
GRB151030999,2015-10-30 23:58:28.579202+00:00,6.573,,8.21,1.0,0.1487750079997284,GRB3,GRB,305.312423116888,0.9875789547630802,0.8005055080428747,31.953469119131874,1.0425315871456746,1.3450874080887338,305.461703794341,32.51544665360442
GRB151031243,2015-10-31 05:50:32.949812+00:00,4.869,,4.8500000000000005,1.0,,GRB1,,82.79490353066808,4.074247095153524,4.717165902611413,-35.69676001623297,2.7494938753729343,2.6581498336846536,82.89967613033723,-34.46011913055658
GRB151104998,2015-11-04 23:56:51.460746+00:00,0.009,18.0,0.009,0.9204622079883789,0.2431660315742104,GRB2,,109.71423315158904,7.095175002806258,10.437314320643722,-17.04503449740219,17.89374797539003,10.139975704750675,113.5218749733816,-18.140631016460624
GRB151109778,2015-11-09 18:39:37.100017+00:00,6.573,,6.54,0.9999678869155048,0.000570536551586,GRB3,,99.51122339758862,10.339212029663315,14.903379489746186,-2.8002890829799023,23.848753133901194,31.63003945161438,102.59739078500594,6.628228189702995
GRB151117442,2015-11-17 10:37:04.531234+00:00,6.573,,8.21,0.9999987925797676,0.0238881633796802,GRB5,GRB,23.04098954339367,3.079840762588184,2.1802238762200865,-63.80718611317657,1.0566385687113495,1.098245346011808,22.42191262513074,-63.76354022001375
GRB151118554,2015-11-18 13:18:10.016632+00:00,6.573,,8.21,1.0,0.0047184610175221,GRB3,GRB,294.5201266143014,2.321741951653621,2.166207417677981,39.48324063502227,1.872204899884324,1.9648703471649256,294.3353847563574,39.13741822696613
GRB151122507,2015-11-22 12:09:38.175948+00:00,0.009,3.0,0.011,1.0,0.0,GRB4,,298.0145147098309,9.020094186356346,12.202793441344513,-28.087681276465,12.883412260871378,11.96360143125596,300.76784003386945,-33.806563530396296
GRB151122709,2015-11-22 17:00:46.443703+00:00,6.573,,8.21,0.999994001085531,0.9962507917115806,GRB6,GRB,305.4587504049732,7.388974202469967,6.719673324656014,-20.760229089656804,4.0372649444359325,3.9656100674237456,303.0269924019883,-22.225738896868023
GRB151126293,2015-11-26 07:01:18.852723+00:00,6.573,,6.54,1.0,0.9058450859831348,GRB5,GRB,337.22139927951594,3.306968239921161,4.033499273353925,38.35075599676822,3.306253977596917,3.935667354171436,338.28404109670544,39.22676529532284
GRB151128544,2015-11-28 13:03:15.983231+00:00,6.573,,7.33,0.9062039590631716,0.0014815664743227,GRB5,,343.61211788885265,8.69004847006147,11.480418498084646,21.662542580356728,16.25578513744832,10.256289994469435,342.4214415781788,17.134588796247076
GRB151130160,2015-11-30 03:50:52.403670+00:00,6.573,,6.54,1.0,0.2298123541993047,GRB5,GRB,136.27118437083635,2.8232985123771925,2.960133705661548,-19.54446400303347,2.009694358361859,2.2395225426582392,136.2379603088408,-19.168583221959096
GRB151201854,2015-12-01 20:29:03.987187+00:00,6.573,,8.21,0.9201479851090568,0.2753980025999991,GRB5,,313.05691559558926,18.503519136792136,40.345909596637,19.33763258543611,18.44602875205934,16.586270894508885,319.39645773332666,8.84068193178533
GRB151202565,2015-12-02 13:33:50.019141+00:00,0.596,,0.65,1.0,0.9480834852311526,GRB5,GRB,325.6742657026221,4.142641526306647,8.237971545287223,-37.56996821814532,4.108000144218579,4.1782714571144055,327.8246969926342,-38.93080713559786
GRB151207562,2015-12-07 13:29:13.397234+00:00,6.573,,7.76,0.998511174750622,0.0046519296628799,GRB1,,184.37088393410448,4.643821088083428,4.86224069473036,46.297509835542805,4.058586258118709,5.813116961997778,184.51554163962007,46.96690048482875
GRB151212030,2015-12-12 00:42:56.582497+00:00,6.573,,8.21,1.0,0.2487108677110775,GRB5,GRB,306.511281580566,5.496614484544182,5.987374813336714,64.13199911425659,2.5858027213172505,2.225307331037996,304.83684033518347,62.822648650603455
GRB151212064,2015-12-12 01:32:08.022139+00:00,4.869,,4.8500000000000005,1.0,0.8827050477033647,GRB3,GRB,319.35555207645695,1.3615093277050505,1.9340153480525828,50.83241168080044,0.7117437427135371,0.712689496370821,319.0782025356891,50.63084354599763
GRB151214636,2015-12-14 15:15:38.096664+00:00,6.573,,6.54,1.0,,GRB5,,165.98640610292125,16.956535419057502,16.85589266880561,59.39437608425117,7.975938259716159,7.35369635989008,176.02644329915245,55.19648379699132
GRB151218857,2015-12-18 20:33:31.797723+00:00,0.441,,0.66,1.0,0.9572968973086782,GRB5,GRB,18.308179968769966,5.39848819633772,5.043475514515986,-30.0979628104896,3.803278702932996,3.984259065441183,17.131263016143855,-29.50500620569605
GRB151220194,2015-12-20 04:39:58.368352+00:00,3.606,,3.74,1.0,0.8271063273065848,GRB3,,54.258901353819766,9.616244025237926,8.182028965334233,52.98510273201678,4.347766668788019,4.619535665208822,50.939967654881855,51.85751331679349
GRB151222340,2015-12-22 08:10:13.854629+00:00,0.596,,0.55,1.0,,GRB6,GRB,356.8848511143625,1.0371168532708452,1.1288834042046003,28.303649716163413,2.998757873769293,1.462145195722666,356.86097901197445,27.67102886553435
GRB151227072,2015-12-27 01:44:09.158974+00:00,2.671,,2.44,1.0,0.681051643204767,GRB5,GRB,214.36615536943825,8.818541399843781,4.327064448680375,64.31118515237999,1.8996537128748088,1.88160456918056,210.4990719900865,62.9126551542776
GRB151227218,2015-12-27 05:14:33.025466+00:00,0.022,5.0,0.033,0.9999912905410144,0.3533519013258944,GRB2,GRB,296.9976945631847,8.052997799995296,8.37435256184051,22.06975332423826,5.173826289715546,6.068622575848412,296.9578929651873,22.24712846642844
GRB151228129,2015-12-28 03:05:12.512879+00:00,0.242,,0.31,1.0,,GRB5,GRB,216.64823376635013,3.241885382899085,2.8701691527479056,-17.37505038732283,2.7966136447300656,2.466672569741295,216.24249535559105,-18.10315383027372
GRB151229285,2015-12-29 06:50:28.451130+00:00,1.466,,1.25,1.0,1.0,GRB5,GRB,328.9266138506166,1.3270271984980582,1.5391624579751235,-21.031042635470182,1.6341301277246425,1.585177146460623,329.2364956481757,-21.38813572598016
GRB151229486,2015-12-29 11:40:06.488552+00:00,0.133,,0.13,1.0,0.9519462845336368,GRB5,GRB,351.60387474974857,4.9670857578342975,5.111055461093713,21.64063495507109,6.326351387894629,9.93338262294147,351.7477671351419,25.44182563464484
GRB151231416,2015-12-31 09:58:50.171210+00:00,0.054,,0.05,1.0,0.9962507917115806,GRB5,,65.16499214128616,17.535840901364892,15.97485954013635,19.990356916392983,8.15680378349477,10.957396795795722,60.24980458936091,22.85114849388001
GRB151231568,2015-12-31 13:38:08.519349+00:00,1.466,,0.88,1.0,0.3689191663200231,GRB5,GRB,146.96150127014167,2.1662494676743904,2.254706316803606,38.59777466195981,2.7132400448528813,2.6079165068716748,147.12794975026267,38.62912850333815
GRB160101215,2016-01-01 05:10:14.915104+00:00,4.869,,4.8500000000000005,1.0,0.6304023545968586,GRB6,GRB,357.8241302790844,1.4732416645765056,2.0408525310068626,55.9029153046473,1.276913090300333,0.7302941300664472,359.841445742005,55.404689462063885
GRB160102152,2016-01-02 03:39:15.658627+00:00,2.671,,2.69,1.0,9.869747436933456e-05,GRB1,,76.28923898906667,3.587561586360934,3.572214163492802,-18.16922881336333,4.193585050148082,4.512492059636696,77.40082773858477,-17.33352714997391
GRB160102500,2016-01-02 11:59:23.032405+00:00,1.086,,1.62,1.0,0.1331776998446137,GRB5,GRB,219.9688938596676,3.157447071920103,3.156008000667612,5.259323461939209,2.821868734234684,2.714509544530843,219.9189957508877,5.641104629033574
GRB160102936,2016-01-02 22:28:22.387173+00:00,6.573,,6.54,1.0,0.0188065852457929,GRB5,GRB,144.31142243280618,1.6205974010325974,1.4486315023977738,34.75191636719848,1.5902549889640696,1.323266539634659,144.05280870659738,34.598590388622966
GRB160104918,2016-01-04 22:01:29.304403+00:00,6.573,,8.21,1.0,0.3651725209974812,GRB3,GRB,276.8986302352067,1.849795206559804,1.7963320902541682,-11.265252425943062,2.622240944002492,2.329964001289902,276.36753415597616,-11.58938968714508
GRB160109751,2016-01-09 18:01:09.064686+00:00,6.573,,6.54,0.9995946368342165,0.0542940801849714,GRB5,,41.6013915830852,11.678019486547903,11.30206299826834,-52.945356190654,8.262746539624644,9.254551218996752,45.59091273783025,-51.66068068653336
GRB160111115,2016-01-11 02:45:07.260734+00:00,6.573,,8.21,1.0,0.2743866928593063,GRB6,GRB,310.1610661080551,2.398170694065243,2.293685048448652,-25.327441544323044,2.13472313503052,2.102518913647728,310.31010100917933,-25.141254768672944
GRB160115375,2016-01-15 09:00:40.792628+00:00,0.596,,0.59,0.942484920048806,0.2424684108764999,GRB7,,156.91290353402195,10.964855849684,16.27543912640897,13.386589916271486,24.84120861172536,21.650875557426307,160.7927803669176,11.817182325616637
GRB160115641,2016-01-15 15:22:21.727015+00:00,0.098,,0.13,0.9997320113533716,0.2310807895464451,GRB5,,239.6718547175845,11.090501212892974,10.453914258826783,52.09845524544242,8.441774244204787,6.563731933348031,238.1714296177438,50.29436721430107
GRB160119391,2016-01-19 09:23:41.114886+00:00,0.133,,0.13,0.9938070607613952,0.2632912442296077,GRB6,,57.91562030296797,8.056563684695199,12.283677548861816,0.8802025157103079,4.749145461442332,8.243289311627874,60.0349130219852,2.0674076572055213
GRB160120519,2016-01-20 12:27:31.948177+00:00,1.466,,1.48,1.0,0.2789850729989987,GRB6,,356.3964226855544,2.6327672619445366,5.452576662783372,44.591180358378566,8.502173677634701,17.199857215816284,359.6865817236883,49.23381839222751
GRB160120825,2016-01-20 19:47:30.250417+00:00,3.606,,3.2,0.9999768915622894,,GRB5,,195.48743617661344,4.5558168612895145,2.642308920683832,18.78047928761788,8.838811756255858,8.486639459246202,194.1911449671732,14.15207098653008
GRB160123095,2016-01-23 02:17:24.566510+00:00,6.573,,7.76,0.9999987925797676,,GRB5,GRB,310.04296226491346,2.425315175160847,3.610387229130822,-18.292899173858657,4.19910692486512,3.2733697627918765,309.2509764135083,-17.748538219647294
GRB160131116,2016-01-31 02:46:23.761998+00:00,2.671,,4.0,0.9999987275897578,0.5271282165007986,GRB5,GRB,336.713152792242,6.028893839943521,6.170872357802978,-36.67905159617372,3.979132124181824,5.342038051048178,334.104019777619,-36.381422160695
GRB160131174,2016-01-31 04:09:56.825221+00:00,2.671,,3.12,0.999994001085531,0.104235960442668,GRB6,GRB,84.89305451036387,7.716525688692613,7.733070887588212,7.340598885816559,4.628198790609427,5.645641249179259,86.16854597947798,7.606803968038342
GRB160201883,2016-02-01 21:11:50.605091+00:00,6.573,,8.21,1.0,0.2753041199910437,GRB5,GRB,309.3853574947357,6.195565262111359,5.385123278872527,68.83302785977442,3.029194677791793,3.145999490795873,309.2889855598753,69.208033953377
GRB160205000,2016-02-05 00:00:26.473938+00:00,2.671,,2.69,1.0,0.091152886145243,GRB5,,340.3929120796818,8.267311070767676,7.890852068854429,-3.4391390661433205,8.259424946042207,7.853890731955373,339.8727083352457,-2.0367438706985244
GRB160210060,2016-02-10 01:26:34.365728+00:00,1.086,,1.56,0.9985979427751543,0.2041901682890415,GRB1,,122.79575127071924,6.389825408768786,4.9556052310764045,37.64786898031527,5.3987201663085145,6.280659666590903,121.31114607793693,38.25743680081938
GRB160211119,2016-02-11 02:50:48.270597+00:00,0.804,,0.77,1.0,0.9997610257672288,GRB6,GRB,104.85066756783348,4.394809662594568,5.637411447098245,47.23478107315809,2.5032607232541224,4.636562420967891,104.950162026109,48.67736936750073
GRB160218711,2016-02-18 17:03:39.412906+00:00,6.573,,6.54,1.0,0.0559069600459384,GRB5,GRB,50.798960916828285,4.396017674948077,5.181426294175203,-32.75605524499302,2.455806483800689,3.03090802505627,53.50197209207866,-32.513578938541976
GRB160219289,2016-02-19 06:56:18.162652+00:00,0.133,,0.11,1.0,0.9999930437422186,GRB5,GRB,357.910698491895,1.5215127587670167,2.4748297040183616,-28.2930885124774,6.0861203199035145,4.418107101868827,359.54315305391447,-30.603586961793244
GRB160219673,2016-02-19 16:09:47.836933+00:00,4.869,,5.11,0.9998074668343684,0.0864235961888559,GRB5,GRB,231.11245590366056,4.64151449595596,4.927894984305539,33.00228902954984,3.020498515822758,3.172879739420249,231.64175068636973,33.38408658798639
GRB160219675,2016-02-19 16:11:46.967253+00:00,6.573,,8.21,0.9753984382190184,0.090028613515755,GRB5,GRB,238.94668682662927,2.123511099294774,2.213235163273879,34.56532447494232,1.4902730497782315,1.547233274582645,239.092004546502,34.75848977551408
GRB160220059,2016-02-20 01:25:27.170106+00:00,2.671,,3.81,0.9973072977382256,,GRB5,GRB,261.30689990615224,14.19705920372229,10.165498066648013,-19.31399211545698,6.373497937735868,6.112601417836661,258.6826337898557,-19.76149415829209
GRB160220774,2016-02-20 18:34:08.313224+00:00,2.671,,4.0,0.9999908049147016,0.0005371072685383,GRB1,,137.78807196389403,4.922174326303718,4.076405884754507,44.08508448871957,4.16584367280506,4.281638358815918,138.305222404987,44.63818863638394
GRB160220868,2016-02-20 20:50:09.219708+00:00,3.606,,3.94,0.9990115829998512,0.330634701160745,GRB5,GRB,339.5400327919659,10.01269786108196,8.979621438756453,-8.153876403917597,11.44913505545809,12.151130556173047,339.3148325354432,-8.340698626664327
GRB160221993,2016-02-21 23:49:47.030298+00:00,6.573,,8.21,1.0,0.0063039812751925,GRB5,GRB,224.51884166367591,1.5666968400566077,1.6602981113447868,-26.8772690594769,2.085672291768308,2.162994488685289,224.4308974051538,-27.639130367598888
GRB160222070,2016-02-22 01:41:25.953011+00:00,6.573,,8.21,1.0,0.1272868550114815,GRB5,GRB,303.4425354363288,3.940171588294788,3.937731977996122,-26.124710736371984,4.481168302081851,4.285165497402087,303.8725269750769,-24.5266206303924
GRB160224663,2016-02-24 15:55:16.012289+00:00,0.098,,0.11,0.9824343721072888,0.2741508033170982,GRB5,,138.32620127424303,10.215317650628492,11.78588100909316,29.08259816196517,9.572768609130309,10.477301589526595,143.74607550023498,26.46948021613152
GRB160224911,2016-02-24 21:51:22.981922+00:00,0.441,,0.48,1.0,0.9834277886305928,GRB5,GRB,328.0988031427977,8.290751607225843,7.294138058478609,-21.085905144076666,8.331432402530439,9.188306888109423,328.090853555238,-22.537991726457463
GRB160225588,2016-02-25 14:06:13.664517+00:00,6.573,,7.76,0.9132897523283484,,GRB6,,49.89117153749966,10.150756391591273,11.603222426326964,-16.056559691689593,6.247027165905777,7.342515976471898,51.41190389054781,-15.367591559017756
GRB160301865,2016-03-01 20:45:52.410958+00:00,0.596,,0.67,0.9399357121201484,0.0180729054000364,GRB5,,43.66595751774463,6.869123161487721,6.586790185338657,-13.614067874572346,14.08386253827604,11.16349371345041,43.9661648984678,-20.55001359759555
GRB160306009,2016-03-06 00:13:11.708754+00:00,6.573,,6.18,1.0,0.0555951476466911,GRB6,,268.4239004765363,4.504186066406476,3.1725132371441305,-38.22803483103407,4.659326914294439,4.831129962554698,266.87220034726016,-37.23156269972817
GRB160308709,2016-03-08 17:00:38.583562+00:00,3.606,,3.74,0.9994787568199,0.8700029289617967,GRB5,GRB,110.60509365730891,14.307885979749557,8.107850827910397,20.76671037312152,4.69566234162993,6.6103672694485365,105.41832536628289,22.74697173346963
GRB160310291,2016-03-10 06:59:12.043048+00:00,1.086,,1.44,1.0,0.1210720840359386,GRB5,GRB,239.1336900655673,4.717090256441992,4.269745926229774,-32.41469012355137,2.161078793156989,1.91122230368854,238.18565746680065,-33.23904325526684
GRB160314400,2016-03-14 09:36:13.378403+00:00,1.466,,1.42,1.0,0.0350530235557401,GRB1,,166.23672057669737,7.485692078488938,7.576550313919796,57.14174533377307,4.079357970624116,3.890576409037408,164.54699143220176,56.54053656589585
GRB160314473,2016-03-14 11:21:25.495828+00:00,0.133,,0.14,1.0,,GRB6,GRB,184.4235373366792,8.967043272843881,8.91816513498469,-13.34275387806028,8.992389646999616,9.104305471707878,185.08234632806824,-14.068827782384211
GRB160315739,2016-03-15 17:44:49.179214+00:00,4.869,,4.8500000000000005,0.9999987925797676,,GRB5,GRB,314.14564336831097,6.517876943338365,6.125766523486448,-31.82288026234575,5.597606833089412,4.877446309424336,314.259630599634,-33.48328015918816
GRB160316139,2016-03-16 03:19:45.178356+00:00,2.671,,4.0,0.9997604797630368,0.8958368387021802,GRB5,GRB,352.37540165697493,4.770368310945344,5.927396965371713,-26.52964499110102,4.814168868908855,4.803419711705491,354.4745028343207,-27.441447888303035
GRB160317385,2016-03-17 09:14:06.354884+00:00,1.979,,2.04,1.0,,GRB5,GRB,184.9422809837685,12.56347715155374,11.054667097270196,49.764387685817,5.766884849946024,9.201577418225996,180.3533701488372,51.9765556930593
GRB160318342,2016-03-18 08:12:29.484361+00:00,6.573,,7.33,1.0,0.3088033812532795,GRB6,GRB,66.84519212495907,2.716338907390736,2.933833328196897,35.96220711452562,3.0218754621013915,2.300039561123945,66.94663144126919,35.889771698765855
GRB160322818,2016-03-22 19:38:32.197334+00:00,0.04,,0.05,0.9109091914863092,0.5403671310086675,GRB5,,182.6109236233495,71.19541576673467,71.91678357239124,29.3836517356232,18.371431165413107,22.118165696226097,115.73992849120782,29.48743479284629
GRB160323293,2016-03-23 07:02:04.393087+00:00,6.573,,6.18,1.0,,GRB5,GRB,25.50040922580846,4.609289548048832,5.4327037749540885,33.61368529106976,3.387803390578547,3.242874831417435,27.33048333429987,33.31892420191339
GRB160327386,2016-03-27 09:16:12.043788+00:00,6.573,,7.33,0.9999553754310362,1.0,GRB5,,161.4806995559184,8.99832418023098,8.278991106774413,60.19786503788024,3.7515310920036313,4.291153924788297,163.47611286857213,61.45506290308304
GRB160330827,2016-03-30 19:51:31.730372+00:00,6.573,,8.21,1.0,0.0347988535711413,GRB5,GRB,210.50544694939404,1.0300675139011446,0.8713577264515209,25.67959149601697,1.231160158578856,0.6654133402974267,210.4298274699603,25.13116190888856
GRB160404316,2016-04-04 07:34:27.070305+00:00,0.098,,0.09,0.9624384633241956,,GRB5,,336.5123250725848,8.044126353958234,6.997087759521946,-40.82618711060144,16.185901684452812,7.647083371385513,334.56702593294915,-41.897921660686656
GRB160406023,2016-04-06 00:32:50.007482+00:00,6.573,,8.21,1.0,,GRB1,GRB,224.93995648771767,1.8097987419810408,1.8185332722295584,26.43198551954692,2.019841897269256,2.27349638458982,224.4923091534639,27.1824962373971
GRB160406503,2016-04-06 12:04:36.824847+00:00,0.133,,0.15,1.0,0.9834277886305928,GRB5,GRB,257.7228468103927,2.7236400776344,2.34074668020034,35.55782348156842,3.4192225807907874,3.2549029435775623,256.77997006075964,34.636445470993735
GRB160406570,2016-04-06 13:40:29.282057+00:00,2.671,,4.0,0.984216144356726,0.2769833433942028,GRB5,GRB,267.6845727818737,39.45945585238417,21.229517713336605,-73.09676574676152,4.665611284842882,4.70728575771227,264.0807073503249,-73.064195720849
GRB160408268,2016-04-08 06:25:43.963292+00:00,0.327,,0.36,1.0,1.0,GRB5,GRB,120.12517108588176,30.0191871246801,4.488551205889678,70.27983237325111,11.318231802940955,2.59853284278924,115.8764784969483,69.0058712876108
GRB160411062,2016-04-11 01:28:52.137477+00:00,1.466,,0.23,0.9998878354516276,,GRB5,GRB,342.8968486182053,8.366217375881433,8.94599126791627,-27.1435953074858,9.234352820432663,7.054068162404271,344.7396461792793,-30.196619002246425
GRB160413421,2016-04-13 10:06:50.929395+00:00,6.573,,8.21,1.0,0.000634168575828,GRB5,,197.42207543455064,3.632418915277469,3.318353676682335,51.38679162938352,2.480873955289596,2.5132255726848527,196.6316306438828,51.628746714070566
GRB160419637,2016-04-19 15:16:36.190561+00:00,4.869,,5.11,1.0,,GRB5,GRB,21.859114297045064,3.764769297286307,2.9926853260992665,-18.85401980301311,8.31175344292792,8.69627179868213,22.293018024907248,-16.909471550887055
GRB160423066,2016-04-23 01:34:47.479112+00:00,4.869,,4.8500000000000005,1.0,0.0022630128499893,GRB5,GRB,356.7095013843948,2.1904321941133844,2.712581020326013,14.479983442888129,2.835204831574848,2.948276484770089,355.98186326955147,14.344437776033928
GRB160424492,2016-04-24 11:49:08.710677+00:00,6.573,,4.93,1.0,,GRB5,GRB,321.7235025522541,1.610570123166724,1.7340818189629772,-55.682165835846845,1.1865343183017814,1.45982381419428,321.47077010540534,-54.85872187950781
GRB160428412,2016-04-28 09:53:17.670946+00:00,0.327,,0.33,1.0,0.315805066535336,GRB6,GRB,37.39412528595406,6.355553606923785,6.673022848900388,-12.295733369422855,6.485744258608353,5.585698321391597,35.622816770056296,-11.58992507616906
GRB160503567,2016-05-03 13:36:34.578066+00:00,6.573,,8.21,0.9988201723782776,0.4201548767960285,GRB5,GRB,2.9011796186258216,2.7686395785258293,2.027577773061913,-19.827285284714605,3.1597397621664136,2.7178987880903627,0.1144971289921617,-21.582711506111465
GRB160507217,2016-05-07 05:12:27.106953+00:00,2.671,,4.0,0.9215890448660968,,GRB5,,124.94793075066733,4.466122583442783,3.2043619130196817,34.779882045887284,2.6893850530062338,2.4801130437572,124.62192798881424,34.07066773318316
GRB160508290,2016-05-08 06:58:01.992207+00:00,6.573,,6.54,1.0,,GRB5,GRB,28.707644558016256,4.650217533666201,4.260769308829119,42.05703362032585,4.862897906764694,4.573160111330729,28.87058575507025,41.84155055877609
GRB160512199,2016-05-12 04:46:23.169846+00:00,1.979,,2.96,0.9998624736600492,,GRB5,GRB,245.5793573501936,1.1287090025574005,1.2687999591828714,-30.60396026979192,1.1122203361668284,0.9751988407197628,245.75282685792968,-30.84091867801187
GRB160513553,2016-05-13 13:16:18.316596+00:00,0.441,,0.44,1.0,,GRB6,GRB,304.3478354466236,6.148780514614145,7.217194534098724,-43.0102852512124,5.633560979479931,5.559460180291943,304.96896612802703,-44.17751834509542
GRB160513804,2016-05-13 19:17:30.756491+00:00,6.573,,7.33,1.0,0.0025925515743512,GRB1,,334.6218639924241,2.3691918008330504,2.582112669441642,25.99568126487605,2.4432252335306224,2.609197980997444,334.3258895995393,26.472327153617933
GRB160516237,2016-05-16 05:41:47.649630+00:00,1.086,,1.44,1.0,0.2808574737227806,GRB5,GRB,309.3582893919805,2.452206016544096,2.524084412659249,-54.946032958669335,1.5022412322082346,1.5056575463299922,309.9615247862547,-54.57537426703267
GRB160518039,2016-05-18 00:56:01.843038+00:00,2.671,,4.0,1.0,,GRB5,GRB,282.40313380303013,14.114910436767389,11.405712333298254,79.65794873998368,2.579681596168569,2.475207171147815,280.61379492221454,79.61762781982868
GRB160518985,2016-05-18 23:38:00.588581+00:00,6.573,,7.76,1.0,0.2496886754393791,GRB5,GRB,254.3492187752655,3.363658398531072,4.269682786903047,45.52758198172973,2.701082542207999,3.81802241740035,255.7958179417312,45.72465935301123
GRB160519012,2016-05-19 00:17:34.375411+00:00,1.979,,2.04,1.0,0.1526841553658418,GRB3,GRB,78.2501487478589,4.707534012676064,4.244393223462197,27.501828963202097,3.607677381635863,3.834410761538905,77.67168471435622,28.8043683843831
GRB160519060,2016-05-19 01:26:42.677663+00:00,6.573,,8.21,1.0,0.2753237036666352,GRB3,GRB,135.61776477406738,1.1723917176018404,1.140082806854224,-36.88288135307015,1.194837976524191,1.2873925317377442,134.47050579639628,-37.01176028560964
GRB160521385,2016-05-21 09:13:59.704092+00:00,3.606,,2.73,1.0,,GRB5,GRB,163.2210140922704,2.464117250842463,2.097763704234751,77.63650876361157,1.0446707658333023,1.0043686636346223,161.78582619090398,77.38263071782349
GRB160521839,2016-05-21 20:07:57.414714+00:00,0.098,,0.14,0.9604412225473248,0.2177594365335407,GRB5,GRB,81.1786382426848,4.812277659057912,4.718123004400724,-22.12360337138346,9.228150159466782,10.573384400648692,80.68370609218414,-17.021992924165406
GRB160522445,2016-05-22 10:41:09.710213+00:00,6.573,,8.21,1.0,0.0181103345668672,GRB3,GRB,103.60610464960192,0.4800175968736795,0.5474967019325163,19.30856386148241,0.5850254364561245,0.6645569190912433,103.9532256631198,19.72608362462376
GRB160528276,2016-05-28 06:37:40.229356+00:00,3.606,,3.5500000000000003,0.9999987868088032,0.1482334940234855,GRB5,GRB,113.65766404626385,9.00623314161031,9.524529997279643,-62.526435434696936,3.734623701575956,4.14899483941214,118.25147925115007,-62.58810602107687
GRB160529833,2016-05-29 20:00:09.942691+00:00,0.804,,0.8,1.0,0.1314927915338377,GRB5,,281.6179533237976,5.297471823594947,5.538771488869543,-31.99020132377864,4.221412399615566,5.779296636173832,282.2891149502458,-30.097211362167894
GRB160603719,2016-06-03 17:15:56.087821+00:00,0.441,,0.48,1.0,0.1289958805395152,GRB5,GRB,210.9186225648931,9.106937893130322,13.766154690080072,-30.60822670087947,8.820957888131446,7.826642001297856,214.64516790196063,-34.38905640846951
GRB160609941,2016-06-09 22:34:51.186600+00:00,1.979,,2.58,1.0,0.9962507917115806,GRB5,GRB,61.98394194978051,4.560222616653967,5.286674299742771,-53.11170050313555,2.4223108705475127,2.05787844097717,62.09278007877215,-53.1924017465302
GRB160612842,2016-06-12 20:12:47.604800+00:00,0.179,,0.17,1.0,1.0,GRB6,GRB,353.1060636502661,1.238247561408457,1.3807397066165663,-28.440170291548565,7.410381898147659,5.632990944675331,353.151965300195,-32.39998878752641
GRB160616442,2016-06-16 10:37:01.138381+00:00,6.573,,2.23,1.0,,GRB1,,220.0903830563745,3.656124110931046,3.446686675344637,19.712709124676472,3.35459191787751,3.4744903810668326,219.3780953584818,19.624682086297494
GRB160619023,2016-06-19 00:32:27.977926+00:00,4.869,,4.8500000000000005,1.0,0.2738861822951338,GRB5,,143.52704388085402,11.995403208521935,11.134709695965682,66.47788693477894,4.998104660427472,4.713110424055657,143.98131380702975,66.15281815578169
GRB160621497,2016-06-21 11:55:56.533293+00:00,2.671,,3.81,1.0,,GRB5,GRB,324.26070651042085,6.355298438397767,6.713681778214607,-15.841914316245932,4.4987533529053465,4.845495002679488,324.5948351866372,-15.932792196770256
GRB160623817,2016-06-23 19:36:27.422466+00:00,0.179,,0.17,1.0,0.9705484969984772,GRB5,SGR,277.59236703510624,6.729324519946204,6.276500704819682,17.377922892671542,5.956090046695781,5.875386532673584,277.26806098621444,17.20181129285733
GRB160624477,2016-06-24 11:27:01.406837+00:00,0.242,,0.24,1.0,,GRB5,GRB,337.4805312682442,3.527622620685748,3.1548782080128035,20.63299742217741,5.378760487274906,4.252551414728416,337.3430943271858,20.44971414984661
GRB160625231,2016-06-25 05:31:59.848345+00:00,6.573,,7.76,1.0,0.3786397360786272,GRB5,GRB,313.2335202603963,8.607075611897585,8.533171866990187,-71.99843212563856,2.1350134847799893,1.9899284701637328,315.3986419093152,-72.15718189024756
GRB160625240,2016-06-25 05:45:57.000596+00:00,2.671,,3.81,1.0,0.0568169172548239,GRB3,GRB,122.59706421229968,2.048484617513396,2.0086668125574363,-32.99963683678777,2.119969817934276,1.870356941060038,121.8897304126594,-33.645465718992824
GRB160628579,2016-06-28 13:53:37.493783+00:00,6.573,,6.54,1.0,0.4375126070801095,GRB5,GRB,277.07672239247006,0.9951911648067836,1.3874206860827485,15.8591579650646,1.523145166118102,1.378569021864413,277.0533804742963,15.881476359430176
GRB160705407,2016-07-05 09:45:43.175562+00:00,3.606,,3.74,0.9999987925797676,0.2779087562723753,GRB5,,91.59012393179904,6.068965276034689,5.154750071347266,-4.702008078691595,5.686417862661303,6.704524394583666,90.79194284401768,-4.819558286345233
GRB160706672,2016-07-06 16:07:50.226524+00:00,0.003,3.0,0.003,0.9999836517999382,0.008006023207249,GRB2,,116.57104177086988,81.39488892873862,39.037361321907454,24.818388638948367,19.993167835437784,37.33080897618977,84.6043228077001,31.910081546274768
GRB160709370,2016-07-09 08:52:39.093984+00:00,2.671,,4.0,0.929992782864345,,GRB5,GRB,256.45389182051144,2.739027392349385,2.4948210822779515,50.50172224288492,1.360526785421463,1.6642907770640392,256.8618282766351,50.44857891689538
GRB160714097,2016-07-14 02:19:15.706415+00:00,0.327,,0.29,1.0,,GRB5,GRB,229.63427704649632,10.0128707119554,12.75725934106265,55.62645664092207,7.604038419927861,7.543044084091029,231.5693388689997,55.82938564887273
GRB160716144,2016-07-16 03:26:58.740750+00:00,6.573,,8.21,0.9999974752266316,0.0447146246355723,GRB3,GRB,181.50641177670065,5.728671462595742,5.675731125712616,-70.22813818653884,2.141311527719012,2.177421090860207,180.46577796439288,-69.56316733713517
GRB160716726,2016-07-16 17:25:44.378230+00:00,0.242,,0.26,0.9367406698935912,0.6811136884808461,GRB3,UNCERT,286.6534270203763,10.499469155412612,6.550385330724566,-1.591337597510078,8.697251828399242,6.9145647120948,281.99516543189395,-1.4547748044813495
GRB160717814,2016-07-17 19:31:52.507086+00:00,1.979,,2.46,0.9717360697741502,0.9834277886305928,GRB5,GRB,301.4508601608905,1.3872412077227525,1.6421113900799469,-4.475625096152375,1.7773166572664405,1.6425968883407984,301.6102210051894,-4.717081607430412
GRB160720275,2016-07-20 06:35:21.033408+00:00,3.606,,3.74,1.0,0.2736171869820386,GRB5,GRB,334.1238317207521,3.1234465866112373,2.9729507379948927,-21.115977824182213,2.26113791736595,1.9569341157104176,334.6797036862372,-21.40725742667486
GRB160721806,2016-07-21 19:20:58.647176+00:00,0.179,,0.24,1.0,1.0,GRB5,GRB,42.96454778856905,6.3446285981807975,8.941209606208162,33.83724569083544,2.360000323867368,2.684768743167588,43.844549631312574,34.43082030314342
GRB160726065,2016-07-26 01:34:08.338431+00:00,0.179,,0.19,1.0,,GRB5,GRB,93.92043719643466,8.330570300736838,2.8661312253079814,-7.246943566090313,2.309799764762273,2.7758760801468787,91.45245925250607,-7.028393167703064
GRB160727971,2016-07-27 23:17:49.246901+00:00,1.466,,1.48,1.0,0.2724090109995722,GRB1,GRB,145.81775658463516,2.597952221867814,2.3846352769176065,9.054739978687746,2.3830227285463046,2.5702702743761385,145.68166742218983,9.8325005318686
GRB160731024,2016-07-31 00:35:07.378452+00:00,1.466,,2.1,1.0,0.0401878690098818,GRB5,GRB,123.57559016518756,1.248048480862039,1.1665575908117205,-1.5814502137842568,1.5052995296974958,1.6514406161191353,123.29207229658414,-1.3669967677350972
GRB160804180,2016-08-04 04:18:43.498288+00:00,0.596,,0.65,1.0,0.9834277886305928,GRB5,GRB,122.44976103388326,4.595658327883044,4.492476861679052,55.898358172306175,3.3991330748049577,3.3406564058574446,122.3599548539062,55.69793438156921
GRB160804968,2016-08-04 23:13:33.854410+00:00,0.179,,0.17,1.0,0.9834277886305928,GRB6,GRB,96.03820033587016,5.221124366942618,5.770763788164871,-8.664509052312884,4.139154573038234,4.033187086525004,96.60731681130316,-8.51911907947332
GRB160806584,2016-08-06 14:00:58.766357+00:00,1.466,,1.19,1.0,0.8870507873569692,GRB3,GRB,276.4818348663253,1.6863283951004178,1.4757736480321455,4.894853867597995,2.184097546933611,2.0258087490250536,276.3528670497408,4.553271302887149
GRB160813297,2016-08-13 07:07:04.463630+00:00,4.869,,4.8500000000000005,1.0,0.9651204169280032,GRB3,GRB,310.89599600368547,2.880791690520425,2.4626138557807167,43.57011889608738,4.412136997028057,4.108170257665286,310.8821195339044,44.06725553512136
GRB160814622,2016-08-14 14:54:57.933874+00:00,1.086,,1.08,1.0,0.2643161877245321,GRB3,GRB,14.237430504356997,6.157705668810307,7.973931670179181,49.3981527368043,6.917694580956841,9.344619610410334,17.805756549112623,55.54139348052736
GRB160815299,2016-08-15 07:11:16.346923+00:00,6.573,,8.21,0.999998684412755,0.2427473009786059,GRB5,GRB,52.73052395718163,16.29292416649487,12.86157606556116,75.30825695768384,6.378760228380145,6.561752346342431,54.72060300417784,74.76235062465133
GRB160815490,2016-08-15 11:45:13.482106+00:00,4.869,,4.37,1.0,1.0,GRB5,GRB,303.7326213822191,23.28511033409273,3.865027301813541,85.97365039654554,1.706924794000642,1.6481070926567298,301.6867096100758,85.56955133412418
GRB160816414,2016-08-16 09:55:50.131816+00:00,1.979,,2.46,1.0,0.2723617715825062,GRB3,GRB,25.998559604215416,6.759068200098639,7.726208819988372,56.026411527857206,2.4425480424361083,3.3393432775151126,24.689847020211907,57.1225478192774
GRB160816921,2016-08-16 22:05:53.959873+00:00,3.606,,3.5500000000000003,0.9426106716903444,0.0915954887441511,GRB5,,200.15597381367547,4.441377487294773,3.6530051578078258,8.578419674061578,2.5762422725117045,2.613369811080512,199.7562502215203,7.991184780993975
GRB160817578,2016-08-17 13:51:40.169418+00:00,0.016,16.0,0.017,0.9091709171795412,0.1421324845464341,GRB2,,25.752961849556108,15.72242657767532,15.700484991051376,57.16054004738411,7.075190418179624,7.801698280084246,22.00925372694853,57.40199289445333
GRB160818198,2016-08-18 04:44:54.921591+00:00,4.869,,4.8500000000000005,1.0,0.9643044716430434,GRB5,GRB,100.66650929646023,1.389123085956868,1.5574986681563558,-20.792596223796654,1.641721235944722,1.6161046518332185,100.74236449719275,-20.46067660062657
GRB160818230,2016-08-18 05:30:53.591175+00:00,0.441,,0.4,1.0,0.0598267383978617,GRB5,GRB,158.89087381053133,5.055059434990596,4.633551765258005,20.84641256676594,14.143214258019242,5.7045420924056405,161.06086261245505,18.333975330123444
GRB160819853,2016-08-19 20:28:04.187276+00:00,1.086,,1.62,1.0,1.0,GRB3,GRB,119.24731719423312,1.2405234707682098,1.0755971314112711,-21.445781005272003,0.9924427117933164,1.033674729508597,118.99903536956396,-21.10822654382021
GRB160820496,2016-08-20 11:54:10.725919+00:00,0.179,,0.26,1.0,0.9962507917115806,GRB5,GRB,15.90433705783992,3.738300678670633,4.21435263696644,21.697325828732943,4.347448227461339,4.183131828647241,17.227399158174574,21.39858486940924
GRB160821937,2016-08-21 22:29:13.348598+00:00,0.098,,0.14,1.0,1.0,GRB5,GRB,276.990340528737,8.729167580968635,9.731558316374674,58.542016392848446,4.572216923004852,3.6931091165077694,277.5107256345184,58.48394105612146
GRB160822672,2016-08-22 16:07:40.013272+00:00,0.016,2.0,0.018,1.0,1.0,GRB5,GRB,268.59429583609153,2.3750217769336928,2.1408239660472645,1.3204836230633106,2.72531690471048,3.30578042255586,267.5670939145248,1.910679999157768
GRB160825093,2016-08-25 02:13:43.663853+00:00,6.573,,6.54,1.0,0.9787798993474796,GRB3,,116.5289440787558,11.87947802013855,9.600378646904929,-12.416070017567613,8.720915272575184,8.735847380858669,112.8875792270085,-11.830447397595703
GRB160825799,2016-08-25 19:10:52.095377+00:00,3.606,,3.5500000000000003,1.0,,GRB5,GRB,324.122182476359,1.2203780446434394,1.4828966599682758,7.363321092010274,1.5064024933485385,1.5861509562926734,324.98269505869337,7.657834526892858
GRB160826938,2016-08-26 22:30:50.440261+00:00,1.086,,1.33,1.0,,GRB3,GRB,103.56285463667372,5.511232147872903,5.096343628942421,9.33110202835462,6.482217709792579,6.402816980994826,103.43095807751536,9.26435390871565
GRB160827616,2016-08-27 14:46:27.931175+00:00,0.804,,0.8,1.0,0.0272378491378712,GRB5,GRB,112.71554446221316,8.058686877314386,7.844284030536542,3.037697815063648,5.084597117043503,5.871725751577861,113.13886578985664,3.4631583877546745
GRB160827837,2016-08-27 20:04:51.554598+00:00,2.671,,4.0,0.9999991289369852,0.1744393785696311,GRB5,GRB,314.5919886445128,4.238671424068627,4.415662330271289,28.32065727570778,5.885694351764762,6.356600689492716,316.0909248463993,29.320075341043747
GRB160829334,2016-08-29 08:01:37.713589+00:00,0.242,,0.24,1.0,0.9834277886305928,GRB3,GRB,182.9254873522676,5.060910141463069,8.634775652212028,-57.89831686424299,2.1613317064924544,2.3037036502567574,184.580311527312,-57.31024300554378
GRB160831412,2016-08-31 09:52:42.990775+00:00,6.573,,7.33,1.0,0.2765735517983705,GRB3,GRB,291.56345819977275,1.8274360199484363,2.623637014036774,22.626610377175737,1.1027779852042665,1.260795968804338,291.7616387683283,22.845989517382087
GRB160907677,2016-09-07 16:15:11.666863+00:00,2.671,,2.56,0.9945958326914522,,GRB5,,42.500145495125466,10.978942427935614,16.086292526612134,-46.55846280736856,7.833484932748938,6.997410904112357,47.14903144215357,-45.358287260835
GRB160908136,2016-09-08 03:15:23.536219+00:00,1.086,,1.56,0.9359517383102254,0.5995989044083097,GRB5,GRB,245.4480606461278,3.693165779949993,3.502021135516316,5.901036695925194,9.240340594429815,6.219685108445814,245.48358712537345,2.7356820500213423
GRB160908137,2016-09-08 03:17:05.526493+00:00,1.979,,2.58,0.991753101340747,0.7139554735704489,GRB5,GRB,239.74214927299832,3.489251811898072,2.9006781455498185,22.37393525720664,5.82631881295028,6.213643565017499,239.64427866394328,21.51980775440482
GRB160909061,2016-09-09 01:27:56.518446+00:00,6.573,,6.54,1.0,0.0985390261412018,GRB3,GRB,243.2556584669267,1.76591499734252,1.6831040011770142,-50.84346349942911,1.5432251554678302,1.7486965199494051,243.7797511087381,-50.63871561367643
GRB160912350,2016-09-12 08:24:25.373857+00:00,1.466,,1.48,1.0,0.0224315554483717,GRB3,GRB,177.45304121846848,3.33862939886464,4.623051991834672,-57.24671566039681,2.3747257416879606,3.351130579748208,178.38461814997288,-55.38945432821313
GRB160916519,2016-09-16 12:27:26.658105+00:00,6.573,,8.21,1.0,0.0908717241337576,GRB5,,103.36131113028988,6.1802465827665,5.517693646291335,-49.56758425208248,3.537541223557973,4.070976788768469,102.44222977223578,-49.29367288886418
GRB160917479,2016-09-17 11:30:19.759992+00:00,1.466,,1.84,1.0,0.9962507917115806,GRB7,GRB,293.84872564779954,7.568147173871239,6.926266416435851,52.38507231190542,2.9080956006516985,2.7420336877094016,295.1836532768657,51.92156438003646
GRB160917921,2016-09-17 22:05:37.933849+00:00,4.869,,4.6000000000000005,1.0,0.2742772876719391,GRB5,GRB,166.8006777839181,6.907777578311283,6.356862591957793,7.217183378081474,7.480806808197626,7.269511047172282,165.31094132176335,6.528152343333119
GRB160921087,2016-09-21 02:05:50.094354+00:00,1.466,,2.19,0.93269886926667,0.4936529555209872,GRB5,GRB,244.1316640487377,2.923500188069226,2.763809414716832,-28.88597759072956,1.9483006540149468,1.7818186385618446,244.34277460801505,-29.256397683319577
GRB160922856,2016-09-22 20:32:28.707061+00:00,3.606,,3.5500000000000003,1.0,0.1974815099636425,GRB5,GRB,348.2818201137082,4.361395193369503,5.047441222148564,46.15666309418715,4.281817486394161,4.50655020679514,349.79798515765765,46.32504591664695
GRB160925221,2016-09-25 05:18:57.007105+00:00,6.573,,6.18,0.99999876121879,0.004174090758827,GRB5,GRB,345.5766628045492,4.68190751745243,4.100920749697764,-22.86807962067391,4.986967965600414,5.596774970704264,345.44316394485224,-20.2989170715796
GRB160928825,2016-09-28 19:48:06.414185+00:00,2.671,,4.0,1.0,0.0186994293038088,GRB5,GRB,124.31523282646369,1.309350762668302,1.4265088803570478,0.1853161232276037,0.9028478274519364,0.9420361704731236,125.02720347045351,0.065918350930386
GRB160929529,2016-09-29 12:41:28.889541+00:00,2.671,,2.69,1.0,,GRB5,GRB,338.1367761037884,6.394370948719484,6.310585681613532,11.259674443135491,6.998006251109596,8.131338799128299,339.1582342371619,12.871996944934876
GRB161001045,2016-10-01 01:05:17.753829+00:00,2.671,,2.44,1.0,,GRB5,GRB,87.3711296922464,4.394521730881891,7.4482538645983425,-58.230265079464914,1.958488898593288,1.7417326212947728,88.72266314714491,-58.158311067397534
GRB161005116,2016-10-05 02:47:13.342213+00:00,0.016,15.0,0.018,0.9995351583926888,0.0834832423866472,GRB5,,278.98894984209124,6.046836708754256,5.383608483203886,-24.935527599291785,20.407343578296587,20.089123041483194,278.5116344887987,-44.29710288173605
GRB161012214,2016-10-12 05:07:50.734484+00:00,6.573,,6.93,1.0,0.0087464322916553,GRB6,GRB,330.26417578820644,4.2228247619617605,3.399025147698921,-8.823452919283252,5.556373578735217,6.342673282736783,328.808784591793,-9.232737162915646
GRB161014522,2016-10-14 12:31:22.977978+00:00,6.573,,6.93,0.9999987925797676,,GRB5,GRB,332.76352717427403,1.978094030271848,1.6633483848866604,11.336625393373858,2.072589738348567,1.9643524196331168,332.2280326792728,11.372119407878913
GRB161015063,2016-10-15 01:30:23.532810+00:00,0.012,9.0,0.013,0.9995738067371092,0.3861223710291903,GRB5,,20.963698660180807,18.379825204151786,14.660679575627778,31.528681192895167,10.818716611332643,10.02798169066245,0.3466808420049421,29.11674283818765
GRB161015400,2016-10-15 09:36:01.111780+00:00,0.179,,0.21,1.0,0.2542639199408313,GRB5,GRB,145.53874767326738,14.365798214742624,11.6493547752236,55.55930753055706,5.284991416508156,6.85187696043986,145.60630987548876,59.2801158362081
GRB161015711,2016-10-15 17:03:20.212939+00:00,3.606,,3.94,1.0,,GRB5,GRB,265.0113356065296,1.283861249958079,1.5612427175258858,27.53096731392579,1.2114169355424984,1.008414920362597,264.9942325845752,27.10183061838629
GRB161017745,2016-10-17 17:52:10.644302+00:00,6.573,,8.21,1.0,1.0,GRB5,GRB,144.61670467769437,1.4895854289906936,2.364876096835133,42.99153399132936,1.2799704733105202,1.327671977668217,145.5229650886881,42.98040447786647
GRB161020697,2016-10-20 16:43:15.754566+00:00,4.869,,4.8500000000000005,0.9825872006017836,0.0827461070321113,GRB5,,118.19017575713455,9.897127572826577,11.108871841667678,-3.629078678812129,7.7806092183401905,7.463512238823742,122.5726037997849,-6.915826952225368
GRB161020767,2016-10-20 18:24:54.039147+00:00,0.098,,0.14,1.0,0.9834277886305928,GRB5,GRB,45.05877454661462,7.079310151724336,9.603612918809011,-50.99787257092677,3.988986241187476,4.573156848743452,49.066699163783326,-49.67337509078813
GRB161022114,2016-10-22 02:43:42.279036+00:00,2.671,,4.0,0.9956028836012304,,GRB5,GRB,135.6026757506554,9.52777318282446,8.789123037309423,55.24248504629678,4.797804833563603,5.946150633580132,134.9605765474484,56.46189883386724
GRB161026373,2016-10-26 08:57:16.292928+00:00,0.03,,0.04,1.0,0.4515265550278003,GRB2,GRB,82.20039680211957,14.111405559214234,15.770299418673304,44.12412557508178,8.938602719626601,6.882305474980804,86.48298854064366,42.34673379750112
GRB161026840,2016-10-26 20:09:28.023062+00:00,1.466,,1.77,1.0,0.0116346857829945,GRB1,DISTPAR,21.989136311324167,7.112493298801958,6.989356583913622,-70.20255009106124,1.4235338948410856,1.2059438246977692,25.00701867060276,-70.29116791166558
GRB161104999,2016-11-04 23:58:00.464310+00:00,2.671,,2.69,0.9999865997269348,0.2038576289855955,GRB5,,137.036228489377,10.702824637666538,9.64401214475555,37.74065397281386,4.767167264226835,4.772874310574366,136.609577922521,37.491674614869055
GRB161105418,2016-11-05 10:01:24.193299+00:00,3.606,,5.4,1.0,,GRB3,GRB,232.0373284766199,1.9965455099606688,4.406778540317703,-66.97715838701971,0.9998797465324288,0.9372987617798714,233.4870132925693,-66.97966270717872
GRB161105887,2016-11-05 21:17:58.984635+00:00,0.016,0.0,0.016,1.0,0.056349408487891,GRB5,,186.9120221789861,12.87358217107746,13.876341160094626,-47.14906308231009,8.704123237570023,8.43756235021121,189.25882614143032,-48.299838699088006
GRB161106786,2016-11-06 18:51:41.751226+00:00,6.573,,4.93,1.0,0.2752336066007823,GRB5,GRB,280.0458192194923,3.1788764551750432,2.75350410467496,-64.85729573036997,2.306352803324017,2.7332404458300203,280.9405026000634,-64.38218094325744
GRB161109263,2016-11-09 06:19:01.516271+00:00,6.573,,8.21,1.0,,GRB5,GRB,157.08293395779074,2.56617887643634,0.8020261478083057,62.420071846527605,0.7809109341624136,0.7520788727493297,156.6821638553003,62.5941141929777
GRB161110179,2016-11-10 04:17:51.266488+00:00,1.979,,2.04,1.0,,GRB6,GRB,250.60656532093927,4.431906490068684,5.984355200516717,-60.20260829224482,5.497683216145347,5.377968521337635,251.5157731751316,-60.90535713091049
GRB161111197,2016-11-11 04:43:10.741955+00:00,2.671,,4.0,0.9999993404496356,0.3757477206918919,GRB5,GRB,196.1638801738649,5.349836882271802,5.287703508583746,34.0259774568385,5.085030376900015,5.636202385542369,196.8565355125383,33.699980517145065
GRB161111243,2016-11-11 05:49:25.990904+00:00,2.671,,4.0,0.9999928710037628,,GRB5,,273.3521729688863,10.912271489187106,8.261842516249317,-57.038599327744826,3.5921368605959785,3.005919566400202,268.6704335478916,-57.72731346941116
GRB161111407,2016-11-11 09:46:03.042472+00:00,2.671,,4.0,1.0,0.0143899710550948,GRB1,,142.7527066571095,2.5024614870998505,2.6000205174886446,1.295196561650316,2.827123925028248,2.8570721982752705,142.6198197916142,2.401087964149786
GRB161112895,2016-11-12 21:28:55.998406+00:00,0.012,9.0,0.011,1.0,0.0063646281113234,GRB2,,156.1357531770836,14.24107701837849,13.269800260297842,-57.33384468552473,7.009618897597228,7.320712085563265,154.7502450327816,-55.81084528468149
GRB161113702,2016-11-13 16:51:10.486431+00:00,0.073,,0.09,0.999994001085531,0.1685583955376063,GRB6,,320.28590238732625,7.605701708231663,5.950337174779577,9.829029743411663,6.012405952683913,8.723912449925137,320.5413211470322,13.906033127321756
GRB161115745,2016-11-15 17:52:31.611743+00:00,0.054,,0.07,1.0,0.9801078462441642,GRB2,GRB,331.0824991152198,8.372535620406097,14.548322699060236,52.57964181020792,8.549588338642899,7.989990666261441,334.4507613863217,53.900900877768734
GRB161121783,2016-11-21 18:47:09.849348+00:00,0.098,,0.11,0.9999983479074928,0.0144141413050192,GRB5,UNCERT,73.48080159036006,43.16985599475339,22.009108354679256,-57.11406088156154,14.826924145426268,15.68129928501294,59.491027469985326,-60.04775977875669
GRB161125482,2016-11-25 11:34:09.060429+00:00,6.573,,4.93,0.9999929361570448,0.3612077364781895,GRB6,,137.55173980352268,5.240417036078668,4.186928243400615,31.280641531249948,5.132077211395583,5.983633551012268,136.8943161911347,32.66020796432723
GRB161125931,2016-11-25 22:20:27.005843+00:00,2.671,,4.0,0.9990980656971864,0.679065772587877,GRB5,GRB,65.0601228448159,4.053795390114075,4.896010804011304,26.42950434283868,4.103549796162639,4.391316565026063,64.89218925618897,26.65434041863045
GRB161126724,2016-11-26 17:22:30.355603+00:00,2.671,,2.32,0.9066126580837708,0.2756651270666835,GRB5,,147.27940196282557,8.908069427944696,11.800329645781062,11.617565333704611,17.433716975425963,18.2406734003808,152.5106177069286,-5.926540328297799
GRB161127770,2016-11-27 18:28:46.257899+00:00,6.573,,5.22,1.0,,GRB5,,323.9473157893731,23.76109311051812,24.27536244045126,81.7248369773743,3.61445471030912,4.12929916012817,322.3075871092778,81.5377093250461
GRB161128216,2016-11-28 05:11:45.574711+00:00,1.086,,1.27,1.0,0.8517996263810707,GRB3,GRB,253.45861932738347,6.561515590519889,6.341549584262538,-49.14739606883882,4.1712584455091175,3.856304009981905,255.66533032509523,-50.29393398902121
GRB161129300,2016-11-29 07:12:12.405741+00:00,2.671,,4.0,1.0,0.9834277886305928,GRB3,GRB,307.7695706385682,2.728765072962005,2.8077809153493263,29.03811449541444,2.186612469888722,1.930259409445771,308.6203052143594,29.52156033267987
GRB161130190,2016-11-30 04:32:54.097849+00:00,6.573,,8.21,0.9359517383102254,0.0079375456818128,GRB5,,329.3136123691128,6.103197633250716,8.241565002409516,-62.465638932059846,6.737698285194398,5.904892231651743,332.75872885000376,-64.28185665594316
GRB161201342,2016-12-01 08:12:59.386744+00:00,4.869,,4.8500000000000005,1.0,0.2522537733621466,GRB5,GRB,344.7289485567205,2.2814908646826098,2.309551121898153,-16.083297744933983,2.285862704388096,2.343677358372304,344.77303533804843,-15.533326811388262
GRB161205561,2016-12-05 13:27:25.636722+00:00,0.441,,0.66,0.9999965773460164,0.3244681021023198,GRB5,GRB,339.3128670618026,5.534752557771753,5.668251905470072,37.93350754116869,3.718680820314269,3.1021571899687785,340.1160777362652,37.80493768140322
GRB161207224,2016-12-07 05:22:48.055861+00:00,2.671,,2.32,1.0,0.005349696197118,GRB6,GRB,272.1479593902768,10.054904602603983,10.1365293971686,-7.953883325008162,10.318238232538349,7.843846912373591,271.3411704630162,-10.911377253828396
GRB161212652,2016-12-12 15:38:59.399483+00:00,0.327,,0.32,1.0,0.2784200179809606,GRB5,GRB,340.03976334918843,11.447891084025912,12.26329320154116,76.43191691984869,4.241769788647403,3.4809489071614905,340.22362253692853,75.06905199285434
GRB161213295,2016-12-13 07:05:04.204014+00:00,4.869,,5.11,1.0,0.6687667266579618,GRB3,GRB,237.34675861317925,5.2028360690292175,7.123599700660435,-47.07961194029352,2.4113272754127806,3.491395615807285,240.69976126433016,-46.69572653548356
GRB161215222,2016-12-15 05:19:50.225647+00:00,4.869,,5.11,0.9999987925797676,0.041501396470887,GRB5,,19.7725792212094,5.195717058865895,5.308155415496737,3.848199538760655,6.60116913721971,8.206801484704595,19.72437965615169,4.67252808494538
GRB161217128,2016-12-17 03:03:45.902486+00:00,4.869,,3.5500000000000003,0.9998706185353272,0.4005358394286952,GRB5,GRB,219.92905382862384,7.367857183650756,7.731924423909021,54.51370282970822,5.724764861739018,7.006471124499562,220.14781442300887,57.91455774513075
GRB161218222,2016-12-18 05:19:23.235258+00:00,0.179,,0.19,1.0,0.2210860468554868,GRB7,GRB,114.53296939361014,3.5390341924457545,3.4912391190519543,-14.513209284991664,3.556733910561757,3.286700941521026,114.5377642415936,-14.98697286403016
GRB161219680,2016-12-19 16:18:52.457311+00:00,6.573,,6.54,1.0,,GRB5,,194.64076118925823,7.156954818977027,6.14187077974421,25.14498229291365,7.205829077661313,5.377344791028243,193.35588040119163,22.2587902071252
GRB161220605,2016-12-20 14:31:41.419180+00:00,6.573,,7.76,1.0,,GRB5,GRB,139.5470283675848,0.8092531711897948,1.796298885664413,-30.118711932709,1.2128583973405362,1.030411708840642,140.13480948513492,-30.36785929977747
GRB161227498,2016-12-27 11:57:18.572076+00:00,0.804,,1.2,1.0,0.056729959666009,GRB3,GRB,79.89075667845259,3.064737216632693,2.969171580592331,38.98440461395312,3.972788665197214,3.566989834272533,79.43732992231097,38.58212991867967
GRB161228032,2016-12-28 00:46:36.108618+00:00,6.573,,8.21,0.9999934082521652,,GRB5,GRB,107.1367026189574,3.086259012906339,2.828119305326652,22.3440947583352,4.283785881812385,5.540715244190537,107.14791770592136,23.37277547006877
GRB161229162,2016-12-29 03:53:04.663252+00:00,6.573,,8.21,1.0,,GRB1,,246.0753919836349,2.885314006111713,2.8735003934473298,1.9723498925166003,2.425752917993912,2.369088066792203,246.40550784147183,1.8509882979275805
GRB161229879,2016-12-29 21:06:14.974437+00:00,0.133,,0.1,1.0,0.0281433177357007,GRB5,,207.92645415618736,8.057623153473173,5.477619231414366,23.46519693258917,11.827570244679926,7.137767589353231,205.16760993189,23.00080465195556
GRB161230298,2016-12-30 07:09:25.778110+00:00,0.098,,0.11,1.0,,GRB5,GRB,302.75799857555694,15.167677305917948,12.484419284858404,-53.428645953195385,8.143680168938978,5.417323501454689,296.3736573675284,-53.94506821829309
GRB161230511,2016-12-30 12:16:10.256601+00:00,4.869,,4.8500000000000005,1.0,0.864103842394676,GRB5,GRB,318.81621649557223,3.2114115183509853,3.774683605838789,-13.744961367068887,2.8523580045690533,3.6417040637478912,318.93811093393754,-13.520575385326197
GRB170101374,2017-01-01 08:58:34.651287+00:00,2.671,,2.69,1.0,0.0025934024260926,GRB5,GRB,149.83946401616117,5.914887069645175,6.144807102277412,22.550558913703384,3.462722681647371,3.766605356681072,151.46347537049857,22.3501528922831
GRB170111760,2017-01-11 18:14:36.117446+00:00,0.179,,0.15,1.0,,GRB6,GRB,121.93336073672116,11.359487200641382,16.403144436397113,44.50418111705204,5.781624724352326,6.404454632930367,123.2264434815601,44.3467598825814
GRB170111815,2017-01-11 19:34:01.509411+00:00,0.441,,0.51,1.0,0.4106878476856112,GRB5,GRB,262.50311100925074,6.010246477790702,5.879352467447916,60.47630039474418,2.747675871425436,2.522226809450096,263.0218057501701,60.02345883493823
GRB170112970,2017-01-12 23:16:09.498557+00:00,1.466,,1.48,1.0,,GRB3,GRB,225.0819446590476,11.177664417460818,10.119111336985526,-52.10797102104999,4.285006309895444,3.8707866221023215,224.5708902261516,-52.66780631260592
GRB170116238,2017-01-16 05:43:16.697582+00:00,6.573,,6.54,1.0,0.271653406194029,GRB5,GRB,317.4065661880292,22.34599795060018,10.748314908655232,-44.76269416099873,8.413063053715803,10.70183390498662,308.9555509193847,-44.4891602886468
GRB170121067,2017-01-21 01:36:55.037949+00:00,1.086,,1.5,1.0,0.9205048340601042,GRB7,GRB,63.7383564558117,9.065826884130928,9.59974264293151,-81.66146108460205,1.6108214145919248,1.677842693143944,56.1973278043679,-81.31628767792168
GRB170121133,2017-01-21 03:10:51.835125+00:00,0.596,,0.59,1.0,0.2219010711642973,GRB5,GRB,244.54262019983847,6.5950287704869766,4.54183745045944,17.349360554711176,9.62295429942833,7.69068730081012,243.79913708613287,17.507924543762094
GRB170124528,2017-01-24 12:40:29.052971+00:00,0.022,13.0,0.033,0.9872951014101792,0.8467466292576015,GRB5,GRB,5.363777827984476,6.391666329961401,3.750285484287529,9.10057217165281,4.514031053747454,4.079363675222785,0.4798284471135609,8.877471964772223
GRB170124874,2017-01-24 20:58:10.211891+00:00,4.869,,5.11,0.9804503734562368,0.0487828889893032,GRB5,GRB,285.03910460951266,3.5631130212321978,1.9656094675005988,-73.07091165704186,1.146099806469408,1.3296794871815791,284.64915335027814,-72.67233159084233
GRB170126480,2017-01-26 11:30:44.907198+00:00,6.573,,6.93,1.0,0.9834277886305928,GRB5,GRB,260.00919146304994,3.462762358084831,3.5743177381963847,-67.18074772193529,0.7587018817036864,0.729086294623329,260.721041472777,-67.39702713978649
GRB170127634,2017-01-27 15:13:28.784457+00:00,0.098,,0.12,1.0,,GRB5,GRB,19.31916590914945,2.089808949699041,3.0131211486238847,-30.09473170018668,3.6075112470660606,3.25539960462422,20.10200961071864,-31.40117274269882
GRB170130510,2017-01-30 12:13:52.015705+00:00,1.086,,1.56,1.0,0.0367031807420825,GRB5,GRB,301.61392614942304,3.753259879538575,2.617797111134905,-3.292669358388713,5.085862450718402,2.6902585593110304,301.09429514471225,-4.31103922350164
GRB170130697,2017-01-30 16:43:11.689883+00:00,6.573,,7.33,0.9999968030480632,0.1935712740853807,GRB5,GRB,329.0080805187308,21.78437685350201,25.89777491574654,-78.11089042276149,2.6870589340262683,2.9977892332778424,359.4817600659238,-76.7750505200926
GRB170203486,2017-02-03 11:40:25.872324+00:00,0.242,,0.23,1.0,0.1342728768518681,GRB5,GRB,249.4716232665413,5.264006702749185,5.03219082429041,10.627505559449055,4.945193932578846,5.80078321264189,249.99110496073496,11.56251006176378
GRB170205527,2017-02-05 12:39:29.677899+00:00,6.573,,8.21,1.0,,GRB5,,260.10509071069583,0.885169449544037,1.0708289156257251,0.6108326841156981,1.1172353356711235,1.1747275351880115,260.4972653850282,0.5663289396793392
GRB170208758,2017-02-08 18:11:18.616377+00:00,4.869,,4.8500000000000005,1.0,0.999995419350618,GRB5,GRB,168.87700725240796,3.892164377666944,5.42182063622576,-45.32870979997081,2.324727858091798,2.5782485256788448,169.52739113759785,-44.53184463357306
GRB170209048,2017-02-09 01:08:40.373643+00:00,0.441,,0.66,0.9999980968579558,0.0210734405669375,GRB5,GRB,110.43827133418368,2.401288617240766,1.9829516110878127,-48.98432375045896,1.02002342913471,0.9211711981408256,109.44130344265368,-49.160357195191935
GRB170212034,2017-02-12 00:49:00.733738+00:00,1.979,,1.95,1.0,0.0002144080881772,GRB5,GRB,151.39451768492611,4.94829098995362,4.659301148113428,16.376566373112844,2.764255776193334,4.721188125021477,150.48554484469582,16.9002656320906
GRB170216969,2017-02-16 23:15:49.678327+00:00,3.606,,3.5500000000000003,1.0,0.0276604418460734,GRB1,,295.2736098127571,9.36946115433716,8.645146775508636,-68.48053657568794,4.508879226014663,4.236496625141726,295.96797610475903,-68.71486818617731
GRB170219002,2017-02-19 00:03:07.122864+00:00,0.098,,,1.0,0.2741819345120928,GRB3,GRB,75.05,,,52.69,,,75.05,52.69
GRB170222209,2017-02-22 05:00:59.773343+00:00,1.466,,,1.0,0.9962507917115806,GRB3,GRB,291.97,,,27.76,,,291.97,27.76
GRB170228794,2017-02-28 19:03:16.813898+00:00,3.606,,3.74,1.0,,GRB5,GRB,242.71155481083065,2.732389645194843,2.3880488969884084,-0.7846528120584975,3.452336126078828,3.0752539814645727,243.0812992000416,-1.261888043418436
GRB170301812,2017-03-01 19:28:43.036842+00:00,2.671,,4.0,0.9800561658929424,0.1075343507458894,GRB3,GRB,236.0834657169553,12.727943890437215,14.677201187940256,-60.14314379350639,5.295597803887624,4.050423420591393,237.4456058318135,-60.52640393010911
GRB170302166,2017-03-02 03:58:24.481282+00:00,1.979,,1.95,1.0,0.0013526176903692,GRB1,GRB,146.03409269106317,3.675148837087761,3.5810784517371985,41.08609707875179,2.760424367598091,2.814900614269732,145.46685312457703,40.695066085475055
GRB170302876,2017-03-02 21:01:16.488426+00:00,6.573,,8.21,0.989969043463902,0.0146583029671084,GRB5,GRB,15.063819299334517,4.555700404987762,4.197509420386455,1.8206720414910864,4.685323128518952,4.063648122000117,14.668967859664232,2.3598990887933216
GRB170304003,2017-03-04 00:04:26.122700+00:00,0.133,,0.13,1.0,,GRB5,GRB,317.7306757955008,8.239331312668071,6.454814506833316,-73.06705103731883,1.9136625844621733,1.5869551335245973,315.3139707151555,-73.2274198107585
GRB170305256,2017-03-05 06:09:06.884461+00:00,0.242,,0.23,1.0,0.8186833034374922,GRB5,GRB,39.61642398330788,1.0482918534308112,1.1172049891573366,10.722808463302076,1.5965309149771247,1.6097128220711117,39.44474109164868,11.073653018956437
GRB170306130,2017-03-06 03:07:22.373010+00:00,6.573,,8.21,1.0,0.1159260544703684,GRB5,GRB,156.28366443745287,2.446340820627512,2.380649356882998,20.220127414009948,3.2732357917386814,3.351125752601998,156.73950687844916,20.06737072790644
GRB170306589,2017-03-06 14:07:40.653219+00:00,2.671,,4.0,1.0,0.5062482182343944,GRB5,GRB,156.3901265543937,1.5632515964323943,2.01541496234941,44.44920331812091,1.096800033185204,0.9270555495420822,157.29685817528355,44.14377226421684
GRB170310417,2017-03-10 09:59:50.452869+00:00,1.979,,1.95,1.0,,GRB5,GRB,215.9669102544088,7.725626660946318,7.512752748116696,65.0665004866938,3.681621552844817,3.967908075968829,214.2738876169276,65.30548750740675
GRB170310883,2017-03-10 21:11:45.634973+00:00,6.573,,8.21,1.0,0.0747512993652615,GRB5,GRB,145.41938523242052,7.607781339395132,5.720285129026195,41.453221027796,2.6549060250767624,3.4973114186691987,144.70940557780222,42.71890315121629
GRB170311339,2017-03-11 08:08:43.726222+00:00,6.573,,6.54,0.9965968545982116,,GRB5,,281.69358112735813,5.369770190577242,4.925138675030723,-41.12693015220578,8.286558096122548,6.470367805501702,281.3298456541784,-40.64457455039653
GRB170313125,2017-03-13 03:00:29.562668+00:00,6.573,,6.54,1.0,,GRB5,GRB,4.5280218296488695,3.455524548911316,2.832633819066888,31.58329279414536,4.019708615552627,5.103477828373801,4.057548213489728,31.78840175060128
GRB170317666,2017-03-17 15:59:26.984518+00:00,1.086,,1.62,0.9900518558902224,,GRB5,GRB,300.3574074056609,5.883030507682236,5.145111314045778,-61.57583152318964,4.101517793562479,4.002922544990163,299.066239619812,-62.97624593755352
GRB170318644,2017-03-18 15:27:52.858145+00:00,1.086,,1.08,0.9999974752266316,1.0,GRB3,GRB,291.87662615573305,9.95811117035214,8.456535899306175,15.821560564448095,6.918553708257678,9.566901504892432,291.22335518963905,18.007889776022303
GRB170321052,2017-03-21 01:14:51.985595+00:00,2.671,,3.12,1.0,0.0808495109924168,GRB5,,201.11863125830405,3.1604323164017387,3.018224246594343,23.476066546151564,4.138009804000234,3.257104159284016,200.3119018090592,22.263465384116607
GRB170325331,2017-03-25 07:56:58.081039+00:00,0.179,,0.2,1.0,,GRB5,GRB,125.51800665386526,7.005490790255266,2.1346208264619264,18.3636506710594,6.356177049945401,3.0790283325642225,124.4483015026766,17.191024060018393
GRB170326489,2017-03-26 11:44:39.562774+00:00,6.573,,8.21,1.0,,GRB5,GRB,310.1268840860447,6.791140171406369,4.977883051565357,12.540396745511533,5.6430468720312295,5.735093695407741,307.1510530297986,14.24919477019129
GRB170402785,2017-04-02 18:50:52.732347+00:00,6.573,,8.21,0.9254920081546876,0.0449378539553087,GRB5,,109.73351634176912,4.390567537322482,5.552232159239097,31.377489209307107,4.517248817609477,4.753851723414215,110.80397186287306,30.28746223418255
GRB170402961,2017-04-02 23:03:45.695447+00:00,2.671,,2.83,1.0,0.000361996622895,GRB5,GRB,297.1275891857575,2.971243342575121,4.457747138631987,-33.0613480553781,2.618976529462945,2.506290847578313,298.46173526563973,-32.91189041697478
GRB170403583,2017-04-03 13:59:17.835249+00:00,0.133,,,1.0,1.0,GRB5,GRB,261.94,,,27.6,,,261.94,27.6
GRB170408798,2017-04-08 19:09:24.002636+00:00,6.573,,6.93,0.9234307155371416,0.014773059811361,GRB6,,339.3034166144442,11.163961376135944,12.2095381951832,6.306065308481983,28.32780600809037,11.432028607842302,342.09089535461305,1.4734912697525608
GRB170412918,2017-04-12 22:01:19.222764+00:00,0.441,,0.64,1.0,0.2421344612859517,GRB5,GRB,195.59765198045287,2.923016433352302,2.8540307037789887,26.186776329956224,3.230978401505528,2.6039800008152447,195.99869227313616,25.53834542266282
GRB170412988,2017-04-12 23:43:00.689504+00:00,6.573,,7.76,1.0,0.9613906858536408,GRB5,GRB,162.46743972542296,2.9867589604598663,2.199969572703452,17.997688040869978,6.43769060392199,3.7360374508415184,161.5949640265257,15.261705033352351
GRB170416825,2017-04-16 19:48:22.713492+00:00,0.133,,0.1,0.9970357223101416,0.9999700980183692,GRB5,,292.50777068215046,8.50607538582625,21.92468824190911,64.78811187020085,12.356804578781649,9.814255483659592,294.7182842506636,57.218914159515904
GRB170419984,2017-04-19 23:36:18.089156+00:00,6.573,,8.21,1.0,,GRB5,GRB,264.8207859547152,1.6493846596035269,1.6216791705571725,-5.677234263818671,3.187250714834424,4.0902681500439,263.87696249061355,-5.746578113505541
GRB170423719,2017-04-23 17:15:19.495652+00:00,0.242,,0.36,0.9999985958731512,0.9834277886305928,GRB5,GRB,342.43668068437705,1.3174136413774704,1.2865938293682575,-3.612197765176612,1.9345952421885133,1.9805770955672148,341.7955231268378,-3.2887818327915443
GRB170423872,2017-04-23 20:55:26.761787+00:00,6.573,,7.33,1.0,0.0810752370468022,GRB5,GRB,210.5336575704107,1.909404176170966,1.6365789069401444,23.535596965815014,1.569544661497055,1.8768976364236167,210.48990362597192,23.79676793028216
GRB170429800,2017-04-29 19:11:20.594554+00:00,3.606,,5.4,0.9986871508088192,,GRB3,GRB,258.71806990857584,3.132795177884248,2.5260507895425235,-30.98269231628285,1.3207826845313555,1.482819749248275,257.8776278852744,-30.62047141257717
GRB170430204,2017-04-30 04:54:19.721879+00:00,0.073,,0.07,0.9999987925797676,0.2657118213251283,GRB5,GRB,14.669663423821866,9.294484861134563,8.747261547623111,7.458919511431412,11.629311958762806,11.042239979790612,18.414525354901347,4.960522470894292
GRB170430705,2017-04-30 16:54:58.611394+00:00,6.573,,8.21,1.0,0.2528571657851545,GRB5,,13.345697935425983,7.364144579763286,7.2869425799653715,-60.60917968365199,1.9870981089278743,1.5085136597211672,18.31150852257329,-60.676684816218085
GRB170501467,2017-05-01 11:11:57.074436+00:00,6.573,,8.21,1.0,0.9962507917115806,GRB3,GRB,98.85997227097856,1.2389408095175298,1.3284129652130474,15.0442097557091,2.102116609861836,1.6112558039395832,99.33137449627012,13.836424227408743
GRB170501668,2017-05-01 16:01:42.293210+00:00,1.466,,1.3,0.9999974752266316,0.5043885489314898,GRB3,,86.86517508620027,14.25252733265981,16.19235174159533,36.87153221816804,9.492192839278722,11.787120996056508,91.1120057302329,39.12824881089384
GRB170504123,2017-05-04 02:57:30.811979+00:00,1.979,,1.95,0.999998034206088,0.2347959912311699,GRB5,,78.93680000138147,19.27586846046887,61.69136845857719,-60.87048580326052,8.57690792655628,8.13345235498874,87.309416816608,-59.1705518745214
GRB170504734,2017-05-04 17:37:30.819039+00:00,0.133,,0.13,0.9999974752266316,0.4988779864342106,GRB3,GRB,292.49191491601573,7.063309482945613,6.972712151745952,25.119083497210195,6.66695504254789,9.516823413773343,292.7284337956927,25.736883816298526
GRB170506169,2017-05-06 04:02:48.344549+00:00,0.441,,0.44,1.0,0.6566492599259891,GRB5,GRB,108.70912435283168,4.275393683135192,4.127891804541093,43.947052660860194,6.398988881057633,4.951715302173689,109.27853327850896,42.24154837003714
GRB170510218,2017-05-10 05:14:36.885178+00:00,6.573,,8.21,1.0,0.2083106319297641,GRB3,,152.12763528964325,1.16218019702643,1.5679804239899229,-45.623206660301214,1.2463552225485517,0.8546049839184278,152.283630350149,-46.45346599052096
GRB170511477,2017-05-11 11:26:54.937266+00:00,1.466,,1.48,1.0,,GRB5,GRB,149.50842112402216,11.02549208537539,5.618249033958335,-28.017419529666483,6.987565514352983,13.83871583169836,147.7333473352827,-25.90251302492417
GRB170512736,2017-05-12 17:39:20.111546+00:00,0.003,12.0,0.003,0.9854303487754554,0.1215386416037559,GRB4,,266.0836146984618,26.24903690422269,32.71678543770295,-53.1645622629562,19.61951261988268,15.703252632196827,268.3570333877217,-60.76662661531872
GRB170514152,2017-05-14 03:38:45.017391+00:00,6.573,,7.33,1.0,0.2752183451847078,GRB5,GRB,156.90237388897302,8.575454405240635,7.44450327951472,67.48014249130534,2.371611998968433,2.727701352322782,154.27378239521283,67.36554368875167
GRB170514180,2017-05-14 04:18:41.327461+00:00,1.086,,1.62,1.0,,GRB6,GRB,120.32106456309964,1.6231340858816878,1.2800449169953223,-23.724360921079523,1.851632638926873,1.742965894061122,119.68066473470908,-24.16662791098529
GRB170516808,2017-05-16 19:24:05.517322+00:00,1.466,,1.55,1.0,0.0012033694646711,GRB5,GRB,334.4695753136401,13.065997730180356,9.590940776715511,-25.97577755525448,8.502823203835053,7.486593136746087,333.9387141505466,-28.23516425694408
GRB170520202,2017-05-20 04:51:12.720271+00:00,1.979,,2.46,1.0,0.2790811345944728,GRB1,GRB,265.3165694016383,2.3810304461544547,2.6107874805741744,11.634583010131657,3.018713372937782,3.376637322448884,265.78632153014803,11.91703784322064
GRB170521882,2017-05-21 21:10:47.074764+00:00,2.671,,2.83,1.0,,GRB3,GRB,81.77190084562406,7.746758254615614,8.737026504130924,50.07950167027016,5.001552302301548,4.778826296576902,80.75179672855623,50.97649467835518
GRB170530581,2017-05-30 13:56:17.210475+00:00,6.573,,8.21,1.0,0.145964869433976,GRB5,GRB,117.99348557157867,1.2428718695395702,1.2463198454049549,23.659682908010808,1.712539272740898,1.6796310943146793,117.86794938974582,23.586690577630744
GRB170604603,2017-06-04 14:28:05.195038+00:00,0.098,,0.14,1.0,,GRB6,GRB,345.736277697414,2.955140981063778,2.815816945939389,45.53994676801248,4.505814677026471,3.726446910749431,345.2634582306787,45.38180094510771
GRB170609850,2017-06-09 20:23:25.506307+00:00,1.466,,1.48,0.9999386404043664,0.1781858381897065,GRB1,,236.82457484477845,5.369372226363623,5.392089447510415,-22.711400649629176,5.208516372774255,5.485371234191007,237.70406263620384,-22.595823236529043
GRB170614255,2017-06-14 06:06:44.173856+00:00,1.979,,2.46,0.9971745248212892,0.0656300715160172,GRB3,GRB,78.88350837559089,3.604750906842497,3.159109802136697,44.14509317820611,3.95236611373894,3.504216021924762,78.43226216042234,43.76718507361994
GRB170615329,2017-06-15 07:53:24.120702+00:00,3.606,,3.2,0.9109091914863092,0.0570880978472495,GRB5,,106.9015589290722,17.2174637556719,18.59483900930056,-71.8759959328562,4.5914796790646335,4.549571775043802,112.64537922843265,-71.31527350652485
GRB170616165,2017-06-16 03:58:09.077949+00:00,6.573,,6.54,0.9999987925797676,0.2743630327621945,GRB5,GRB,33.91398658356715,6.242999886965308,7.177495207024759,25.580323733910244,9.846286616139796,7.894123814189292,35.5478436038568,22.517742605908204
GRB170616480,2017-06-16 11:31:03.776479+00:00,6.573,,8.21,0.9999999926713736,,GRB5,,103.44488393398532,4.10947196455426,4.032989789151628,42.57375477572461,2.4992216240528293,2.34631524370694,103.73594118653172,42.15147686579791
GRB170628179,2017-06-28 04:17:13.356307+00:00,0.03,,0.03,0.9100387673864608,0.0098356132984121,GRB2,,281.3117363306091,26.57164453420245,19.919887279766385,-27.000529280760915,6.432039353581182,17.029771927024832,268.63414240962175,-22.31881385213007
GRB170704012,2017-07-04 00:17:10.664174+00:00,6.573,,0.02,1.0,,GRB5,,15.818891441132989,1.827139513652048,1.349193013776583,-24.86387913165878,1.7960355685396152,2.050071300046554,15.407717629415924,-24.79550873098888
GRB170704082,2017-07-04 01:58:41.228774+00:00,0.098,,0.14,0.9999987660262888,0.0969633633131543,GRB5,,46.89477343891024,11.676067854787902,8.660539169325531,-34.90449165474404,7.535522878322837,10.072083874153089,46.01431291603098,-32.31531539523226
GRB170705115,2017-07-05 02:46:00.759844+00:00,2.671,,4.0,1.0,1.0,GRB5,GRB,190.11164426518667,1.5697045621559198,0.8878959311874155,19.040216942503896,0.5512060503765781,0.7456527695193316,189.79708288244973,19.275467454776813
GRB170705244,2017-07-05 05:50:46.352146+00:00,2.671,,4.0,1.0,0.4291134974594125,GRB5,GRB,224.78569826536503,2.7329970801802688,2.678311439131278,-9.33732681418325,4.420409278816822,3.996102953428631,224.7610035968295,-12.71284305866808
GRB170707399,2017-07-07 09:34:04.937852+00:00,0.327,,0.31,0.9191193018895868,0.0849344744926565,GRB5,,125.7870264641217,3.476274830104316,4.376837672195293,38.9291577649097,4.675992496014409,5.554338824657975,127.20109857948874,39.87624706735132
GRB170708046,2017-07-08 01:06:11.305777+00:00,0.133,,,1.0,,GRB5,GRB,328.37,,,21.53,,,328.37,21.53
GRB170709334,2017-07-09 08:00:24.682447+00:00,0.073,,0.09,1.0,0.560138293854846,GRB5,GRB,314.7082481532186,3.192446114550762,3.897423666832708,21.462421126718137,2.30863032980157,4.636579773398658,315.9080443289955,22.85294863727632
GRB170710340,2017-07-10 08:10:15.064460+00:00,6.573,,8.21,1.0,0.9962507917115806,GRB3,GRB,35.91989916774522,2.6607623557760505,2.830310763309676,56.372609834717,1.938882754512228,3.383640560821128,36.01667467071236,56.731620326970834
GRB170711019,2017-07-11 00:26:53.657162+00:00,4.869,,4.37,1.0,0.0284141749892621,GRB6,GRB,65.19220002407711,5.420593893111018,6.416616228333488,-32.72925506234722,5.242937202376591,5.991331070906618,66.95636832677158,-34.18780133499816
GRB170711713,2017-07-11 17:06:36.553195+00:00,0.596,,0.61,1.0,0.9721380920136028,GRB3,GRB,287.31937673560543,4.05932454709972,5.714918788081377,22.426831563420123,6.171421827758451,4.399532795543582,288.48485209363287,21.21185111070764
GRB170711931,2017-07-11 22:20:26.327679+00:00,2.671,,3.81,1.0,,GRB3,GRB,50.60050968635471,1.8780136759919013,1.7019887491931769,50.31284175021254,1.1902002775052123,1.2962132698605942,49.900951071861314,50.30691422059482
GRB170714378,2017-07-14 09:04:08.663579+00:00,0.327,,0.35,0.9999975638453172,5.64425396385924e-05,GRB5,,319.59959972092565,19.79006869555536,19.318318007637856,62.04625102454054,11.677345561586606,15.633596454210457,321.07417587336136,69.56383626599961
GRB170716337,2017-07-16 08:05:39.575403+00:00,4.869,,4.8500000000000005,1.0,0.7846669458298505,GRB5,,66.30972830536795,28.62466707464087,6.8845086796220585,28.50405541873276,3.441489318109461,17.52344821277915,61.83303145361795,29.41981331644096
GRB170717952,2017-07-17 22:51:22.661977+00:00,3.606,,4.16,1.0,,GRB3,GRB,342.8136249431382,6.060552917031657,6.562288010835005,48.321838545168646,7.198325617721558,7.720810642000607,343.0145752866096,51.11815394295505
GRB170720255,2017-07-20 06:07:40.534865+00:00,6.573,,6.54,1.0,0.0017410390808229,GRB5,,340.85795129761493,5.114378179553114,6.554492280535101,3.819474815907957,8.643772986324105,6.422882806209467,343.8105910211168,2.815101272993509
GRB170720641,2017-07-20 15:22:26.746044+00:00,4.869,,4.8500000000000005,0.9999987925797676,0.2390035541635322,GRB5,,154.3239057115467,6.400838152924536,13.03037617910195,-12.255598782942553,7.872970474498031,7.020106643471305,157.32863396719222,-14.072662967577465
GRB170722525,2017-07-22 12:36:15.770063+00:00,4.869,,5.11,1.0,0.2761480607150086,GRB5,GRB,58.32688935782353,3.312634500554545,2.6809130326725708,27.63322484449331,1.9009753545976973,2.0699551274619026,57.41271732190784,27.952146871679684
GRB170723677,2017-07-23 16:15:29.195220+00:00,6.573,,6.54,0.9999974752266316,0.3534671726928927,GRB3,GRB,6.646419853114552,6.813059180045612,4.414752551709133,59.46748403870875,5.84720894878582,5.340309689851523,0.5998747985304387,56.55514440094584
GRB170723882,2017-07-23 21:10:17.265224+00:00,2.671,,2.69,0.9999987925797676,0.2706465497747277,GRB5,GRB,219.62315629559689,7.271185289770841,6.09764235670545,26.9030317063558,20.91251109085256,18.289171651665427,218.04639196527364,25.22128897647553
GRB170724059,2017-07-24 01:24:20.816972+00:00,6.573,,7.33,0.9999993730100468,0.2780546886801434,GRB5,,173.78115878925286,6.582306648345593,6.921188659618906,-1.6954413290579504,7.3287376169568255,6.78233313415923,172.03230125865934,-3.994172247694193
GRB170726249,2017-07-26 05:58:15.884488+00:00,1.466,,1.77,1.0,0.2892505683907929,GRB5,GRB,168.75354205219816,2.5190284570452945,2.6651152425704936,-34.14267817838485,1.467741342049493,2.114287208739441,169.11460755978774,-33.460491863115166
GRB170726794,2017-07-26 19:03:01.654097+00:00,0.179,,0.24,0.9999974752266316,0.9834277886305928,GRB3,GRB,298.74241184560896,5.62917132637341,5.178429705980818,6.320881087610428,4.018131851358242,4.744519349935542,297.9505096184937,7.630616484628652
GRB170727841,2017-07-27 20:10:58.223738+00:00,6.573,,7.76,1.0,,GRB3,GRB,212.52346990371933,13.055129858730794,12.856777068671846,-63.611558695593175,4.3050811419749735,3.92374323710807,214.46035211984275,-63.642306353379496
GRB170728961,2017-07-28 23:03:19.583513+00:00,0.327,,0.31,1.0,,GRB5,GRB,265.10066636979496,4.666115883415102,4.886320608211918,70.84775931874954,2.3699230959960147,2.075786348145272,264.8963880178122,69.733012088263
GRB170730133,2017-07-30 03:11:46.326318+00:00,4.869,,4.6000000000000005,1.0,1.0,GRB5,GRB,329.14762503902705,1.433087154480063,1.1832667029351,-21.410445111922897,1.1249991028454147,1.112530388436845,328.40475425175094,-21.363600710004068
GRB170801690,2017-08-01 16:33:42.809732+00:00,2.671,,4.0,1.0,0.0177169705604764,GRB5,GRB,348.8451365772912,6.821952179581501,6.945388339662827,-46.5529244791113,4.076423159036075,4.515923849345263,346.9637607649192,-46.90914483499012
GRB170803172,2017-08-03 04:07:17.244508+00:00,6.573,,6.93,1.0,0.2821000258958072,GRB3,GRB,75.48941418705506,5.85172154123191,5.032572007592094,26.96070543707925,7.304795330690993,7.406200902535552,74.79585315992063,26.72451634921688
GRB170803729,2017-08-03 17:30:27.709824+00:00,1.466,,1.48,1.0,,GRB5,GRB,175.16699441440483,1.7738043846683524,1.6595291131338854,-17.27450996703856,1.9085763114615213,1.9258440499723903,175.49094534322955,-17.790540507291347
GRB170804911,2017-08-04 21:52:26.942536+00:00,6.573,,8.21,1.0,0.0687936691232991,GRB5,GRB,256.7576771208204,2.902315213478744,2.324318999095766,36.34226113272276,2.0941634146325896,2.178192198983808,256.0868126131021,36.36182194017389
GRB170806285,2017-08-06 06:49:45.903373+00:00,6.573,,8.21,1.0,0.0400047228241169,GRB1,,8.524716202776967,5.8063087808371385,4.974080474560374,14.082704757513632,3.659036871359085,3.786344126815532,7.449117028451291,13.69407234274918
GRB170816599,2017-08-16 14:23:05.376531+00:00,3.606,,,1.0,1.0,GRB5,GRB,349.13,,,12.31,,,349.13,12.31
GRB170817529,2017-08-17 12:41:06.450413+00:00,0.327,,0.39,0.9996184593310062,0.2762923958310436,GRB5,GRB,188.01879391048527,8.25313043052111,9.276607172903198,-19.74953048333431,9.04510027684363,9.994472680124243,189.4640902506316,-17.495218985292432
GRB170818137,2017-08-18 03:17:20.025674+00:00,0.242,,0.3,1.0,0.1609268849165104,GRB3,GRB,295.932195026275,3.4511586827539418,3.22347656648202,11.03052224238816,5.552799167671806,5.495063471781335,295.052954583543,10.399952724002532
GRB170818277,2017-08-18 06:39:23.080777+00:00,6.573,,6.54,0.9994094401741762,0.1766855025131472,GRB1,,148.86351496818747,7.537356813547547,7.921059537121096,-21.11998799580542,7.165058170107516,8.294551683119334,148.51056023744627,-20.83994675468875
GRB170819544,2017-08-19 13:03:47.474907+00:00,6.573,,6.54,0.99034182769476,0.0012137880294649,GRB5,,218.43896802075847,9.914938677973224,12.626895526176554,23.584229962116066,15.245722792410485,17.450267449509887,220.3989659293204,32.965827978269466
GRB170821265,2017-08-21 06:22:06.595995+00:00,6.573,,8.21,1.0,0.002747143263841,GRB5,GRB,248.14414013225348,3.2580105165295663,2.332953683137845,12.498101587732862,3.4412698834178848,3.855694999858338,248.31319051892893,11.821860178611669
GRB170825307,2017-08-25 07:22:04.416317+00:00,6.573,,6.54,1.0,0.7808723145724101,GRB6,GRB,280.4654767021399,1.816796919810088,1.7664284800519567,-29.75492586002074,1.003502093357838,0.8759296168272677,280.70313097141184,-30.047768246640224
GRB170825784,2017-08-25 18:49:14.085003+00:00,6.573,,8.21,1.0,0.2809990181334276,GRB5,GRB,119.72446397735564,2.383088539106211,2.826521831859367,-51.46379678836426,1.2473795408922683,0.890112158312661,120.33841694673148,-51.81809275860092
GRB170827818,2017-08-27 19:38:04.533915+00:00,0.804,,0.8,1.0,0.9834277886305928,GRB5,GRB,34.505917562244385,18.83136878045095,16.471957445777132,-73.48660733789798,4.001673766059341,4.209109213717255,33.28603587544865,-73.91949196617907
GRB170829674,2017-08-29 16:10:04.264423+00:00,2.671,,2.97,1.0,0.9592386769283046,GRB5,GRB,329.19692182557685,2.901363695703594,3.15374299901464,38.62197393475204,3.0156742261863343,3.3009910915622243,329.3250560844539,39.17214399391938
GRB170829753,2017-08-29 18:04:44.015120+00:00,0.327,,0.32,0.999987802634526,0.0990178643774474,GRB5,,34.26911876186093,14.659555058056633,22.52545160767483,-39.37139823450388,9.736497192876511,10.906173351280309,50.87540611836906,-37.11468932746872
GRB170830135,2017-08-30 03:14:02.526841+00:00,1.466,,2.19,0.9999974752266316,0.9834277886305928,GRB3,GRB,272.989521620583,2.62354791425156,2.360203926511645,-5.7942435350598815,5.519967207774311,10.604501703915048,273.1510972259356,-4.21498320405016
GRB170830328,2017-08-30 07:51:53.979831+00:00,6.573,,8.21,1.0,0.2817981067687146,GRB5,GRB,218.9155243849953,3.03191844905578,2.617177482601136,28.692475430659705,1.2962987170054987,1.130474560052491,219.1976084920812,28.51003300255409
GRB170901345,2017-09-01 08:16:54.424211+00:00,2.671,,2.69,1.0,0.0002358283648817,GRB6,GRB,140.88847866831645,7.56182925450986,5.815879623200004,-32.8684090115691,26.85748395871982,10.096477587062118,140.36762012491883,-39.319748372905565
GRB170906039,2017-09-06 00:55:46.571649+00:00,1.466,,1.48,1.0,0.9962507917115806,GRB5,GRB,233.3633668219893,1.4982519423157328,1.3678017961920546,-26.99075831015952,1.4231382123166831,1.5020106662778652,233.0847299451896,-26.71626959480891
GRB170910368,2017-09-10 08:50:03.201424+00:00,6.573,,8.21,0.9269309818377643,0.1703332466540385,GRB5,GRB,199.75548409674585,9.661799480298328,7.523083992635492,-20.79167948835985,5.106062300300932,10.511623362776303,194.23722736851715,-16.44704077882649
GRB170910558,2017-09-10 13:22:51.105210+00:00,1.086,,1.08,0.9269309818377643,0.1679096314293572,GRB5,,202.54403654087483,10.187209334365292,12.625978904633826,37.86194078956137,9.00804836473661,7.476899099713414,205.6825793138873,38.71020600705937
GRB170912273,2017-09-12 06:33:50.287626+00:00,2.671,,4.0,1.0,1.0,GRB3,GRB,215.96770273490085,4.263600609901744,3.8909409493888063,-62.90033955196213,1.4858036381637731,1.5613538232810529,213.95411075519647,-63.23052759957756
GRB170912553,2017-09-12 13:16:36.093171+00:00,0.012,5.0,0.011,1.0,0.9834277886305928,GRB5,,283.03152200567143,4.393972700693553,6.267409246888064,-12.972216227289712,14.084133602759556,10.564382070491094,283.9154233678466,-23.632068407611577
GRB170912985,2017-09-12 23:38:12.660946+00:00,0.098,,0.11,1.0,0.2712326659894088,GRB5,GRB,80.63754411012327,3.52151518407409,11.963454427005177,8.57616104372449,5.179185598023679,7.31009872433137,83.38223833851437,8.878578609622748
GRB170915520,2017-09-15 12:28:16.416443+00:00,0.441,,0.46,1.0,,GRB5,GRB,245.59717673784417,8.179713283834445,10.788542741767742,-16.1741844221833,3.9987911167743846,4.154297728647606,244.2524448796983,-15.192695481733024
GRB170916217,2017-09-16 05:11:56.828974+00:00,0.441,,0.45,1.0,0.9834277886305928,GRB5,,167.84947682696006,10.619139190983873,13.781180450315617,46.142167882005495,12.628370415441516,16.30973019076736,172.3850149392339,55.17930481335031
GRB170918139,2017-09-18 03:20:22.856657+00:00,0.022,6.0,0.024,1.0,1.3174287524417496e-05,GRB5,GRB,67.04648328318305,10.13854054232317,10.266517780349318,-26.75974048222078,6.638012710622288,5.967023541478877,64.52164781917361,-27.466284942251384
GRB170923188,2017-09-23 04:31:16.757240+00:00,3.606,,3.5500000000000003,1.0,0.2594778498085995,GRB7,GRB,212.13739279445304,19.309998406271347,20.844089221495068,81.33592354064668,2.5810619827659025,2.5861485510853868,213.1684116832893,82.96658104892123
GRB170926782,2017-09-26 18:46:05.370104+00:00,0.804,,0.66,1.0,0.9477476736146816,GRB5,GRB,338.89906425670426,2.515298188787426,2.5712030031832,-29.81231472341539,2.4296805532072696,2.609782799533868,338.994009076972,-28.73178854845796
GRB170928607,2017-09-28 14:34:47.869337+00:00,1.466,,2.1,1.0,0.0314420899267714,GRB3,GRB,298.2844801457473,5.811858612094795,4.7984953453694175,40.34853390016518,2.795891253542365,3.199635477313983,297.40065558910226,40.52880955783845
GRB170929513,2017-09-29 12:19:00.186272+00:00,4.869,,2.6,1.0,0.2827501166510618,GRB1,GRB,190.8261039896703,2.8459605347869115,2.899618494524105,51.63264097473476,2.044388261073962,2.278331944218806,190.0625799347609,52.43613681586156
GRB170929699,2017-09-29 16:46:20.420349+00:00,6.573,,8.21,1.0,0.2628694587998798,GRB5,GRB,24.69039605719277,1.2745711364477117,1.3464261378752769,15.549488525504334,1.503325840141855,1.512049131997269,24.716886060121134,15.91196133515602
GRB171002969,2017-10-02 23:15:14.185166+00:00,2.671,,3.28,1.0,,GRB5,GRB,174.58885809515036,2.5591829392926684,2.3162836975455434,22.84451480937511,1.7971703728530706,1.7699606447794984,174.62811607302825,22.594494151745963
GRB171004672,2017-10-04 16:07:40.746935+00:00,2.671,,4.0,0.9875238281340531,0.1341043026753721,GRB5,GRB,79.69152306485701,2.5305222115467103,2.5961282763561258,-24.553148613861264,2.150545469206307,2.098809639190712,79.72302578946608,-23.718753265474312
GRB171004857,2017-10-04 20:33:34.864570+00:00,6.573,,5.5200000000000005,1.0,0.1049808442869875,GRB5,GRB,21.48194876628024,5.467332681500039,5.293146177383672,-55.37004796489813,6.357327787414384,5.503414800417836,20.978147465620573,-58.410070524167146
GRB171005654,2017-10-05 15:41:07.449875+00:00,3.606,,3.5500000000000003,0.9585717647574034,0.2598130856107237,GRB5,,95.67519466070428,12.089584259401178,12.37986605819286,-23.27893276482919,9.474698968233849,7.592021358890641,95.86604586585167,-22.202545200239683
GRB171007498,2017-10-07 11:57:39.120888+00:00,1.979,,,1.0,0.9981687885949844,GRB5,GRB,149.21,,,60.46,,,149.21,60.46
GRB171008080,2017-10-08 01:54:38.831281+00:00,0.441,,0.48,1.0,,GRB5,GRB,239.43660620494177,7.636811310448593,5.662284610353765,22.1802071994978,5.32184919978512,3.7868192117670354,235.51325569741329,20.734316473254303
GRB171009000,2017-10-09 00:00:07.281786+00:00,3.606,,3.74,0.9992727093525244,,GRB1,,15.39780528920329,4.303502479717107,4.499779735317388,1.6067558811672145,5.446748235465843,5.740631799124805,16.123625528934948,2.480538415556301
GRB171011162,2017-10-11 03:52:45.221107+00:00,6.573,,7.76,0.9999987925797676,0.3449818369580441,GRB5,GRB,148.7054478955149,3.763644617698219,3.164035439005204,-16.87591783945943,3.725248759751356,2.675261646477182,148.7739880945723,-17.191545507975196
GRB171011810,2017-10-11 19:26:27.917382+00:00,0.242,,0.19,1.0,0.0909790026249439,GRB5,GRB,181.4105597206504,18.024756098643365,13.375660000703364,18.4393635295212,9.5844862128686,14.387482772388337,172.08239814751877,21.983357347051253
GRB171015545,2017-10-15 13:04:47.883446+00:00,1.466,,2.01,0.9536439155885412,0.182923786356433,GRB5,,339.26619046792416,6.431770066012405,6.184733763525571,-4.458939290392695,6.06733472553689,6.291603773066496,338.142523425748,-4.110265091752797
GRB171017982,2017-10-17 23:34:35.118909+00:00,0.04,,0.05,0.9823195216749409,0.0321245317824934,GRB6,LOCLPAR,45.86607705772943,29.36507449111184,21.328860364010364,16.741411021056443,28.597355247455923,20.453931724578545,37.57521614140249,8.198996315960592
GRB171020651,2017-10-20 15:37:55.307120+00:00,0.003,12.0,0.003,1.0,0.2743570859959482,GRB2,,115.45296971535524,20.469338735446684,17.990321166521397,-25.33306810558351,19.78306246599916,19.36666485232261,111.56051055438024,-26.97629768508776
GRB171025213,2017-10-25 05:06:53.773727+00:00,1.086,,1.13,0.999879676318034,0.4165110570490749,GRB5,GRB,240.03148139835207,15.42518216259191,12.163021041732977,47.261865893907,11.608086881064942,8.896014224433898,233.26381665077048,43.93661197595392
GRB171025913,2017-10-25 21:54:52.212461+00:00,6.573,,8.21,1.0,0.0114749530504487,GRB5,GRB,279.7035401790291,13.14123083949886,13.34420826969432,-71.2358202433388,3.411505393611634,3.698588783367256,284.10045029005033,-71.01371722175105
GRB171030729,2017-10-30 17:29:45.117309+00:00,0.073,,0.07,1.0,1.0,GRB5,GRB,42.735053460044,17.125481945972936,28.21868497369133,-4.705171197989229,21.0129324441452,33.13153725205942,11.191129280707596,-37.26651967586281
GRB171101451,2017-11-01 10:49:54.552840+00:00,6.573,,6.93,1.0,0.9834277886305928,GRB3,,81.60607946558068,1.0769226618496504,1.0246299419669214,26.859047559925653,0.963781837828769,1.2001632665290067,81.84001281216545,27.78143929307061
GRB171103966,2017-11-03 23:10:32.164277+00:00,0.242,,0.22,1.0,,GRB6,,257.68751792663505,1.6701465836960097,1.7633377665322598,-9.713033076928571,1.1817367290500922,1.1041891827167216,257.10009466978937,-9.714755383229434
GRB171106498,2017-11-06 11:56:52.670609+00:00,6.573,,8.21,1.0,0.7604266584882222,GRB5,GRB,280.23987883500126,2.268728942027394,2.183776244623857,43.774560420811824,1.3151300279445053,1.148120507884407,279.91113935161377,43.66598883936787
GRB171112866,2017-11-12 20:46:57.911590+00:00,3.606,,5.13,1.0,0.0006873074573079,GRB5,,26.192236166217505,5.312316639512044,5.398974171172718,-67.99223839491505,3.788028509142208,3.209731393658288,24.513321615690568,-67.54799975279514
GRB171112974,2017-11-12 23:22:51.085652+00:00,6.573,,8.21,0.920971318791682,0.974663371337064,GRB5,,180.1392841245547,10.520226134302789,9.545202212771017,55.97213324746975,5.304785628925664,4.823792787428431,178.47488885014022,55.47861196640081
GRB171117403,2017-11-17 09:39:48.090622+00:00,6.573,,7.76,0.9999965978552758,0.2622329717318863,GRB5,,265.3020511361466,5.43674181886604,4.452005325900075,41.38370360310188,4.949969647881915,5.997662133571474,265.33322240172856,42.64459971800353
GRB171117515,2017-11-17 12:21:42.106435+00:00,6.573,,7.33,1.0,0.2294957622546372,GRB5,GRB,200.065286710508,1.5229988554046656,1.2680871571261605,-34.11175082156565,0.8999629967489824,0.8632644296955121,199.11007066341145,-34.043303198033435
GRB171120556,2017-11-20 13:20:42.017977+00:00,2.671,,3.45,1.0,1.0,GRB5,GRB,165.46073100875213,0.5164448378664872,0.5150051645426856,25.807876757305703,0.6086042787010726,1.773256665948459,165.2903770331325,25.89518055682125
GRB171124235,2017-11-24 05:38:03.729302+00:00,6.573,,6.18,1.0,,GRB6,GRB,333.54341450763184,0.711593809353019,0.9465098069836132,34.3475962219231,0.7749806473277872,1.3869762302002897,333.8072069978624,34.608338350503544
GRB171126216,2017-11-26 05:10:32.925014+00:00,6.573,,6.54,0.9152152090115636,0.9137771828167393,GRB5,GRB,355.09989500983124,2.240668927791148,2.511238711962108,-9.442484938567157,2.067338012878677,2.1969456006117074,355.35924747133384,-9.291879032232307
GRB171126235,2017-11-26 05:38:44.409561+00:00,1.466,,1.48,1.0,0.1075556776540237,GRB5,GRB,239.940569650486,0.832534245319863,1.0365108045452305,44.711216481080186,1.101379991854749,0.9925851763393254,240.2033487254556,44.57403579148787
GRB171202113,2017-12-02 02:42:28.949311+00:00,4.869,,5.11,1.0,0.4419003387025026,GRB5,GRB,105.88439489994327,2.875974970875859,3.020115121886107,37.14085177763219,2.5114585356579795,2.362798886485251,106.03638186960772,36.87710570915757
GRB171206122,2017-12-06 02:55:45.361283+00:00,2.671,,3.81,1.0,0.0541969331565565,GRB5,GRB,24.08544228502987,16.07023439824451,12.784178331904812,-77.0781076693658,2.837665679700379,3.3731524050296,19.537870245321173,-76.59814785140865
GRB171207055,2017-12-07 01:18:42.476750+00:00,0.242,,0.23,1.0,0.7585079486545842,GRB5,GRB,302.3078980841459,6.767831359806166,6.67937740438299,51.5965264432748,4.599572828159765,5.643233808923107,301.86374099781176,52.95855107244272
GRB171207809,2017-12-07 19:24:25.286954+00:00,2.671,,3.12,1.0,0.0962282110681097,GRB5,GRB,232.4953076045286,4.5972712774515685,10.745689514654174,-34.66309147203748,4.450949691453623,6.468164445461355,235.7411835975326,-33.997322746939126
GRB171208733,2017-12-08 17:35:49.700987+00:00,1.979,,2.04,1.0,0.0044173474101615,GRB1,GRB,116.83937321932989,3.405009335313892,3.4809135795282344,27.685949283019752,3.141382377554777,2.862693031678824,116.42094200337635,25.99207400396945
GRB171212201,2017-12-12 04:48:56.248976+00:00,6.573,,6.54,0.9003354298465778,0.1121167225212975,GRB5,,296.06999325633967,24.419850691688907,22.13539406781291,-63.47614696280759,45.959311092809486,10.856055441385251,293.48536903606987,-70.19516744652374
GRB171212222,2017-12-12 05:20:15.665577+00:00,2.671,,4.0,1.0,0.0513196112436538,GRB5,GRB,60.29688558512056,1.3372813481681902,1.3399440330145111,26.314630900928872,1.364989259305581,1.479238825099948,58.96321871445749,26.284946279262986
GRB171212434,2017-12-12 10:24:38.948442+00:00,6.573,,8.21,1.0,0.6035248666645361,GRB5,GRB,25.89980897753005,3.641340510098292,3.4922689552660984,-70.26549386496815,1.0681414394601916,0.923682913136517,25.811280255613006,-70.38219354603035
GRB171212948,2017-12-12 22:44:42.391099+00:00,6.573,,7.33,1.0,0.0587344270033121,GRB5,GRB,105.87557117420194,8.256002189611934,5.807366137927659,64.48459275514139,2.618873925215482,2.759275680703354,105.51380806180418,65.07509486790397
GRB171214075,2017-12-14 01:47:23.315828+00:00,0.022,18.0,0.029,0.9999987468013206,0.0126540738055761,GRB5,,33.511497685118485,18.0682771842825,20.30707671056139,73.16358383376047,6.389613430172915,7.467025948709832,38.03231354485429,74.79183910071143
GRB171215705,2017-12-15 16:55:29.473173+00:00,6.573,,6.54,0.9999987925797676,0.0098995544825381,GRB5,GRB,24.983498520187496,9.460487497294269,5.598804758873783,16.408630161416752,4.439614028048201,6.15441094479541,22.16965097686005,17.591173989408226
GRB171219279,2017-12-19 06:42:17.034708+00:00,0.179,,0.19,1.0,0.1424422277781509,GRB5,GRB,233.15431210894823,15.331620654137652,12.716216223685308,-24.9576128925859,8.601961431410473,7.9706692184593635,230.9958746476587,-25.73066707908218
GRB171223818,2017-12-23 19:38:15.180030+00:00,0.179,,0.19,1.0,1.0,GRB6,GRB,117.2454881442579,4.178928965833848,2.2304343028511795,-32.287681449065104,1.931645310540091,3.70344148101551,116.75630661464211,-31.605072456690586
GRB171230119,2017-12-30 02:51:26.173815+00:00,0.242,,0.21,1.0,,GRB5,GRB,328.57289571371746,6.526364791974004,8.070442213968704,-21.95144853337896,11.488705650722547,8.383938284222733,327.6976005761076,-23.569484999868685
GRB171230955,2017-12-30 22:55:38.724522+00:00,6.573,,8.21,0.9999984029188634,0.2763623212278736,GRB5,GRB,87.4992401915559,1.2336032452788572,1.9509269239741656,-27.078599899271225,1.4085413540813896,1.0833161356167729,87.69314058000222,-27.729500158824656
GRB180102660,2018-01-02 15:49:45.493621+00:00,6.573,,8.21,1.0,1.0,GRB5,GRB,202.54402200861605,8.153077656777668,9.741560814416315,62.81756918556517,5.176870257976709,5.9888870399637,202.3697611116013,63.859182717271466
GRB180110608,2018-01-10 14:35:58.938763+00:00,1.466,,1.48,1.0,0.1009119382265913,GRB5,GRB,116.84958531511316,12.50054744108654,12.281907995967911,37.77264727742221,9.911087025988364,10.463055178808368,116.55830335208,35.13884895150238
GRB180111931,2018-01-11 22:21:08.647645+00:00,6.573,,5.84,1.0,,GRB3,,109.25654515504507,7.459295301643081,8.781107839962246,-5.247368391526914,7.295980102372065,8.873264110168238,106.10505309133892,-5.438224773970202
GRB180112842,2018-01-12 20:12:30.445400+00:00,4.869,,5.11,1.0,0.0011000027397773,GRB6,GRB,173.50235896749723,3.376295173798553,2.6737990249309576,18.894887842496544,7.1686022127662525,5.038565438817864,172.92392230246588,19.51029851846528
GRB180115867,2018-01-15 20:48:07.461211+00:00,6.573,,6.54,1.0,0.3122579618870124,GRB5,,45.36809257063017,15.490774398035867,14.605719519341315,37.649685939676345,7.151666409510384,8.75073795801546,38.41965961831204,39.99807348548529
GRB180119837,2018-01-19 20:04:53.623687+00:00,2.671,,3.12,1.0,,GRB5,GRB,349.0582646046292,1.464224097440649,2.032464875572998,-18.945413118430213,1.49369754242732,1.277972703609631,349.98813766463417,-19.07996706999052
GRB180122129,2018-01-22 03:05:38.714131+00:00,3.606,,3.74,1.0,0.271314431889484,GRB5,GRB,27.207799356227973,2.2960696708458848,2.041658591679006,-39.84599544623054,2.15956556301758,2.0387988763777045,27.20907219363365,-40.38053028359594
GRB180123820,2018-01-23 19:40:49.830070+00:00,0.441,,0.44,1.0,0.3127206394774733,GRB5,GRB,105.9830781776577,5.1134199276961,6.476319010698987,23.934280278878447,6.794351074399998,10.737804190691474,106.59512685920195,29.00881752421628
GRB180124392,2018-01-24 09:24:06.213696+00:00,2.671,,4.0,0.9994668955860782,,GRB5,GRB,300.2261210837964,9.615581024340427,7.550693810020903,-49.75143905941272,4.122059857153403,4.85255625800977,298.4727514121613,-48.99107175036471
GRB180127049,2018-01-27 01:11:16.664376+00:00,2.671,,4.0,1.0,0.0069797102586223,GRB5,GRB,23.108404971186,2.50568326357784,2.5758842292407174,26.013069919583828,3.384947880966294,3.884790967582681,23.74712037893224,25.95981881984447
GRB180127879,2018-01-27 21:05:57.825224+00:00,6.573,,7.76,1.0,0.3322108158785788,GRB5,GRB,260.3182507225964,4.371307286241574,4.470185885090274,2.725592682950205,3.4917905666687163,3.0635684860915378,260.83897136858707,2.3275203971948564
GRB180128215,2018-01-28 05:09:56.585901+00:00,0.016,3.0,0.017,1.0,0.9533575740305594,GRB5,GRB,14.262532992919724,5.211591287460429,6.341811466659671,-23.83628816830736,2.4549267961447683,2.865726697630972,16.938068750392052,-23.47079383595016
GRB180128881,2018-01-28 21:09:18.984941+00:00,1.086,,1.08,0.99999872999047,0.0001073615565494,GRB5,GRB,309.77761701288586,7.158956489418131,7.603869621149499,1.8056353447217968,10.086783800682548,9.000145524594771,309.4027987784207,-1.7504912647112594
GRB180130744,2018-01-30 17:51:26.720748+00:00,0.179,,0.18,0.9987619996543152,0.0328664997537012,GRB5,GRB,15.374340267280122,33.76905915666835,7.413055768682037,30.18526803877302,14.421429744353926,12.233021974046824,9.233626554321107,32.64350616682118
GRB180131528,2018-01-31 12:39:51.789614+00:00,0.596,,0.59,1.0,0.0408878242709285,GRB5,GRB,297.55033590267885,9.40081340550637,14.8132679439953,-47.59147809383338,5.006827364715001,5.941786680291024,297.1107856886824,-46.358567423553474
GRB180201706,2018-02-01 16:55:58.661783+00:00,0.179,,0.17,1.0,0.0002449752020253,GRB3,GRB,252.59709282761963,7.217606327524095,6.692505601830391,-37.30803180970916,5.198104356022391,4.393353856955606,253.603752831296,-38.61720278891736
GRB180201780,2018-02-01 18:43:45.509314+00:00,0.133,,0.07,1.0,0.9569310555360832,GRB3,GRB,101.8552619169186,9.382768913023924,15.728864526326843,19.682955290463305,39.5259504194428,18.386035350383583,105.66582898089752,1.8849804381934128
GRB180205184,2018-02-05 04:25:29.458350+00:00,0.596,,0.86,0.9973203427985476,1.0,GRB5,GRB,134.6276855938028,3.6344267927264298,3.529737922618523,9.706149510012493,3.5938981430478183,3.686658702573329,134.46757239665217,9.568228395896677
GRB180206203,2018-02-06 04:52:03.070390+00:00,0.242,,0.24,1.0,,GRB5,GRB,232.2590853186396,6.123906195233928,5.342403294843422,33.7458724771298,5.472057290642276,10.692876006936029,231.14404279929616,35.51664838160768
GRB180225417,2018-02-25 10:00:54.203166+00:00,0.098,,0.14,1.0,0.0181779353664044,GRB5,GRB,183.60719470509304,24.264661182251388,10.886334284813133,-3.8633973784344615,28.195378037047,10.4707196393325,182.7339498704796,-10.606774663239406
GRB180226392,2018-02-26 09:24:59.236717+00:00,0.596,,0.61,1.0,0.9810769118595236,GRB6,,263.52537254137667,16.892504269023277,8.013449986574301,-23.386820589669583,7.270806137619633,6.561174020254683,256.98082024706105,-22.389753056093063
GRB180227211,2018-02-27 05:04:16.583162+00:00,0.179,,0.17,1.0,0.2733452241620576,GRB3,GRB,98.18523345089407,5.230256369403492,4.304723214565158,-11.483764623745822,7.677185836794439,7.24706867039365,98.21337941937398,-10.569589411826351
GRB180304566,2018-03-04 13:34:19.897142+00:00,6.573,,6.93,0.9999799162704072,0.030102518408072,GRB1,,39.79595518066324,14.463396432400993,14.604367955830114,4.444813861069903,10.67968347356294,13.485740453327203,37.97587651820895,2.986056346964532
GRB180306973,2018-03-06 23:20:35.098027+00:00,6.573,,6.93,1.0,0.228157073431341,GRB5,GRB,5.034459876271413,4.336138294895669,3.4324728048506814,-21.66222658923345,3.772859852527411,3.541028961415244,2.234063493227003,-22.47051033909792
GRB180309322,2018-03-09 07:43:17.979666+00:00,6.573,,8.21,1.0,0.2279551343922219,GRB5,GRB,191.2483329081786,2.0173346053110777,1.925189981741795,33.6369431456488,1.2454612747177407,7.401950601220211,190.53788782142507,34.59387712132627
GRB180311074,2018-03-11 01:45:53.470394+00:00,0.804,,0.8,1.0,0.0867015425386185,GRB5,GRB,46.690098129526135,8.489602399363854,13.193329907384909,-45.74693413804025,4.010024768960918,3.85449641876312,54.72886011386811,-45.06980417884019
GRB180313978,2018-03-13 23:28:17.547370+00:00,0.054,,0.07,1.0,0.1273105721071478,GRB5,GRB,322.8639958841868,3.744540350491377,4.069086540285696,-18.08328708928226,4.602583258961337,5.670701788988733,324.3225899754939,-17.594441178720775
GRB180330125,2018-03-30 03:00:19.973309+00:00,0.098,,0.1,0.989389812701586,7.735754363102136e-05,GRB5,,79.77124357110816,8.25572590905476,6.8402103692430245,-0.4937322544590152,7.818996682698048,8.781376534839822,79.59761813904399,0.0688990360081689
GRB180330891,2018-03-30 21:23:17.104224+00:00,3.606,,3.5500000000000003,1.0,0.0014152166329184,GRB5,GRB,164.98162866933205,5.956020232741508,13.235873882159922,83.95570252509069,2.3831593138038585,2.0619531877723034,167.78849989889,83.71807280660403
GRB180401280,2018-04-01 06:42:49.000402+00:00,6.573,,8.21,1.0,0.0195551449040089,GRB5,GRB,123.9073701200634,2.0518901774147054,1.2930672194071349,2.12934467302224,1.7993301006852742,1.8804623120373736,123.90565742286088,2.74849684599396
GRB180402406,2018-04-02 09:44:59.401043+00:00,0.098,,0.12,1.0,1.0,GRB6,GRB,205.25707605495825,6.330913989750172,13.238817039127213,41.18512979210302,1.1729256254721818,1.8493902357596208,204.9677282159429,41.35774806713088
GRB180402481,2018-04-02 11:32:11.597657+00:00,0.242,,0.21,1.0,0.4125815513552401,GRB5,GRB,326.3488859944794,5.329726894346152,9.698610802862106,-16.90098536884217,14.150514443817896,6.297860987113818,327.5078001066216,-20.059082808484487
GRB180403479,2018-04-03 11:30:01.005070+00:00,0.022,9.0,0.023,0.9003354298465778,0.3829646942697433,GRB5,,41.870402521447055,18.370135478683736,24.806092269594696,70.62175234614332,5.453900018704218,5.232208317322957,55.52060717852285,68.03388483245506
GRB180404441,2018-04-04 10:34:45.751482+00:00,0.098,,0.07,0.9989699365597596,0.3288424819883442,GRB5,,24.758565074445336,7.659232368207895,6.714611862069546,-23.04026567315772,7.458645481189361,7.883325112336131,24.006992668937897,-24.30364574262384
GRB180404848,2018-04-04 20:20:31.548392+00:00,0.242,,0.28,1.0,,GRB3,GRB,97.279945993022,2.0715502017411325,3.115210013663898,17.04110129806385,3.3945608732776265,3.250440524165992,98.29490438993028,16.663652546496323
GRB180405169,2018-04-05 04:03:16.855988+00:00,3.606,,3.94,1.0,0.0914658796057512,GRB3,GRB,118.2152546880284,2.990120579024321,3.1212900607565928,-36.92503731105634,2.7056459572452383,2.9487770556303943,119.48674819031828,-36.13645850488276
GRB180408881,2018-04-08 21:08:56.554063+00:00,0.596,,0.59,0.9999987925797676,,GRB5,,118.20343348378908,61.17130242828597,66.12341592589806,74.27358639353085,5.503110129640078,5.883538560605899,60.63739802808959,72.91124608663834
GRB180410032,2018-04-10 00:45:22.659495+00:00,0.242,,0.22,1.0,,GRB5,UNCERT,339.6140717852876,9.342582577643327,10.043934124966029,-20.780509032574745,9.529765931664036,8.747397362012112,340.2299616229666,-20.554099672608302
GRB180412425,2018-04-12 10:12:17.309074+00:00,2.671,,4.0,0.9999987925797676,0.0115772711751952,GRB5,GRB,53.643724276896606,2.744466743804985,2.937497973127371,-63.71881998837879,1.603914825101917,1.5431903253996992,52.85456878004858,-63.61760214073099
GRB180413118,2018-04-13 02:49:50.181411+00:00,6.573,,8.21,0.9999986221657834,0.1131777183594862,GRB5,GRB,163.8769835514297,2.0707232267714346,2.5867491720744624,-29.515342345690485,0.9447869311916186,0.9852194715220222,164.54027197814003,-29.69255310499756
GRB180417689,2018-04-17 16:32:45.668995+00:00,0.098,,0.14,1.0,0.7916880159500587,GRB6,GRB,325.6208395925944,5.7520666274483006,7.533731892315814,-11.94027011001523,6.093088535356942,5.571026990333163,327.68259660972126,-14.330348836429865
GRB180418281,2018-04-18 06:44:06.463026+00:00,0.327,,0.49,1.0,,GRB5,GRB,163.2560862315441,4.665450955146724,3.0246533735980847,26.725314366786787,3.7566916030638673,3.526890535081669,160.8505003109973,26.16897035565841
GRB180423033,2018-04-23 00:47:05.961405+00:00,6.573,,8.21,0.999738705761314,0.0582878189126083,GRB5,GRB,212.30342062056744,4.88344992302396,5.988293489779721,1.7718837875497324,5.3206681013803845,5.508843124091578,213.4157117885973,2.707933195307916
GRB180423266,2018-04-23 06:23:40.934560+00:00,1.466,,1.93,1.0,0.0157215321477362,GRB5,GRB,79.9422838170982,2.7998907907217614,2.605627719175743,-28.020256154104185,4.262208491767105,4.101616073012966,79.51976137814893,-27.71685270783035
GRB180426549,2018-04-26 13:11:03.084721+00:00,2.671,,4.0,1.0,,GRB5,GRB,199.12502515930768,1.2867992026585284,1.463060625530602,55.720242741050285,1.1012286062699772,1.0754164813821203,199.16305031772524,56.39869816302453
GRB180426928,2018-04-26 22:16:50.776110+00:00,1.086,,1.0,0.954720948517196,0.1735349070124672,GRB5,,311.4327572041401,8.236048182467357,8.397834748884975,63.1083279653093,5.529376623803287,4.642611728982857,311.9302326166169,63.09651081684491
GRB180428102,2018-04-28 02:27:16.606651+00:00,1.466,,1.55,1.0,0.2414632457955807,GRB5,GRB,94.60433990042586,2.5021374588651923,2.7381595147781184,55.91642371540863,1.8413820364195173,1.8835586173137528,94.11505067711862,55.57584548710663
GRB180505540,2018-05-05 12:57:29.644050+00:00,4.869,,4.8500000000000005,1.0,0.0945102164953607,GRB5,GRB,2.110469651007008,2.920196696106397,1.256247383653279,-58.50497747948437,0.5284939979288481,0.6140698641868951,2.3030223012991016,-58.244256148044585
GRB180506077,2018-05-06 01:50:33.851336+00:00,6.573,,8.21,0.973813036435246,,GRB5,GRB,244.7222578844604,1.5125942743611065,1.5772554626941542,5.733119293043904,1.7564242095241305,1.8996903985922828,245.48919525423503,5.579318576846891
GRB180506902,2018-05-06 21:38:59.241101+00:00,1.466,,2.19,0.9999845247808096,0.5951005543058755,GRB5,GRB,63.331639215754926,4.944755852359599,3.070360927828119,-3.3457603662466653,4.065276780062446,4.262006076761778,62.500072682350506,-3.706745357747732
GRB180508864,2018-05-08 20:44:50.510687+00:00,2.671,,3.81,0.9999998130976916,0.1189991837639366,GRB5,,18.200307866393096,5.958335391424043,6.547302184565435,18.63513471119339,6.319470486438828,5.022131500279782,18.18523761923608,18.407891329483967
GRB180511364,2018-05-11 08:43:35.779310+00:00,0.04,,0.04,1.0,0.0709139912794613,GRB5,GRB,244.60648594206245,6.942461236105345,6.806294110031672,-11.617806366010289,10.035035122611404,10.679777481663002,245.6822195072014,-8.173091870164793
GRB180511437,2018-05-11 10:29:53.098035+00:00,1.466,,1.55,1.0,0.3616358213528694,GRB5,GRB,248.0492045246976,2.41550264860814,2.2928840450701387,9.643223022814112,3.0902216018809554,2.9410466475573083,247.6255569765456,9.278699949734868
GRB180511606,2018-05-11 14:32:20.057690+00:00,4.869,,4.8500000000000005,1.0,0.004910164300427,GRB5,GRB,267.57206342149817,4.038401400388466,3.8039474961020687,-2.5132278321461703,2.631160826666303,2.556953439123732,267.98804135268153,-2.215119978958356
GRB180513943,2018-05-13 22:37:19.555190+00:00,6.573,,6.54,0.9944282139284768,0.0151885602530523,GRB3,,244.83970349678327,23.8478749685836,17.950864211540818,-43.73085848411278,12.309043308912456,11.199894788359131,240.7446165885173,-47.94056901321113
GRB180517309,2018-05-17 07:24:19.027041+00:00,6.573,,7.76,1.0,,GRB5,GRB,288.0638579447817,4.316704718390611,4.300671438708719,40.70426148855526,7.125500244405515,5.709197635336267,287.6132870335909,39.668933491484665
GRB180523782,2018-05-23 18:46:28.549833+00:00,1.086,,1.08,1.0,,GRB6,GRB,137.13459934371585,10.256671810502668,13.432363153286571,39.99978264987743,5.4894852316490415,7.2242460345623485,141.25698496102385,42.27047350121079
GRB180524416,2018-05-24 09:58:26.853608+00:00,4.869,,4.37,1.0,0.0125627544996554,GRB5,GRB,145.94635562645368,4.52555151094441,3.626812999194215,-35.010519657228485,3.775820093970456,4.05479904537102,143.7711103773902,-34.042549935554675
GRB180524920,2018-05-24 22:05:01.674163+00:00,2.671,,3.28,1.0,,GRB3,GRB,83.3187229218337,6.163720047210148,5.7421514731557295,35.88454502381403,6.709563338600091,6.500442179174318,82.37466318658605,38.25314133681732
GRB180525151,2018-05-25 03:37:59.089253+00:00,0.098,,0.12,1.0,0.1042684445776645,GRB6,GRB,119.24787710855904,3.573200017218099,3.9363785486735736,26.162817564953983,5.398236657933801,4.447669308362965,120.48056400849008,25.513737366685103
GRB180527243,2018-05-27 05:50:31.095370+00:00,0.022,16.0,0.02,0.999992296684695,0.0090119240161239,GRB5,,44.48878451388615,9.609943806680285,11.457340762696148,-33.745949146090766,7.506757810692399,5.41552744891991,46.513351550274194,-37.58053342900682
GRB180528371,2018-05-28 08:53:45.461037+00:00,4.869,,5.11,1.0,0.280929109209013,GRB5,GRB,268.55935654709,19.89763529264178,15.254452380676156,-63.57202034379783,6.743596953821836,5.856858618753023,265.7473601941829,-67.57860552277197
GRB180528465,2018-05-28 11:09:47.403982+00:00,2.671,,2.69,0.9806028059825344,0.0758915276878823,GRB5,GRB,215.2189888766085,8.028261700123267,8.769949000673762,28.917127335034223,4.097684113306272,4.289917953878948,219.61406200967824,28.6953226004605
GRB180602938,2018-06-02 22:31:05.329881+00:00,0.012,10.0,0.012,1.0,0.9834277886305928,GRB5,GRB,52.4531477636792,4.033404005042939,4.795163748744869,-61.82021174180748,1.1905725847137418,1.0868644074971383,53.44088130941359,-61.78724763443222
GRB180606730,2018-06-06 17:31:38.587216+00:00,0.804,,0.92,1.0,,GRB7,GRB,257.1760211864436,4.596844665803474,6.263402478505412,-24.88443793954343,5.891868905704712,5.184089980947235,258.0487900463054,-23.34730989074534
GRB180606871,2018-06-06 20:53:59.402971+00:00,6.573,,7.33,0.9999855579605824,,GRB3,,291.1360839975377,8.749759214338383,9.68718421783393,33.88932828456729,8.466170667727354,9.643998758560508,291.8996592483644,36.79797635803662
GRB180610568,2018-06-10 13:38:28.343152+00:00,1.979,,2.04,1.0,,GRB3,GRB,289.0104441542689,2.676419800926624,2.749023504126228,1.640183848252343,2.694669970773775,2.9107681591420693,288.0246751767878,2.704660378712356
GRB180610791,2018-06-10 18:58:50.014122+00:00,6.573,,6.93,1.0,,GRB6,GRB,307.6367313541544,2.6782758659775823,3.064827793324924,30.791743393184497,2.991995060704774,3.0643516622775664,308.4052917355876,30.68663183271542
GRB180611145,2018-06-11 03:29:03.866200+00:00,4.869,,5.11,1.0,0.0680189264282473,GRB5,GRB,44.44895074474519,2.188184174345352,0.8243537241642542,-48.33829625961077,0.6558282642342235,0.6791231156742796,44.20875731159886,-48.43568346030143
GRB180612786,2018-06-12 18:51:44.741329+00:00,1.086,,1.62,1.0,0.2134635225416625,GRB5,GRB,10.096710467983078,3.3900542529663,3.257618339235904,18.58268334433731,4.097348388894453,3.8606344681395903,10.034943951480145,17.9046564027564
GRB180613461,2018-06-13 11:04:24.903783+00:00,0.073,,0.05,0.9999987925797676,9.861658050646844e-06,GRB5,,174.4361516296906,10.19444445741027,8.699508326546749,-28.84829321110235,6.390713506674928,5.741340676431875,171.8002013279351,-29.830329635029766
GRB180615463,2018-06-15 11:06:01.312448+00:00,4.869,,5.11,1.0,0.9958245696999104,GRB5,GRB,61.20396538972539,7.03891505278802,4.315763064556684,80.56342432869748,1.7518569346878223,1.4205991450875786,58.921704603488735,80.05229321977157
GRB180617872,2018-06-17 20:55:23.581271+00:00,0.596,,0.5700000000000001,1.0,0.689439970532547,GRB5,GRB,104.86894695341856,3.2798559215748213,3.903878546307282,23.24849090884043,4.55641868753543,4.760121961756436,106.06632638441135,23.03434834431725
GRB180618030,2018-06-18 00:43:13.220798+00:00,0.242,,,1.0,,GRB6,GRB,162.1,,,67.59,,,162.1,67.59
GRB180618724,2018-06-18 17:22:05.976809+00:00,0.441,,0.44,0.9977122767813492,0.2601452456939357,GRB5,GRB,314.13563574044696,6.504923948801263,8.282290745939804,13.240877675891324,6.801301241079242,6.067727157083819,318.3430849254668,11.914379101174443
GRB180618725,2018-06-18 17:24:06.857134+00:00,1.466,,2.19,0.9092712985475164,0.8830806522875284,GRB5,,317.6208247968757,1.134770119586733,1.0322744266372863,2.240656380696193,1.1878473970375802,1.4075756307156633,317.4214264624351,2.682523989361275
GRB180623448,2018-06-23 10:45:36.378904+00:00,3.606,,3.2,0.999998057695358,,GRB5,,194.2379107741484,6.311787918654403,6.512314451532944,9.962622931187669,11.52167571797694,14.367255231437955,193.4973804541005,10.200558496029185
GRB180625941,2018-06-25 22:34:42.269989+00:00,1.466,,1.48,1.0,0.0051328088748765,GRB5,GRB,34.32613210479742,11.503328100293588,11.432446491269264,-57.673653510461406,4.034587195363635,4.405643289732851,32.282133602101524,-57.00950489185825
GRB180626392,2018-06-26 09:23:50.827185+00:00,0.441,,0.45,1.0,0.9834277886305928,GRB5,GRB,271.6966665675784,8.581740854038117,6.216533528938271,45.77677831487839,3.0468874122488714,3.295131207314718,270.5594026066623,46.11354709206896
GRB180628538,2018-06-28 12:54:57.511777+00:00,6.573,,6.18,0.9999972038905052,0.0156313555485589,GRB3,,51.630422427167325,15.799328004807627,21.409202864495448,40.86336334853609,10.112819248961031,14.370826453444664,60.65515967088882,44.42472007715524
GRB180630740,2018-06-30 17:45:42.700703+00:00,0.596,,0.59,0.9999974752266316,0.004833960620983,GRB3,,210.1628574241205,22.49122718597826,41.4576095932963,-50.93851908402338,32.47067999280654,12.025977524560332,224.70030566286965,-61.805458131640094
GRB180701469,2018-07-01 11:15:14.064248+00:00,1.466,,2.19,0.9817470208133272,0.3257633032446985,GRB5,GRB,192.2881453917578,4.118836626984432,7.520545689704392,-5.93039304477986,2.228751906667216,2.84742907568938,195.59656646894496,-5.739808887989639
GRB180703876,2018-07-03 21:01:50.011748+00:00,6.573,,8.21,1.0,1.0,GRB5,GRB,349.7221692630345,4.4221133348492,4.460779516365335,-66.97705864128511,2.06766705236818,2.261096045358741,349.1979862343172,-66.2547050021565
GRB180703949,2018-07-03 22:46:52.458773+00:00,1.086,,0.8200000000000001,1.0,1.0,GRB5,GRB,92.74615384878908,0.4436951450623212,0.5163758395227944,-28.19523895197318,0.5363850618934443,0.5683512968666697,92.6543114393384,-28.363532504464644
GRB180706351,2018-07-06 08:25:09.359926+00:00,2.671,,4.0,1.0,1.0,GRB5,GRB,172.42739083290363,4.701793822485456,4.9413815238189045,67.38356533307265,2.3453600406189423,2.1095183494504823,169.71958830485306,66.69792140007448
GRB180709099,2018-07-09 02:22:05.956103+00:00,6.573,,6.54,1.0,,GRB5,GRB,330.1671222395111,1.3302774647193587,1.2360061486995164,-25.12972923999777,1.2883165078348355,1.1745069457604025,330.2612238637892,-25.4562947181122
GRB180710938,2018-07-10 22:31:07.964480+00:00,6.573,,5.84,1.0,0.0287432701982501,GRB5,,78.57212866730825,7.692483781821792,7.17908617368532,-3.4186381107152166,5.440343409782956,6.411300896485628,78.84808120478215,-2.188759521651191
GRB180712651,2018-07-12 15:38:02.638354+00:00,1.086,,1.13,1.0,0.0085731729442573,GRB5,GRB,294.75686926474884,4.525714716453535,4.342612780999389,-10.99281069828503,4.788621493459172,4.655048216963909,294.75437445730205,-11.19446951940353
GRB180715087,2018-07-15 02:05:14.423642+00:00,2.671,,2.21,0.9998969090769074,0.5692556069713427,GRB5,GRB,332.3481011878511,4.181181450008978,4.681449745708505,25.71338226141328,4.865615505943701,4.159459882258979,332.5100811490749,23.414394496010555
GRB180715741,2018-07-15 17:47:19.670890+00:00,1.086,,1.33,1.0,0.9834277886305928,GRB5,GRB,180.5071592859437,30.029201200837207,41.46056449435147,84.62338584143195,2.6159553174713466,2.7552705200181293,203.36633142695112,85.26626727588126
GRB180715755,2018-07-15 18:07:06.563923+00:00,3.606,,3.37,1.0,,GRB5,GRB,235.9183864431189,9.784273749918045,6.426213618835845,2.1560971523370505,10.215532822470882,8.354109873060276,230.4283974215517,-2.171289186744893
GRB180718082,2018-07-18 01:57:44.601580+00:00,0.133,,0.11,1.0,0.9962507917115806,GRB5,GRB,332.7813447874576,7.359920758050123,7.622093600813343,24.204760639147853,7.439501321191777,7.32167054536195,331.6746841473682,23.848886798831685
GRB180718201,2018-07-18 04:49:00.669668+00:00,2.671,,4.0,1.0,0.8382130277606679,GRB5,GRB,6.975438508297313,1.8982809443506712,1.5928562014570904,-43.17522495787303,2.9158167529242007,2.446030465728974,6.725274077383975,-44.42841980449183
GRB180720933,2018-07-20 22:24:03.545857+00:00,6.573,,8.21,1.0,0.9962507917115806,GRB3,GRB,266.2032695356018,4.937241282882383,4.646650833646618,-26.32269421750174,3.072202876603608,2.9543198406958417,266.222192863117,-26.918044330990995
GRB180721642,2018-07-21 15:25:07.936568+00:00,0.054,,0.05,1.0,0.1362432418197659,GRB6,GRB,232.010145217692,3.5356145345140817,4.41319382070418,14.074852308537473,4.624195697453006,4.239907486025517,233.5778735148554,13.42765253153737
GRB180722120,2018-07-22 02:53:22.390935+00:00,3.606,,3.5500000000000003,1.0,0.2751763508161625,GRB3,GRB,113.72963992686,3.838419443707238,3.3133977801750945,-30.682816223996475,2.1699820346183003,2.154274410043492,113.21242786238348,-30.48348432596962
GRB180723133,2018-07-23 03:10:49.277664+00:00,2.671,,2.83,1.0,0.011389856330449,GRB3,GRB,143.5137574457042,4.35104646235078,3.3902193233382434,-62.493069362313925,1.4783069647518303,1.617018172448148,141.5422092117999,-62.05697891117124
GRB180724984,2018-07-24 23:36:19.159384+00:00,3.606,,3.74,1.0,0.2154982854655824,GRB5,GRB,72.41550575638556,5.578773193982656,5.017558563055459,-33.830811023716365,3.965970510882425,3.558685204791196,71.26759993671881,-34.0005171003377
GRB180725769,2018-07-25 18:26:48.189898+00:00,6.573,,8.21,0.9640636175850268,0.1301483517612647,GRB5,,296.1857428116975,24.39599228610325,61.53887466082708,-62.12020367410839,16.405258827423964,14.44953770217571,296.91470706132213,-58.42072114360192
GRB180727231,2018-07-27 05:32:14.707962+00:00,2.671,,2.69,0.9710447245721896,0.0095461957352071,GRB5,,152.53645338677268,27.87652709357019,35.087412563691686,69.41851525588582,11.04384796396819,12.366915909849624,152.46830782520314,67.61196844823323
GRB180727263,2018-07-27 06:18:26.666773+00:00,4.869,,4.8500000000000005,0.9417496074806264,,GRB5,,149.10602140763058,51.56905895632292,23.38792001307317,67.13704881913195,4.701595355900992,4.95187372215328,131.60317938880195,66.27293659911908
GRB180727594,2018-07-27 14:15:29.155562+00:00,1.086,,1.08,1.0,,GRB5,GRB,356.618724380464,2.2250649800169526,2.6162786305296777,-58.81433469577427,1.4284627338679243,1.1721173148726862,358.0274276554103,-59.13482791959508
GRB180728575,2018-07-28 13:48:23.427269+00:00,2.671,,3.62,1.0,0.2638570810739332,GRB5,GRB,225.7228365195224,1.2467679924699837,1.19251616751572,0.720679821698343,1.6608808789405438,1.6970940653610211,225.7851874653853,1.6269085827250769
GRB180728882,2018-07-28 21:09:59.133631+00:00,0.098,,,1.0,1.0,GRB5,GRB,233.46,,,13.74,,,233.46,13.74
GRB180729179,2018-07-29 04:17:40.905185+00:00,3.606,,4.62,0.9145994829902386,0.0914469760757872,GRB5,,228.05142889365663,8.162138571161506,6.249293207846364,1.7694768568175832,8.269631372854944,17.10597029576456,227.40093588976725,4.905573036915019
GRB180730018,2018-07-30 00:25:40.367731+00:00,0.098,,0.13,1.0,0.4696871584462499,GRB5,GRB,93.0741846932216,11.639223975301263,10.731173438406188,47.9286344158675,5.627726335050518,4.852212961654878,96.07070438123073,47.12668304435185
GRB180801276,2018-08-01 06:37:03.619212+00:00,0.327,,0.36,1.0,0.9962494489046552,GRB5,GRB,248.56467052066225,5.8519493383351175,4.310960937619029,-16.86905249671619,4.0975093330449965,3.5428513486565407,247.6310138564133,-17.658501166177295
GRB180801492,2018-08-01 11:48:45.404509+00:00,2.671,,3.81,1.0,0.0462202768767771,GRB5,GRB,5.724048544063399,4.2202640218123495,2.391906592417953,-72.06610954133201,1.4395006386716744,1.382637477841456,3.881637615718607,-72.76846839785819
GRB180802107,2018-08-02 02:34:42.823205+00:00,6.573,,8.21,0.9337824843586716,0.0341750134149541,GRB5,,166.69916462466202,8.058902148590988,7.704457733968923,44.408005697021046,5.529563970316879,4.502612899239999,166.0973371745012,43.058364839246266
GRB180803590,2018-08-03 14:09:49.543369+00:00,0.098,,0.08,0.9999041739806324,0.248522582024583,GRB5,GRB,113.24228047212505,15.275656150777422,17.991384063913387,61.28209705719934,9.561613680880852,10.601371952923088,119.65259420432864,64.69930166093904
GRB180804766,2018-08-04 18:22:20.336627+00:00,6.573,,8.21,0.99999811252783,0.1915713403936751,GRB5,GRB,148.52833397863972,4.52260954260251,4.426302497161231,-30.653055581856904,5.497660438450861,6.18390570043497,148.79068605485733,-28.661972371766232
GRB180805543,2018-08-05 13:02:36.604563+00:00,0.327,,,1.0,1.0,GRB5,GRB,25.8,,,-1.43,,,25.8,-1.43
GRB180806665,2018-08-06 15:57:57.993194+00:00,4.869,,4.8500000000000005,0.9999987925797676,0.1625109005671497,GRB5,GRB,23.729548327822307,6.20804115143806,5.806521367382938,-10.181130571364369,22.412506879204216,12.19408920439592,23.84909801789476,-20.62473471556044
GRB180809485,2018-08-09 11:38:15.838472+00:00,4.869,,5.11,1.0,,GRB5,GRB,296.868482293232,2.873460332933462,2.465454865387698,-36.741107010875815,2.26030517519591,2.4941907544386126,296.7253535344565,-36.07297102798147
GRB180812349,2018-08-12 08:22:31.787202+00:00,3.606,,3.5500000000000003,1.0,0.9624608750509576,GRB5,GRB,216.85283032903484,19.25775760674037,18.487474242896862,73.86415534157675,4.696976268796774,4.883147223271848,209.87356210930105,74.22755141997095
GRB180816089,2018-08-16 02:07:38.072762+00:00,6.573,,8.21,0.9896053780790588,0.9834277886305928,GRB3,GRB,124.01855452994232,0.725229351900893,0.7100228588208353,-45.15624764716479,0.5916352613623346,0.6197528899012354,124.26154181575612,-45.19766701105464
GRB180816305,2018-08-16 07:18:46.755093+00:00,6.573,,6.54,0.9546123254889316,,GRB3,,282.4542060244748,13.346278832231633,16.51774710197145,-14.475355624739777,18.26347654001788,22.58649137424102,286.7082258861568,-1.3277318269847245
GRB180816930,2018-08-16 22:19:53.189693+00:00,2.671,,3.81,0.9999981046925476,0.8818368304254595,GRB5,GRB,215.7992944700813,3.628953525248221,3.736882508779587,17.95158667236035,4.022322492053007,4.729679096783816,215.07384751785133,18.17383595322084
GRB180817533,2018-08-17 12:47:37.642054+00:00,6.573,,8.21,1.0,0.2501388825788431,GRB1,,144.9794929946545,4.349523374998,4.538823929296001,-23.170983942737376,5.132597789884894,5.589714810106653,144.60672164467692,-22.729342161964887
GRB180818179,2018-08-18 04:17:57.026316+00:00,0.242,,0.33,1.0,0.9720344743195644,GRB5,GRB,138.1880402391617,7.893034745433738,10.627274745833418,22.066708093555302,9.276086744509872,8.006478926479971,140.84604504767648,19.14847979390533
GRB180818241,2018-08-18 05:47:17.180423+00:00,6.573,,7.33,0.9948593427277594,,GRB5,,105.2957511527742,10.326433074832837,8.500176335914404,51.86623121356019,7.118174087992998,7.367801535860558,101.05682018621803,49.67154184362207
GRB180822423,2018-08-22 10:08:30.395391+00:00,6.573,,7.76,1.0,0.0095783017226672,GRB5,GRB,209.6331456625112,1.5889316902391215,1.7637872280324132,-14.921451260189878,2.0763781276533706,2.144467620590424,209.7324367511308,-13.596967580031569
GRB180823442,2018-08-23 10:36:42.538899+00:00,6.573,,6.54,1.0,0.1367928779117902,GRB5,GRB,354.182378120864,3.7278557610766825,4.842414396928234,41.570384115268986,6.436988290968046,6.567869852417857,355.64296441227486,42.85706799290783
GRB180831867,2018-08-31 20:49:10.810927+00:00,1.466,,1.36,0.999892371221993,,GRB5,,28.02028774773217,14.34228647250805,20.452749958027752,10.4808058866486,18.76954724312639,14.308013402575604,39.48611114547309,4.549271997792513
GRB180905400,2018-09-05 09:36:11.500136+00:00,6.573,,6.54,1.0,0.3232082086807007,GRB3,GRB,289.12612172002355,2.794909981111686,2.728458487319074,8.392376724974408,3.810621706030864,2.885622743496983,288.96326408867185,7.980335174176016
GRB180906597,2018-09-06 14:19:53.477323+00:00,2.671,,4.0,1.0,,GRB5,GRB,88.3979104704319,14.027863297169688,13.133559900019051,-68.31016532575558,3.803656279164173,4.005820123511086,92.10780288257176,-68.04152468376711
GRB180906759,2018-09-06 18:12:28.665623+00:00,6.573,,6.54,1.0,1.0,GRB5,GRB,273.53626905939484,3.4007044530594044,2.394175579636056,-68.51251788600653,1.0850025343873284,1.1455353652064986,272.65894501008097,-68.46442815283392
GRB180910156,2018-09-10 03:44:34.920465+00:00,6.573,,7.76,1.0,,GRB5,GRB,354.9299152807035,3.547295309843207,6.080489809199207,-2.914242906333964,8.12366487240674,9.08492182441255,359.3960235714294,-0.8596798721805534
GRB180910352,2018-09-10 08:27:32.056203+00:00,0.179,,0.2,1.0,,GRB3,GRB,249.4034533822353,4.758782386906376,6.024230010028532,-43.02617420240188,3.344932851254768,2.950422683396802,249.930002195197,-44.335815359817786
GRB180913783,2018-09-13 18:48:07.831342+00:00,1.466,,0.74,1.0,0.1194125380806664,GRB5,GRB,347.1836018395403,5.04237356479581,5.437721925855101,40.430255486138606,4.723141724122016,4.548641490455708,347.17828439955736,40.908627928147695
GRB180917477,2018-09-17 11:26:40.330706+00:00,3.606,,2.33,1.0,,GRB5,GRB,165.02837332729172,2.863952367500559,2.743094401987065,-0.4921488756416919,3.017634724801035,3.152242030421973,165.050279373146,-0.2471982057174839
GRB180922461,2018-09-22 11:03:54.235366+00:00,6.573,,5.5200000000000005,1.0,0.1738642235730183,GRB5,GRB,16.480659045014104,2.643656817099057,2.532811852157085,-4.868222905464689,2.6893204082305924,3.0533486376279093,16.656032237659872,-3.3310744193319834
GRB180922734,2018-09-22 17:36:50.449067+00:00,3.606,,3.5500000000000003,0.936856390513381,0.9834277886305928,GRB5,GRB,351.1431287770112,4.729752570386552,4.977236579524856,-10.399228919707344,7.056646340840315,6.584705198502725,352.48101557721645,-12.854945143642851
GRB180924154,2018-09-24 03:41:15.336825+00:00,4.869,,4.6000000000000005,0.9976599538137426,0.1734340678816482,GRB5,,236.96840581873693,7.352396459244858,10.29032991153906,22.999300117623545,9.152180007999672,8.694994477556119,238.4309279098876,23.15210372785806
GRB180925407,2018-09-25 09:46:30.153873+00:00,0.327,,0.38,1.0,0.2721343694582411,GRB5,GRB,178.54769561905084,33.97996499668906,10.97649973611084,-18.13176464892565,13.805506621391554,10.602461581803444,169.4255623172557,-24.101645917024392
GRB180925584,2018-09-25 14:01:09.812680+00:00,3.606,,3.5500000000000003,0.9999987925797676,0.0726986104296283,GRB5,,41.94031706960767,12.946504204840004,14.545461477571806,-59.43035108183855,4.7490742801923815,4.510438778242815,45.27577666899433,-59.771355144740966
GRB180927993,2018-09-27 23:49:20.679581+00:00,2.671,,2.97,1.0,0.9962507917115806,GRB5,GRB,236.52840842232416,2.500981382505074,2.577968074916896,-17.28655914310388,3.23729888690936,3.0599597600576622,236.0446305327669,-17.32653522721627
GRB180929453,2018-09-29 10:52:36.482802+00:00,0.804,,0.77,1.0,0.9093025138119848,GRB5,GRB,254.154353821617,2.937406887614543,3.033073081711649,-13.098914410843182,5.470822170587564,5.196659339422897,253.68782320709792,-11.93507426957295
GRB180929602,2018-09-29 14:26:34.327899+00:00,0.016,8.0,0.016,1.0,0.0309170271552393,GRB2,,53.37629764532522,13.706462628105696,25.95812835511968,39.75721515785904,9.573036618423323,18.93601816271849,56.15154218416865,43.28131745853429
GRB181002617,2018-10-02 14:47:48.077088+00:00,1.979,,1.86,1.0,0.0221376821434065,GRB6,GRB,273.2397896368252,2.909792449574184,4.774552291405541,-4.22977198063708,3.2724729044976257,2.742344907748201,273.4352879487053,-4.24564029343805
GRB181007385,2018-10-07 09:14:26.274867+00:00,6.573,,8.21,0.9999964953271948,0.1477423703512965,GRB5,GRB,302.26500965524747,2.058367046602882,1.9983798686815248,-14.794827854219673,2.6612446809929704,2.6419075712750235,302.02750494400755,-15.38867813222818
GRB181007737,2018-10-07 17:41:45.819481+00:00,2.671,,2.69,1.0,0.1875470449606592,GRB3,GRB,213.50363512122712,4.847387436582125,4.900064449661329,-54.66948965832537,2.718510193722288,3.29554598178634,213.6057149518676,-54.407504070695126
GRB181008877,2018-10-08 21:02:23.033483+00:00,3.606,,5.4,0.9999974752266316,0.0030665740944413,GRB3,GRB,117.18731533465736,4.507897226151869,4.459211076907749,-36.22949164721554,2.5806392580092705,2.639331680309752,116.76050503811356,-36.47810721614269
GRB181010247,2018-10-10 05:55:59.677460+00:00,0.804,,,1.0,1.0,GRB5,GRB,57.63,,,-18.4,,,57.63,-18.4
GRB181011720,2018-10-11 17:16:21.125915+00:00,6.573,,8.21,1.0,0.9834277886305928,GRB5,,117.39950602752674,14.601840415525372,10.457758478884386,53.13453409660458,6.444665569477515,5.738936852689534,115.92492225612295,51.81206861624104
GRB181012651,2018-10-12 15:37:12.428046+00:00,4.869,,5.11,0.9999987925797676,0.3450834121080551,GRB5,,353.7593534566706,4.411681057956344,9.389450500088628,-34.49867547837521,7.085760983956405,6.277358924958008,359.711061003715,-34.83912050925636
GRB181016718,2018-10-16 17:13:25.391965+00:00,0.098,,0.09,1.0,,GRB5,GRB,12.534712122982503,6.865959600952042,5.79417782254923,19.72929358760168,6.125543481570968,6.864379376563409,10.94131625777198,19.96344212704308
GRB181020424,2018-10-20 10:10:57.386395+00:00,6.573,,4.93,1.0,,GRB5,GRB,226.829442120612,8.999424717006349,7.731781303259879,35.97844236336588,2.7163952281372303,2.521457730589788,226.082415246662,35.597859344994475
GRB181022846,2018-10-22 20:18:30.569604+00:00,0.804,,0.8,1.0,0.0841739459997696,GRB3,GRB,225.96730110505672,8.715251998849993,20.123056859056,-63.5090760371927,3.6382802744870446,3.855660836138867,231.65043085636103,-62.88866603381483
GRB181024688,2018-10-24 16:30:19.906267+00:00,0.022,12.0,0.026,0.999976194515405,,GRB5,,212.55106131559447,6.686486606028296,7.623085036404291,7.940853406311993,15.087005199845036,11.8696535291202,213.03524084467333,6.85066056670107
GRB181026540,2018-10-26 12:57:05.422277+00:00,6.573,,8.21,1.0,,GRB5,GRB,354.0461937591276,4.169231184564012,2.1124866569009555,-53.737931079600095,1.9491809164486045,2.077464835385257,353.6803930873727,-52.68320925947613
GRB181029892,2018-10-29 21:24:47.846964+00:00,2.671,,4.0,1.0,0.0007925016054448,GRB5,GRB,282.12198600635026,5.084874019092808,5.369535113420852,-28.707010410400017,2.1223411106226,2.051243450487771,285.56644905149744,-29.161521255412392
GRB181103046,2018-11-03 01:06:45.196966+00:00,4.869,,5.11,0.9999820090200512,0.4859716329923105,GRB5,GRB,235.08508531514948,26.972328367878248,30.61265732109598,-77.15804284948263,4.670640039665244,4.557902470172735,244.20586479901573,-77.96017086732029
GRB181104928,2018-11-04 22:16:22.114411+00:00,6.573,,8.21,1.0,0.1814876281376324,GRB5,,16.785656081177514,4.638325007563108,4.053325034483061,-32.88035476302436,3.6718918236947857,4.191676261072011,17.79506105947509,-32.866000964724535
GRB181109441,2018-11-09 10:34:55.857315+00:00,6.573,,8.21,0.9999745688083884,0.0370846269592697,GRB5,,118.76547101853892,20.07129122255828,22.57283583669077,48.01810217639344,12.144689237812004,18.90275326685204,136.17167978066925,53.51750585262861
GRB181111654,2018-11-11 15:42:21.669111+00:00,6.573,,8.21,1.0,0.073290319809036,GRB3,GRB,96.95882295564368,2.1295475523246665,2.225175854680103,19.32266447358041,3.4584430402123445,3.5410964394970623,97.08427118692369,20.43807944791753
GRB181118558,2018-11-18 13:23:55.086724+00:00,6.573,,8.21,0.9988950225771572,0.0014452726293946,GRB5,,138.5263579636396,7.344053088380633,3.9841375266543366,-25.093711430233984,8.359988661758837,4.570406581906582,137.82654429241643,-25.31546168109559
GRB181119606,2018-11-19 14:32:28.278394+00:00,2.671,,3.81,1.0,0.2770731046074904,GRB3,GRB,84.71074282180658,0.994979401531495,1.846580083278696,38.11204760733821,1.0163787776400994,1.0595426621394282,85.04254248404746,38.09875006483343
GRB181119739,2018-11-19 17:43:49.330425+00:00,6.573,,6.18,0.9352110057252716,,GRB1,,24.31831320984204,18.1442541894805,13.788133149182038,35.56134939260977,15.500674195002604,17.191676273602845,19.203634221660508,35.430547686940194
GRB181120265,2018-11-20 06:21:22.315832+00:00,6.573,,6.93,1.0,0.9597546634136306,GRB5,GRB,32.7223062614043,1.2375187847529503,1.2427688076155086,4.512661880360405,1.411414505291967,1.343559904965656,32.88535821446604,4.384101566880041
GRB181121307,2018-11-21 07:21:29.085338+00:00,0.242,,0.26,0.996039639544746,0.2300053915343244,GRB5,GRB,116.94947841142356,9.05989176138425,11.082458517821491,25.899885030518863,9.34490025566512,9.351167875792076,120.9480199192462,25.36897005201084
GRB181121401,2018-11-21 09:36:59.328941+00:00,0.179,,0.21,1.0,0.1734188852794238,GRB5,GRB,258.0234837331001,5.741683083212422,5.23612797375327,25.28300212770467,8.273705529251892,7.144286512720814,256.4251107118314,23.51670265689124
GRB181121800,2018-11-21 19:12:19.329521+00:00,0.005,4.0,0.007,1.0,,GRB4,,262.65965513010417,8.354658378652687,7.825924007325341,-6.793754334301309,13.3550765785796,11.64104463043358,262.91663148906093,-12.695074918537175
GRB181122381,2018-11-22 09:09:03.074520+00:00,0.054,,0.08,1.0,0.015904358069762,GRB6,GRB,76.41751757056326,6.718995785922772,6.198341856224772,36.18858229193735,7.220048065730026,11.410800885036366,74.87054811126731,40.95160052482556
GRB181125092,2018-11-25 02:12:00.114040+00:00,3.606,,3.94,1.0,0.1261727010752268,GRB5,GRB,206.26102870382545,5.118060987081435,5.861971696659396,-5.130677343167919,5.697283125068522,5.520969909776155,205.62377819677283,-7.024890901268551
GRB181125495,2018-11-25 11:52:20.451229+00:00,0.327,,0.34,0.9963057249842884,0.1690960322177672,GRB3,,122.53794619559224,13.16814433070074,8.382971077844019,-22.993932066526344,9.43748840845732,8.621951274196878,118.3225024780237,-20.687543389222714
GRB181126162,2018-11-26 03:52:50.360505+00:00,0.242,,0.25,1.0,0.2748188783779353,GRB6,GRB,77.20920340465776,3.7944403831052966,3.9264752850384497,11.804749259759184,5.164454704691135,5.807039603518069,76.93542362706513,12.587549754409885
GRB181126413,2018-11-26 09:54:09.982147+00:00,0.327,,0.36,1.0,1.0,GRB5,GRB,150.33438672323302,6.87273031547744,3.5608325123481563,-30.161298023776464,3.073968386049156,3.397394321807329,149.2902038279526,-29.31253906055832
GRB181126729,2018-11-26 17:29:48.190198+00:00,3.606,,3.74,1.0,0.0031968676709985,GRB5,GRB,49.155220354917766,6.649511438889093,6.880111693802,-6.669842708950781,5.269493677107169,5.053649841472615,51.69874589579229,-6.776157291618265
GRB181127274,2018-11-27 06:35:01.859487+00:00,2.671,,3.62,1.0,0.2480541211314469,GRB3,GRB,8.441331172496293,4.862291228065068,5.482199841643695,51.42024419526549,4.2668000926485306,5.19203952407311,9.76772225071334,54.8052010760636
GRB181128129,2018-11-28 03:05:25.725603+00:00,1.086,,1.13,1.0,0.852571271789673,GRB5,GRB,29.32251154318336,16.13992876187867,11.947173063883334,-57.1451738834767,3.661552756508932,4.246315543335861,24.954142424562644,-57.05456010250818
GRB181202275,2018-12-02 06:36:27.870112+00:00,6.573,,6.54,0.9346860122465214,,GRB5,,284.79866723638463,7.898001870895996,6.976884434040869,26.55531538543832,8.628350776740891,8.459579512647235,281.7632670387965,25.973847664018813
GRB181207058,2018-12-07 01:23:57.287070+00:00,6.573,,6.54,1.0,0.0034914926492058,GRB3,,70.78672868851473,14.958785115522232,14.776651586641606,47.53071800079965,7.10645983764163,8.88005128471952,73.80808763458407,51.18566008575244
GRB181209209,2018-12-09 05:01:29.933769+00:00,6.573,,8.21,1.0,0.0846680500902825,GRB1,,312.8110769742367,2.1700631905457044,2.19623492436142,-3.303526029123229,3.951095696150073,3.289672763800689,313.57857286332865,-4.777386923402502
GRB181209913,2018-12-09 21:54:44.794111+00:00,0.242,,0.22,1.0,0.009178875270979,GRB7,,88.31520741814984,29.52820846627013,17.21802650191661,-2.1878066163736025,10.184268285110052,9.559762295924852,82.28495390112394,-3.741641938477835
GRB181212693,2018-12-12 16:37:48.849394+00:00,2.671,,3.28,1.0,1.0,GRB5,GRB,299.02857080037745,0.6624493672692324,0.6298768322398587,-1.285680345638017,0.8008078155958256,1.174667755158694,299.0174689399491,-1.1802991914163397
GRB181215110,2018-12-15 02:38:38.890700+00:00,3.606,,3.03,1.0,0.0120501954792623,GRB7,GRB,129.36251964689887,1.8181001377965629,1.92369391702654,-17.3990897564636,1.6855055135695718,1.514341131881821,129.4470704491625,-17.015799042506842
GRB181231955,2018-12-31 22:54:48.790604+00:00,6.573,,7.76,1.0,,GRB1,GRB,162.57641475544847,61.78703074750692,40.18975097303897,80.31055255248798,4.805007382635708,6.090448738077285,131.426386669124,80.32628748571267
GRB190109497,2019-01-09 11:56:09.663791+00:00,1.086,,1.62,0.9999974752266316,0.999995419350618,GRB3,GRB,71.39212234813651,15.60351155670513,13.878109008066872,56.782171186040685,5.996854344010671,6.552809803291424,70.79290225783554,58.5035782698096
GRB190110726,2019-01-10 17:24:53.389464+00:00,0.804,,,1.0,,GRB5,GRB,273.63,,,-50.62,,,273.63,-50.62
GRB190117369,2019-01-17 08:51:10.663105+00:00,6.573,,8.21,0.9999974752266316,0.0018947363842463,GRB3,GRB,105.73652869187356,2.626524940382666,2.4388913387482773,-20.11748069040161,3.055510240910678,2.780603308946024,106.07147237736147,-20.4944478967331
GRB190118937,2019-01-18 22:29:49.927070+00:00,0.098,,0.12,1.0,0.9834277886305928,GRB5,GRB,231.2900218918677,15.010025822754386,15.82872200213876,78.47006986975306,2.708265877431145,2.679518854234132,240.8738194955189,78.32295483603667
GRB190119211,2019-01-19 05:03:18.283998+00:00,6.573,,6.93,0.999331061265839,0.0041408071905544,GRB5,,81.03763077120821,9.249282485235597,10.106019163958765,-30.989429903089867,8.141452165928705,8.430837607710256,83.34851603278703,-32.5363942853593
GRB190122305,2019-01-22 07:19:08.833465+00:00,2.671,,3.62,1.0,0.191616856658974,GRB5,GRB,251.60922437708024,3.65000401021706,4.030942376728007,51.222517647343,1.600575078871671,2.095274780449472,252.32552351743084,51.80246596636764
GRB190129515,2019-01-29 12:21:43.746239+00:00,6.573,,7.33,1.0,,GRB5,GRB,11.57533522472176,5.34445108693677,5.372077487381029,-23.77430668863368,6.248475450074871,6.858272201813776,11.228619087346676,-19.443910779451624
GRB190129539,2019-01-29 12:55:45.421728+00:00,6.573,,7.33,1.0,,GRB5,GRB,134.08236458970052,1.811238146770421,1.7944098805865565,23.3759437308262,2.01356670405983,1.759167090429642,134.4156630336705,22.50513263018138
GRB190217188,2019-02-17 04:31:25.998764+00:00,2.671,,2.69,1.0,1.8800314431220687e-06,GRB5,GRB,160.05353650424772,3.6522755358657264,3.836805055441431,-26.449638955165703,5.435135517298846,5.233890850063997,160.78442337031453,-26.951799154984062
GRB190222312,2019-02-22 07:29:37.186976+00:00,6.573,,7.33,1.0,0.0020256918292481,GRB5,GRB,227.0903212084524,2.28961398750198,3.3547568135998063,-41.57848902199174,1.822189600062572,2.031084428100627,228.60854930195524,-41.58515205834209
GRB190222537,2019-02-22 12:53:30.480761+00:00,6.573,,6.93,1.0,1.0,GRB5,GRB,141.1009845689576,0.8588298282647031,0.703379359841307,56.92953463609554,0.7476199051829653,0.7034372138724407,140.95933485212043,56.87431243354934
GRB190223845,2019-02-23 20:16:10.794866+00:00,6.573,,7.33,0.9863071928348498,,GRB6,,324.1481074768277,7.501883259213628,8.04600366792937,-12.250277657353893,10.531989718442484,9.75266128617457,324.58472267633283,-11.357486331817949
GRB190226515,2019-02-26 12:21:45.755381+00:00,0.242,,0.25,1.0,0.7379147854565429,GRB6,GRB,227.82666674527297,2.9631000078433942,2.871723644426538,-3.194016420866154,2.6588747799347896,3.145201876272435,228.04051300804537,-2.40567703536664
GRB190228973,2019-02-28 23:21:17.406680+00:00,4.869,,4.8500000000000005,0.9998876805398544,0.1246486739935457,GRB3,GRB,273.9133646771936,1.7619332229550082,1.707122106722693,-7.861568601201975,2.499823102733268,2.520953212147706,273.9359120882189,-7.888173013115558
GRB190303240,2019-03-03 05:45:40.961715+00:00,1.466,,2.19,0.9646402947317156,0.4780467977373333,GRB3,GRB,301.1170481688255,6.759711277497161,5.326382470768465,25.520330566699982,5.984353348707259,6.44050805928056,300.427985378533,24.822910305789307
GRB190304253,2019-03-04 06:04:44.222955+00:00,0.327,,0.4,0.9999987925797676,0.0189115372326585,GRB5,,133.3681048418546,25.74358880617578,45.21409818936063,60.637231685502655,13.840658555656958,13.26489312045964,159.59484376057608,56.34362509682107
GRB190304371,2019-03-04 08:54:34.853916+00:00,1.086,,1.56,0.999947856105722,0.0613590075249806,GRB5,GRB,355.0262893152644,2.349876244948007,2.38881399834014,30.47191968063564,1.2813188713934167,1.297499092249215,354.42769474997976,30.85387932819341
GRB190304818,2019-03-04 19:37:23.819708+00:00,1.086,,1.38,1.0,,GRB5,GRB,351.8012493154829,5.443699612812566,6.724566058803134,-76.10278749181356,1.5046906633118482,1.6285157730322195,352.14858747224434,-76.09627678164291
GRB190308923,2019-03-08 22:09:46.825504+00:00,0.327,,0.32,1.0,0.1529417008324131,GRB5,GRB,156.6176875574307,6.567646935587135,2.5031610455894224,-16.185292405381535,7.08670211571096,6.407102152032017,155.6067209499485,-18.53596430532016
GRB190314769,2019-03-14 18:27:11.178375+00:00,6.573,,8.21,0.9999659708895494,0.0020279802857644,GRB1,,345.68408890715386,5.39899294096108,5.964783903651323,-25.648761211000096,5.53860545021865,5.674852766334851,345.07120772511627,-25.70998986917316
GRB190315508,2019-03-15 12:11:37.474128+00:00,4.869,,4.6000000000000005,1.0,0.2622297905905296,GRB1,,143.56676195058034,5.20709921343763,6.12434403641177,-17.012777208906225,4.718963916495845,5.038641590117781,144.13160176770583,-17.41296649454369
GRB190319353,2019-03-19 08:28:20.757051+00:00,6.573,,6.54,1.0,0.0486652525683481,GRB5,GRB,191.9196788336565,1.1130120830749777,0.8160709615801522,-2.3132864983920096,0.715930740540704,1.3194024346804465,191.942148443603,-2.0441010776608324
GRB190321363,2019-03-21 08:43:09.290897+00:00,6.573,,6.54,1.0,0.0291997203003467,GRB5,GRB,312.54843518609823,1.1104647617540309,1.1253316375513125,10.100591257154704,1.2469279141112768,1.4411374503557273,312.63096724284503,10.594963909407117
GRB190323179,2019-03-23 04:17:16.914384+00:00,6.573,,5.84,1.0,0.0032526315416196,GRB5,GRB,184.0389223129772,10.424455567282791,7.911026927694309,76.51780201054342,4.353748380016469,3.092724101708484,180.9131263419713,76.02380026039654
GRB190323548,2019-03-23 13:09:05.074380+00:00,1.466,,1.3,1.0,0.0095068517477297,GRB5,GRB,20.944677121885647,4.941686534567687,5.322730714312883,-3.631247149793131,8.717850317514728,8.24521357635704,20.84082179403697,-10.704778552026443
GRB190326003,2019-03-26 00:04:10.552624+00:00,0.596,,0.86,0.9993763220351124,0.1270012295806162,GRB3,,289.6880415431375,8.831493765706853,10.245765372748906,30.71610379171437,4.6231773664935965,5.207040812270574,293.4238890655444,31.77088325657409
GRB190326316,2019-03-26 07:35:28.921253+00:00,0.022,11.0,0.032,1.0,0.3053064243444672,GRB5,,351.4754407650201,4.658674927714344,5.203979685425793,49.75553086510239,4.398030999238074,4.130980502997097,351.7611040730318,47.75074126548887
GRB190326976,2019-03-26 23:24:45.409500+00:00,6.573,,8.21,1.0,0.5275483540402698,GRB5,GRB,162.28205545102375,10.973021976902658,4.028378741552302,60.82949856619568,1.42378980430383,4.600929270898199,161.76247117324954,61.40987139384956
GRB190327111,2019-03-27 02:39:18.415015+00:00,6.573,,8.21,0.9997586321325606,0.7883040616093321,GRB6,GRB,80.50188524704701,13.483536043742076,15.247698719078642,-80.99428252756661,2.6336628425841724,3.01019731020601,83.76099606254144,-80.77292284274506
GRB190327275,2019-03-27 06:36:02.428878+00:00,6.573,,6.54,1.0,0.8445888852420078,GRB5,,73.10057964193584,4.360618147605422,4.35764446798369,22.68646438539913,3.203193397640824,3.311475602721977,72.88731079287965,22.49186785829996
GRB190330208,2019-03-30 04:59:27.613829+00:00,0.098,,0.1,0.9982234755051465,,GRB5,,295.51136716585444,45.4349006319348,81.69483991925503,69.88172099858414,10.127193236621991,12.873113125783815,332.8976060984496,69.97623576774788
GRB190330694,2019-03-30 16:39:33.500239+00:00,2.671,,2.97,1.0,0.2617301473413596,GRB3,GRB,94.24354559802369,1.3280542172931291,0.7407604298620925,12.154701324303987,0.6317840726418389,0.9282503413361134,93.71489036851004,12.20899991247519
GRB190331093,2019-03-31 02:14:38.206598+00:00,1.466,,1.55,1.0,,GRB5,GRB,40.173857735689,3.598272473515536,3.713474726483369,25.98169257361016,3.085129918898648,2.8417666284443754,40.29547547220746,26.6734362499012
GRB190404293,2019-04-04 07:01:20.733444+00:00,3.606,,3.5500000000000003,1.0,0.9834277886305928,GRB6,GRB,155.58465851966693,6.716153790050612,13.16860768868375,48.38588416106904,3.4413564306938653,4.544794501318975,160.13807846849429,48.986061201585386
GRB190406450,2019-04-06 10:47:21.021384+00:00,6.573,,6.54,1.0,0.0456122194833829,GRB5,GRB,354.1170924307762,2.8809076780593728,3.405554599909636,33.85702600667487,3.5145947374012607,3.704304953797937,354.78291740262694,34.514659917239
GRB190406465,2019-04-06 11:09:47.032991+00:00,0.441,,0.48,1.0,,GRB5,GRB,280.06065285425643,11.428279107317678,7.559333708527106,60.66848028533808,4.657851475040935,5.507297459233996,275.9882528968724,62.711700397796605
GRB190407575,2019-04-07 13:48:37.612558+00:00,2.671,,4.0,1.0,0.2520405331421534,GRB5,GRB,89.6507195207945,2.621045522494456,3.316519041033686,-65.90685605094832,1.6787822196539537,1.785386129954432,90.73041301767458,-65.37961522610672
GRB190407672,2019-04-07 16:07:29.457559+00:00,4.869,,5.11,1.0,,GRB5,GRB,177.40623025800824,2.3699866922326294,2.0207759959803866,39.557030018137,3.1678775008524056,2.4381911293963583,177.12812793320157,39.5573968159927
GRB190409076,2019-04-09 01:49:37.876990+00:00,6.573,,7.76,0.9999962497576136,0.2758224246879361,GRB5,,262.1469677205069,15.077005079588048,12.7056419847068,40.92436900093563,7.528951179344496,7.325121234265012,264.8862011528511,41.06917287087504
GRB190420981,2019-04-20 23:32:25.190946+00:00,0.804,,0.77,1.0,0.2753271180369119,GRB5,GRB,312.0976714008889,4.006772778106949,4.018774572500547,-65.91975016304016,1.910622533996445,1.7877811059293691,312.7306231204444,-66.58118496779562
GRB190422670,2019-04-22 16:05:09.623629+00:00,6.573,,8.21,0.9999974752266316,0.6770898207277162,GRB3,GRB,185.6792091236572,4.43083367750063,4.391696631296213,-56.02585201784549,6.701087701349145,6.282129643210865,185.64776526286187,-56.54135135825841
GRB190423608,2019-04-23 14:34:59.017162+00:00,6.573,,7.33,0.9678221725296882,,GRB5,,89.1703154347355,19.609685436821337,19.627562350413413,-32.30098373152788,56.306298220400976,16.208054860911886,86.48805535671218,-35.36537251388762
GRB190425089,2019-04-25 02:07:43.953628+00:00,2.671,,3.81,0.9734170847723256,0.0991640830873186,GRB5,GRB,314.4186400985741,9.50822636091226,9.164882272273928,-36.068428140476215,7.360712313931472,7.441654519131404,314.9302514290217,-38.68933978699458
GRB190427190,2019-04-27 04:34:15.080313+00:00,0.04,,0.04,1.0,,GRB5,GRB,266.85465348275704,4.767580423664072,3.682581504826544,42.557183061818485,2.339571626662874,2.69384819270406,264.7952347059321,43.24183335042941
GRB190428784,2019-04-28 18:48:19.211034+00:00,6.573,,8.21,1.0,,GRB5,GRB,34.336321043467194,1.3131593321607085,1.598537503894029,28.13073343407249,2.05612183923736,2.470035444937139,34.347345261922584,28.18109124467136
GRB190502168,2019-05-02 04:01:33.834460+00:00,6.573,,8.21,1.0,0.2856264129262647,GRB3,GRB,92.7719253651613,1.1846693509080808,0.8759380272666704,8.020261556464241,2.258720310083657,1.8009848008060754,91.92789037031856,7.687607416683898
GRB190502564,2019-05-02 13:32:15.647912+00:00,1.086,,1.44,0.9996303772480108,,GRB5,,351.315595817272,5.9120239695986925,7.540568925126422,8.901488626007074,14.740381626794589,12.411027997712123,358.4331696992425,21.63777598658461
GRB190504415,2019-05-04 09:57:35.111693+00:00,4.869,,5.11,0.9999987925797676,,GRB5,GRB,70.75793920847835,4.864904213358301,5.032179593191373,24.112198552016,9.108278443885457,13.490133872391665,69.57840586827643,30.58533459361992
GRB190504678,2019-05-04 16:16:28.355917+00:00,0.242,,0.31,1.0,0.0002109707406336,GRB7,GRB,141.00901162432368,12.870433655572896,5.463609733953206,36.88561190784824,6.55821299689557,6.954805887878358,139.0195417178196,38.1830274121948
GRB190505051,2019-05-05 01:14:09.320277+00:00,0.022,3.0,0.032,1.0,0.0104511663573673,GRB2,GRB,337.4374419119083,12.821982391305312,11.185732244233918,45.267491036174405,3.2350324464545253,2.884161971361607,328.28809318477204,45.117490560533625
GRB190507270,2019-05-07 06:28:24.168077+00:00,2.671,,4.0,1.0,,GRB5,GRB,156.46677465728706,1.6742430605903849,1.5006330196291913,-13.984658119843608,3.4896978851873968,2.611305239906628,156.24166571725706,-15.266214216539922
GRB190507712,2019-05-07 17:05:16.894502+00:00,0.133,,0.14,0.999994001085531,0.2202338827636109,GRB6,GRB,112.49269095279422,22.832044890796908,21.71943290724343,-59.16352594285128,6.887161291308928,6.757638128466752,107.82043677108932,-59.76676680571016
GRB190507907,2019-05-07 21:46:42.021777+00:00,6.573,,8.21,0.999958709913968,0.0925732538121822,GRB3,,84.20994126632377,8.861095346824612,8.769824222576062,22.13993643609253,7.534812949202912,7.919918305557029,86.75801768285996,22.9821647347508
GRB190510430,2019-05-10 10:19:16.228649+00:00,1.466,,0.74,1.0,0.9834277886305928,GRB6,GRB,138.500203267477,1.4357029662242269,1.759051330409136,31.59797140543502,2.65673587712768,2.0106028807653296,139.05197765112175,29.650910574327177
GRB190510549,2019-05-10 13:11:10.774988+00:00,4.869,,4.8500000000000005,0.9999919672910856,,GRB5,,314.5244078193212,3.9879148619566536,5.65290713802608,-6.824809812501284,6.448479021894489,6.409290475602948,315.08475216295346,-7.309001758749179
GRB190515190,2019-05-15 04:33:03.277728+00:00,0.441,,0.53,1.0,0.9722425517251342,GRB6,GRB,139.23401486745894,2.3283115623558217,2.496797649164222,38.623169661462285,1.3334295485680556,1.2646124053380348,139.04282976888953,38.54580339737612
GRB190515824,2019-05-15 19:46:18.581192+00:00,6.573,,6.54,0.999994001085531,0.1822849034330892,GRB6,TGF,40.61430883226582,10.493939056663264,10.168745440569836,-52.33450587894007,8.61278856079057,7.769612246999792,39.71449127216632,-55.316492112831085
GRB190517813,2019-05-17 19:30:11.986220+00:00,2.671,,3.45,1.0,,GRB5,GRB,267.6257444355681,1.2028724907037829,0.7101522630881618,24.19962267257124,0.4897955381825056,0.5436920121140894,267.0767192654631,24.311756328367423
GRB190525032,2019-05-25 00:45:47.762490+00:00,0.327,,0.31,1.0,0.0221049022051314,GRB5,GRB,326.4265302622999,2.401889411511945,2.444867224725556,9.022660753976426,8.875501062871413,2.999439054125196,326.9845317999378,6.504543962302105
GRB190531568,2019-05-31 13:38:03.780758+00:00,0.054,,0.07,0.9995857079825896,0.3068303381265432,GRB5,GRB,251.2774861259441,20.2735752723936,37.30550730105341,22.19901338637308,15.669380654447682,15.898626738428192,261.1745364619956,7.421461121980833
GRB190601325,2019-06-01 07:47:24.161012+00:00,0.133,,0.15,1.0,0.0573541883903801,GRB5,GRB,167.732012805556,8.093138322893225,6.148604670143726,55.38597475820856,4.221792301928517,4.906847768780352,165.7917143631077,55.53341771432266
GRB190601886,2019-06-01 21:15:41.845050+00:00,0.179,,0.17,0.999994001085531,0.9253605313316394,GRB6,,90.8924113009398,19.400403791505752,15.702984113684565,49.36186247380702,12.253673313938798,11.752377564935443,89.76339295115154,48.96807374720166
GRB190603795,2019-06-03 19:04:27.122670+00:00,2.671,,3.81,1.0,,GRB5,GRB,18.9749003315284,5.386332335036435,4.313414208756583,44.48917517930595,7.970188359416454,7.540676793490896,17.69802306541384,45.88098245928204
GRB190604446,2019-06-04 10:42:48.567298+00:00,6.573,,6.93,1.0,,GRB5,GRB,346.8392897119292,1.5339364274599916,1.14993522022246,44.57435593078597,1.6771145266779257,1.7194036845704517,346.248518611388,45.13215229473336
GRB190605974,2019-06-05 23:22:28.365293+00:00,3.606,,4.16,1.0,0.5131278333648787,GRB5,GRB,336.9579289263557,2.0879142613146087,2.0143744290738823,8.751689005141856,3.909201377231754,3.587557106346681,337.2655697036513,6.308589605765145
GRB190606080,2019-06-06 01:55:07.903161+00:00,0.179,,0.23,1.0,0.1480067484307869,GRB6,GRB,73.01751940918312,1.0299981840827144,1.754672589270399,-19.26471154683631,1.8008948932880315,1.175428962781602,73.4953176580826,-19.256343263906444
GRB190607071,2019-06-07 01:42:47.210174+00:00,6.573,,8.21,0.9605659547591568,0.5509176900379243,GRB5,GRB,281.12690866158897,4.653674271806437,4.376749017696,-50.65245471225813,3.672786617781732,3.378817681226401,280.2716123308119,-51.41104829810537
GRB190608296,2019-06-08 07:05:42.483297+00:00,6.573,,6.54,0.9685796128219428,,GRB3,,111.32069241895356,10.234739518730848,10.434762609436262,4.428520998976921,10.561793977974014,10.24732306755556,111.28114188818677,2.5235843368554143
GRB190610834,2019-06-10 20:00:22.332311+00:00,1.979,,2.04,0.999936597673588,0.0077781907334814,GRB5,GRB,307.79411756459933,6.784304455168922,6.892774633545741,-20.89687992472622,10.243956317941867,8.500784167406241,311.98383075136644,-24.045644859695244
GRB190615637,2019-06-15 15:16:33.674452+00:00,6.573,,8.21,1.0,0.7463238355884538,GRB5,GRB,191.3262654840653,1.823157070583619,1.8721219515454663,49.5959199575908,2.6196897882934564,2.578631870191707,191.3932526519025,49.69737623848344
GRB190623461,2019-06-23 11:03:29.733846+00:00,6.573,,8.21,1.0,0.0805417243494678,GRB5,GRB,332.7692513057253,1.7421435416038662,1.955184209025731,-26.735895871875613,1.4746667915834628,1.5011939225651574,332.6338721555463,-26.39173252541512
GRB190624358,2019-06-24 08:35:49.480376+00:00,1.466,,1.48,1.0,,GRB1,,355.91284917486394,2.700646890757696,3.394842940716103,-8.902730949753504,4.6895582545107,5.361823275854832,357.07399760173905,-9.775218905058688
GRB190625611,2019-06-25 14:39:10.169552+00:00,2.671,,2.97,0.9903003909310244,0.0229889905397225,GRB5,,338.4313044163961,6.487493462559371,6.175892658165026,35.52239585393634,3.493350066416177,3.617730882719023,336.7363345186511,35.84252097516106
GRB190626254,2019-06-26 06:06:22.944107+00:00,6.573,,8.21,1.0,0.9834277886305928,GRB3,GRB,147.4381444706174,4.443202000286277,4.48631676096656,-52.025499546053794,3.4735471579299784,3.537145272898009,147.81335414227357,-51.735655386601536
GRB190627471,2019-06-27 11:18:32.145064+00:00,1.086,,1.38,0.9995338458014758,,GRB1,,235.9011272810667,5.405343331699584,4.745000028587526,-10.72484930104412,4.943851059202523,5.6128764288191775,235.02248029540343,-9.213164661693186
GRB190627481,2019-06-27 11:32:02.767243+00:00,6.573,,7.76,1.0,,GRB5,GRB,11.190488902502556,4.796077689791323,4.428183757740111,-27.26282728501643,4.341896637409587,4.844192868356966,10.207106297567272,-26.306127352313737
GRB190628521,2019-06-28 12:30:57.089407+00:00,6.573,,8.21,1.0,0.0924332312237466,GRB5,GRB,153.0100175015681,35.37640208651473,42.95173148179582,-81.4139980895756,3.824214009109099,3.864996061961179,172.10601256403095,-81.97333902056982
GRB190630257,2019-06-30 06:09:58.252746+00:00,0.133,,0.17,1.0,,GRB5,GRB,295.3827510859297,3.872438689040792,3.969218488311298,-3.4467494130068164,5.335532760314639,4.673682192346909,295.3664406914636,-3.652591737539912
GRB190702661,2019-07-02 15:52:23.909896+00:00,6.573,,7.76,1.0,0.0341617240051516,GRB6,,169.5895473631582,5.048620487436295,4.877018526751726,-15.212348563822134,3.4926076962216097,3.477596410704601,169.59421962202043,-15.093009634956282
GRB190712018,2019-07-12 00:25:21.317052+00:00,1.979,,2.04,1.0,0.7439787082775828,GRB5,GRB,347.7127836912143,6.260263248814681,7.147548835618636,-48.18001722766684,7.488030739070723,5.204193417359534,349.400879332395,-51.87900273055448
GRB190712095,2019-07-12 02:16:42.546774+00:00,6.573,,5.5200000000000005,1.0,0.137048180322131,GRB1,GRB,284.193512317652,3.835598241182311,3.820809613233166,59.89848290837351,1.863259342348208,1.7902412380744224,285.5773561362083,60.30208045378286
GRB190714573,2019-07-14 13:44:41.259040+00:00,4.869,,5.11,0.9999994381468724,,GRB5,GRB,76.42946678379235,3.974904660971831,4.350191950919651,-7.22819727823993,2.8010664538748378,3.111145676729395,77.7564181863556,-7.221033548905765
GRB190716019,2019-07-16 00:27:58.178572+00:00,6.573,,8.21,0.9796125390178704,0.2768374257595425,GRB5,GRB,68.97277811345958,8.056206785626216,5.80319650681691,16.90003031384086,6.054385374672279,5.523252700833561,66.90313788024349,17.11795820461679
GRB190716338,2019-07-16 08:07:18.331954+00:00,0.004,2.0,0.005,0.92544057080152,0.0496226494337443,GRB4,,135.01564980168638,18.798177101379338,19.53697461818368,59.38187466827424,8.107594546118037,9.159204497982005,136.26546016239882,58.766283593864415
GRB190716917,2019-07-16 22:00:10.335990+00:00,4.869,,4.8500000000000005,1.0,0.1527318559118427,GRB5,GRB,343.3866842338683,2.022676992878644,2.4236655127365907,3.1265447108439823,1.2919750873048046,2.037050000739391,345.075637381124,3.230444821098012
GRB190718195,2019-07-18 04:41:15.823658+00:00,1.466,,1.42,0.9999939834982614,,GRB6,,349.1023835929297,7.533097641254301,10.287947031664146,-50.13759836011173,6.20950483050126,5.858855072306504,356.4889422067758,-52.27341237184777
GRB190719624,2019-07-19 14:58:35.054107+00:00,1.086,,1.44,1.0,,GRB5,GRB,243.8400749207572,1.184230872651483,1.2236520308964316,11.150984798330992,2.3021390248774978,2.204340490914936,243.8367612592598,10.789590186518367
GRB190721291,2019-07-21 06:58:47.171476+00:00,6.573,,8.21,1.0,,GRB5,,90.1685934246737,5.961264628594648,6.054897970647147,-10.740319742709197,4.7401570874744205,4.964577001532284,89.67431118662688,-8.698774727916764
GRB190723309,2019-07-23 07:24:34.076069+00:00,3.606,,3.94,0.9999974752266316,,GRB3,GRB,293.3519138240949,3.2124265720128165,3.3441459846246744,15.868459683744272,3.260739195370535,3.329914178333331,293.4123164422833,17.44991011229782
GRB190724031,2019-07-24 00:43:56.800771+00:00,0.054,,0.07,1.0,0.1152913404152998,GRB5,GRB,169.34742735057088,5.861512608569456,8.072509232234324,0.8675103210174403,4.202256898297348,3.9228516439653456,172.38324034929357,1.1912007274263274
GRB190724989,2019-07-24 23:43:33.780315+00:00,2.671,,3.28,0.9998444580152488,0.0435569786902907,GRB3,,254.55792949103065,6.217276730597831,6.301201885342294,-34.608667888144424,5.085944661962856,3.563339242079224,254.0706436995733,-35.24659052710011
GRB190727668,2019-07-27 16:02:01.413185+00:00,4.869,,5.11,0.9726256599861112,0.2908494822914064,GRB5,GRB,225.2764342262992,0.9666335590950724,0.7695241006414903,16.116381144887168,1.2352382932305872,1.2880178883841378,224.9197057269459,17.088422754503608
GRB190728271,2019-07-28 06:30:36.902004+00:00,0.179,,0.17,1.0,0.273432936168676,GRB5,GRB,356.999077410189,1.9392647020483764,2.439538356554692,5.197648993197958,3.0490536010588825,3.034884818445672,357.7265395812718,5.358356493010999
GRB190804058,2019-08-04 01:23:27.317900+00:00,1.466,,0.74,1.0,,GRB5,GRB,89.77038757253818,4.061274628750851,3.4849687231998416,-26.15883236939202,3.4056873773734893,2.9948639007742948,90.01346884082488,-26.176026905802072
GRB190804792,2019-08-04 19:00:39.511639+00:00,4.869,,4.8500000000000005,1.0,0.0797500837391782,GRB3,GRB,86.46112646625072,2.683157839893568,2.454215618641584,42.01668586269231,1.671905829997982,1.4344094372130556,85.78639661908048,41.518595469969405
GRB190805106,2019-08-05 02:32:33.205915+00:00,2.671,,4.0,1.0,0.402911134482756,GRB5,GRB,167.30418453756386,1.895657039489009,2.0862185777715467,-22.408598528561704,1.6116300609121763,1.552477345083101,168.1642643459653,-22.59317872512574
GRB190805199,2019-08-05 04:46:16.848745+00:00,0.133,,0.19,1.0,,GRB5,GRB,213.3919613787052,3.357144564736956,2.340617028205031,17.388330632649023,7.807510866967917,13.049481677907693,211.4445489877187,5.391567144576074
GRB190806535,2019-08-06 12:50:03.310770+00:00,6.573,,6.54,1.0,0.2601376197404102,GRB5,GRB,307.2636891749966,6.868900852919069,6.481438244465664,-4.38784047779767,8.075951583588795,8.947987280216012,306.7299351078418,-4.506122839108432
GRB190806675,2019-08-06 16:12:34.455143+00:00,2.671,,2.69,0.9991132302947217,0.3237375605503247,GRB5,GRB,131.72119513141882,6.814131593797015,10.641562733371076,-74.00803123620507,4.567805899228432,4.259870816702957,137.0598611758354,-73.55496686683121
GRB190808498,2019-08-08 11:56:29.262149+00:00,6.573,,8.21,0.9999593212867718,,GRB3,GRB,263.3111360069005,8.789222995886007,10.792061187417971,-35.92367390337199,6.371744629531481,7.576334644624964,264.3214942116312,-36.41423363772442
GRB190813520,2019-08-13 12:29:09.893412+00:00,0.022,9.0,0.032,1.0,0.6030306385143432,GRB5,GRB,65.74862423054446,27.67858006185181,8.615627550496868,37.50586638944559,5.30432348373872,6.04422006257456,60.80420539695197,35.80596394073779
GRB190814837,2019-08-14 20:05:23.883409+00:00,6.573,,6.54,1.0,0.0678982838450646,GRB5,GRB,94.56701044406633,10.793094048825637,12.210578620547524,-51.06552935805621,6.762605192700114,5.738807779231074,95.72218907894552,-54.10038354797254
GRB190817953,2019-08-17 22:52:26.421243+00:00,4.869,,4.8500000000000005,1.0,0.0386304289608779,GRB3,GRB,263.6697095500032,3.184021384055086,2.261904113253479,-29.369118875755746,3.413798592081428,3.309008918617593,263.3922442002006,-29.864803115761404
GRB190822705,2019-08-22 16:55:29.121018+00:00,0.242,,0.29,1.0,0.0568963421786638,GRB5,GRB,132.3657719423341,7.810975867281712,5.79518243845564,-5.118770655466706,7.231348917822214,7.071697249991013,132.0576262128576,-3.027803499243543
GRB190824616,2019-08-24 14:46:40.631013+00:00,2.671,,4.0,1.0,,GRB5,GRB,206.20629159358683,1.2856814718020075,1.38089544141161,-39.55390369718677,0.6536808219659918,0.8445591349695221,206.32851671428008,-39.15988452154731
GRB190829676,2019-08-29 16:12:49.147048+00:00,0.242,,0.24,0.9999956009775308,0.7529008298445339,GRB3,,268.9312131765233,4.870379010262752,4.571604888795889,-11.693721286826406,9.866545608657866,7.851429545823464,268.90442262430065,-16.532032509863992
GRB190830264,2019-08-30 06:20:48.435789+00:00,4.869,,4.8500000000000005,1.0,0.1189340800411149,GRB5,GRB,192.0667623532554,3.97347642692651,4.409853241998718,-42.27570500446803,3.193422763303367,2.912031992314482,192.83824080105805,-42.84408722585545
GRB190831694,2019-08-31 16:38:40.781563+00:00,6.573,,6.54,1.0,0.1820802111350176,GRB5,GRB,160.3027235749449,4.987716848442432,4.9184082365159725,-28.24721348622888,4.439676987923349,4.361471820762141,158.4172483058341,-29.70820001952032
GRB190903722,2019-09-03 17:19:36.287587+00:00,0.133,,0.15,1.0,,GRB5,GRB,59.15503603430335,6.272762039299636,4.87124225782982,-56.88610029669592,4.057309252617252,3.3125440640795105,58.112357976215264,-57.86924720802711
GRB190904174,2019-09-04 04:10:59.453399+00:00,2.671,,2.97,1.0,,GRB5,GRB,37.52479480689871,5.334470831063044,6.298603788301801,-12.834189339891026,7.113122642254842,5.507096046209522,38.29693842158704,-13.006580334186776
GRB190905985,2019-09-05 23:38:28.639605+00:00,0.133,,0.13,1.0,0.998737264294118,GRB5,GRB,234.0341191665922,3.323188358224712,4.750711122353124,-2.889091719525737,3.7127319774407774,3.7085886826701686,234.9153496089897,-3.0801555732998915
GRB190906767,2019-09-06 18:25:09.540268+00:00,0.596,,0.59,1.0,,GRB5,GRB,169.31427721507333,18.04395549156635,10.966688830650185,-73.08263484954631,1.6025611377059903,2.098124378651903,162.52631903421727,-72.53118432804399
GRB190910028,2019-09-10 00:39:39.287907+00:00,6.573,,6.54,1.0,0.2551378697296296,GRB5,GRB,226.4370046040572,1.221987866765744,1.4270009256866274,0.1734606066807376,2.0250859739732934,2.1324055831463005,226.7015415329614,0.3558652136144866
GRB190910389,2019-09-10 09:20:46.658484+00:00,4.869,,4.8500000000000005,0.9999974752266316,,GRB3,,284.7161461039558,9.46941112019681,10.398507804491372,-2.531527930161282,16.249054199063576,26.139454493518546,285.01819896224777,1.268414110894561
GRB190913155,2019-09-13 03:43:09.310105+00:00,0.133,,0.13,1.0,0.0897675002568437,GRB5,GRB,254.4822151890025,4.351114831951776,5.363177279303102,56.57546871665575,5.637436426710721,5.5737107363372544,254.98982884489936,56.591250836727085
GRB190915240,2019-09-15 05:45:04.139840+00:00,6.573,,8.21,1.0,,GRB5,GRB,52.54684676728655,3.4869768229257616,3.67798722631872,4.235286463553674,2.050164658864267,1.786651075441796,52.45920156170144,3.615762718531209
GRB190916519,2019-09-16 12:26:39.018509+00:00,0.073,,0.1,0.9998327200284912,0.0065547337007412,GRB6,,178.42825746825832,12.540878953696478,13.793378876402071,-39.20303466969687,10.480554792513502,10.703673754439386,178.34759977970126,-38.01003127483158
GRB190917713,2019-09-17 17:07:13.593526+00:00,6.573,,8.21,0.9999974752266316,0.0016324978615064,GRB3,,335.4730316087416,11.73018895785333,11.098042685175985,60.8250781583498,6.071538542165982,6.537126148078869,333.5282734906006,61.75176055931658
GRB190919764,2019-09-19 18:20:39.786425+00:00,4.869,,5.11,0.9999987925797676,0.0433826247686245,GRB5,GRB,359.2260975967074,0.5060660442380254,0.7063341313449314,-23.953663484262343,1.2192628934083132,0.8858713767134532,359.3702916787938,-23.837822693839986
GRB190923617,2019-09-23 14:48:03.611628+00:00,1.979,,2.04,1.0,0.0007687313762056,GRB1,GRB,7.660552507561411,1.305857827185125,1.3602089143015217,-12.54537935407781,1.258883454005998,1.2969076431834043,7.822159564053885,-12.184258815189146
GRB190928604,2019-09-28 14:29:16.718791+00:00,6.573,,7.33,0.999994620945014,0.0034376338632985,GRB3,,280.3172297861872,5.270487311289685,5.121177099176009,-3.057996712733684,8.3282730193587,8.062092075577489,278.67834988839314,-5.087909982009773
GRB190929736,2019-09-29 17:39:41.539345+00:00,0.242,,0.26,0.9941279390649008,0.2426692155951078,GRB5,,257.75378550257864,35.88896006202128,41.2494237524819,76.96324605089545,6.550922934638521,9.11809627679041,260.98749032082736,80.46360209148463
GRB191001279,2019-10-01 06:42:06.791725+00:00,1.466,,1.25,1.0,0.9614839082503496,GRB5,GRB,309.4939959552806,1.5648410473257286,1.3565872918604782,16.93659611162747,1.604389871948026,1.2165883699351454,309.4354718694922,16.61320754101031
GRB191007530,2019-10-07 12:43:53.921459+00:00,2.671,,3.81,0.9402983412835364,0.2451858193104126,GRB5,,91.45361638721307,8.339493585014282,8.136289659425302,54.49574824754835,4.402288039567729,4.875730775167803,91.2144211824864,55.270523018699926
GRB191009298,2019-10-09 07:09:04.183962+00:00,6.573,,8.21,0.9999974752266316,0.0383029629943832,GRB3,GRB,31.895376645745987,6.188176158641934,5.908078365337634,65.73751141190942,1.3062478558771318,1.5338394036247678,33.31577058123941,65.8740607161412
GRB191011192,2019-10-11 04:35:56.800348+00:00,3.606,,2.88,1.0,1.0,GRB5,GRB,45.182613180941786,2.7880377957643745,2.7666167672208672,-32.36712960089042,3.302813981610264,3.191863932959599,45.685344619953874,-31.68223199506067
GRB191015327,2019-10-15 07:50:43.391540+00:00,2.671,,2.69,1.0,0.029607172651223,GRB5,GRB,198.7580882400431,3.567148922304767,4.134439894564565,-6.375605074082033,5.697253025816512,5.148401560885455,198.5715878554157,-6.602244708341484
GRB191017392,2019-10-17 09:23:54.810012+00:00,6.573,,7.76,1.0,,GRB5,GRB,173.34639098435673,2.564276720646859,1.8449484099153888,35.64204572992688,2.0579446713405005,2.4616853966068675,173.49702704736626,35.64065803457401
GRB191017957,2019-10-17 22:58:20.732784+00:00,1.086,,0.6900000000000001,1.0,0.0182308528049341,GRB5,GRB,138.38500337900177,4.816990213698546,5.003094643578578,11.83743394041372,3.8134124765760937,4.075389013093686,139.13446273427573,11.13205649481666
GRB191019469,2019-10-19 11:15:18.209023+00:00,6.573,,6.54,1.0,0.0037757263060525,GRB5,GRB,115.11847154114984,3.193227608021161,2.7548263368477564,59.66883791224951,3.131107768602007,3.4277302912819394,113.69312076421554,59.01783381578651
GRB191022285,2019-10-22 06:50:07.991487+00:00,6.573,,6.54,1.0,1.0,GRB3,GRB,273.9204739656216,1.2277129290818038,1.2654223689602873,-25.553362144562307,1.6956616064607708,1.749366600339279,274.2705913072489,-26.21708662715028
GRB191023630,2019-10-23 15:07:15.914497+00:00,2.671,,2.83,1.0,0.0003431443017554,GRB3,GRB,293.1680259366923,1.4514026180395945,1.5352456952227271,6.378073765536318,1.4460080188846796,1.5819070136789666,293.2524916693787,5.827246822432933
GRB191024196,2019-10-24 04:42:54.178800+00:00,4.869,,4.8500000000000005,0.9999974752266316,,GRB3,,247.27031883357887,83.43443508611057,35.60184474704411,-68.6929429256345,8.576589506111617,10.29437055706522,221.62468500909995,-66.70469256824705
GRB191026181,2019-10-26 04:20:35.776147+00:00,1.466,,1.14,1.0,,GRB5,,266.5003564984928,5.360423424152202,4.445627460616777,3.7050480931204985,3.5495825628794906,4.050976361465388,266.6517667021558,5.004913372639269
GRB191026350,2019-10-26 08:23:47.035857+00:00,6.573,,6.54,0.9999987925797676,,GRB5,GRB,35.05813942831526,5.382368612029346,6.324427484339566,-53.80359742773216,1.9951938232677195,1.7981623149701915,35.21507125830156,-54.23082390400344
GRB191027638,2019-10-27 15:19:08.214645+00:00,1.466,,1.42,1.0,0.0069900212616209,GRB5,GRB,184.9923166828736,0.926881802706106,1.2386204986302405,30.27893019440613,0.7825995683059368,0.9487731789446804,185.06269629485428,30.54007170973191
GRB191028174,2019-10-28 04:10:02.385869+00:00,2.671,,2.56,1.0,0.5380390094878256,GRB5,GRB,325.9274044973706,2.43508099742337,2.208758038005044,-4.762862783956499,3.24944963012698,3.163335943224297,325.92975842178805,-5.681174900440142
GRB191028589,2019-10-28 14:08:06.815370+00:00,2.671,,4.0,1.0,0.5267892860995613,GRB5,GRB,285.9565647340329,6.201254763356985,5.763663092150125,66.88268792855129,3.0651691435652992,2.94727680662416,284.6181644574666,67.02109355970947
GRB191031635,2019-10-31 15:14:55.236174+00:00,4.869,,5.11,0.9999987925797676,0.2504817212156482,GRB5,GRB,25.971056407246216,3.9403133517859352,4.354301809198802,-29.80895995552867,6.697907411583088,5.215555398386989,25.637837938756046,-31.773592628985625
GRB191102726,2019-11-02 17:24:45.809993+00:00,2.671,,4.0,0.9996631744431196,0.4779718379372532,GRB5,,33.58494025656548,6.318250525898762,6.4322390831910425,38.01228534966296,6.314954517532158,6.479887092362347,32.863525349472624,38.46161494390725
GRB191104188,2019-11-04 04:31:13.459005+00:00,6.573,,7.33,0.989198237528762,0.0116179592243718,GRB6,,270.4473911482508,7.059893265978644,7.432878352796763,21.07821832996657,6.704514541250838,7.161863367587809,271.1644388565987,21.623825701376504
GRB191104244,2019-11-04 05:51:54.580463+00:00,0.327,,0.32,0.9692755228205012,,GRB3,,290.13485511991337,6.538409909895961,3.961403174320992,4.281114710200187,6.507469790946578,6.292656541346201,288.9674673191173,5.022855375437409
GRB191105117,2019-11-05 02:48:56.501619+00:00,6.573,,6.54,0.9419311000789108,,GRB5,,147.56794504448072,116.16850580340144,32.56117623527288,58.45327125152177,10.79526796430575,67.87103941424391,145.8349114221594,64.02776061965716
GRB191105633,2019-11-05 15:11:35.464710+00:00,6.573,,6.54,0.9999987925797676,0.1664902548819128,GRB5,,211.0117337443477,3.9392590207152978,4.615266267142488,8.177751407289549,7.324523968651599,6.291963309931905,211.77154464024423,6.502081565348568
GRB191110587,2019-11-10 14:05:35.392928+00:00,6.573,,8.21,1.0,0.9962507917115806,GRB5,GRB,270.0176177603637,2.921503787795132,3.20772112040396,28.62104714126736,3.9702967546737256,4.765503920600757,270.8759294929654,29.346109103035616
GRB191111347,2019-11-11 08:19:09.525047+00:00,1.086,,1.04,1.0,0.5911264372339702,GRB3,GRB,133.2937128817574,2.515559706254749,2.442194077370715,-29.514176169201377,4.143804592381255,3.7393443852418153,133.2445148534514,-29.483476993000824
GRB191113578,2019-11-13 13:52:47.322707+00:00,6.573,,6.54,1.0,0.5295042144271922,GRB3,GRB,294.4848441974859,2.7367542025370994,2.371526493106103,20.06251915736949,2.778536240215054,2.707843179869496,294.41373144279885,20.489049935860685
GRB191115604,2019-11-15 14:29:10.896849+00:00,6.573,,6.54,0.9988950225771572,0.0001860393109392,GRB5,,148.20230190510057,21.72360437843836,16.505669857314473,8.724349200434734,41.773140629935455,23.05780632818732,148.66787761254284,-9.1162157230387
GRB191116352,2019-11-16 08:26:55.086682+00:00,6.573,,8.21,1.0,0.0395725900302788,GRB5,,316.4258994814682,1.2092264070044507,1.4354254866978522,5.54072344939894,1.692548153103906,2.0322708857134923,316.3984338361357,5.272430694595357
GRB191117006,2019-11-17 00:08:28.017198+00:00,1.086,,1.56,0.9998615690908172,0.2743297558327685,GRB5,GRB,308.42304705035923,17.484076478844543,15.391748120063426,70.90673837827123,8.448108080615597,8.441313492986374,308.6871715370916,72.31520351702648
GRB191117637,2019-11-17 15:17:38.568504+00:00,1.466,,1.42,1.0,0.4362016187714145,GRB5,GRB,161.1524876291622,2.8696903345986584,2.7668647310864287,10.386445692788897,7.945343201965359,7.895999612277294,161.10055501167187,10.477421215451342
GRB191129484,2019-11-29 11:36:39.878220+00:00,6.573,,8.21,0.9999724801271216,,GRB5,,214.3450714171948,6.535536586963303,5.863419856380233,-7.151391927896568,4.738796199488954,4.657938151033789,213.2503800919933,-6.176262194963955
GRB191130507,2019-11-30 12:09:39.343404+00:00,2.671,,3.62,0.9999955134767098,,GRB5,GRB,351.47344841247053,1.9073584568924389,1.6624194387215423,-12.4242050143809,4.296387582089869,4.260542641229053,351.24811806500475,-15.439097474504994
GRB191203290,2019-12-03 06:57:18.842585+00:00,0.596,,0.5700000000000001,0.999994001085531,0.7089927967622006,GRB6,GRB,308.9299354239045,14.714612181047984,15.73900751556016,45.61128233721902,7.14836851221294,9.794789911594862,310.17847825701386,48.39201865341601
GRB191205740,2019-12-05 17:46:18.062814+00:00,3.606,,3.74,0.9754976105718964,0.2662954955206267,GRB5,GRB,346.39257944179315,8.19252818400264,8.802967338771566,-28.16503275826512,7.905901811250445,8.98046486475878,345.62024054610504,-26.416179802826232
GRB191213784,2019-12-13 18:49:07.360138+00:00,2.671,,3.81,1.0,0.0003272169930413,GRB5,GRB,335.8793969527974,2.864840361771485,2.4574367142921005,-1.040579689719177,4.986288991288655,3.6362373941560815,335.8463457612519,-3.815442869816783
GRB191221802,2019-12-21 19:14:28.884640+00:00,0.133,,0.13,1.0,0.0069052218229882,GRB5,GRB,44.88946942093125,6.352908198217783,4.89052462683744,-47.81040657390366,2.4475771251006933,2.523818891952331,42.4821013790187,-48.251411803012246
GRB191225309,2019-12-25 07:25:16.678734+00:00,1.086,,1.08,1.0,0.2836603860621337,GRB5,GRB,97.7255562599936,4.740304919103124,3.698983538820272,-17.152379423212103,3.945073159005675,4.018899097998705,98.44421469849996,-17.61758665959555
GRB191225310,2019-12-25 07:26:55.469105+00:00,0.179,,0.23,0.998067109885759,,GRB3,GRB,103.5491943804796,8.052369501639603,7.933301282719398,-9.699947116950682,8.297717650331421,7.283728324438623,99.36696608074917,-11.396657816493676
GRB191225735,2019-12-25 17:37:56.421030+00:00,6.573,,8.21,1.0,0.0096485126587981,GRB1,GRB,141.59795726097414,1.2155280043698156,1.4721882715544723,-7.311096172603843,0.7531279785645859,0.7394961216804727,141.97098662965806,-7.363207859222653
GRB191226237,2019-12-26 05:41:54.961212+00:00,2.671,,3.81,0.9999974752266316,,GRB3,,18.026502014798474,7.005308147263023,7.967522331521327,64.28022424523891,4.77790676056074,5.025420329378861,20.608633752547465,65.31208342697052
GRB200103678,2020-01-03 16:16:51.435881+00:00,3.606,,3.5500000000000003,1.0,0.0161283884133834,GRB6,GRB,351.9251306201911,2.714408168846376,3.151367763588439,-47.61152312774227,3.594218225696004,4.125752203582373,353.2390442638773,-46.12484035091238
GRB200105914,2020-01-05 21:55:32.768035+00:00,2.671,,4.0,0.9999984658304452,,GRB5,GRB,314.6605916756759,2.6111943872004417,2.738871838681746,-35.72870611474822,2.0083421947395976,2.2809917480943085,314.6661640054623,-35.22353941585672
GRB200109563,2020-01-09 13:31:12.471534+00:00,1.086,,1.08,0.9992904677954096,0.159535583975324,GRB5,,71.81969146122051,7.883026770265971,6.729144461642363,3.2322041642121584,6.520151355788094,6.4706933159445015,73.48524688028692,1.3712138083870349
GRB200111633,2020-01-11 15:11:10.985812+00:00,6.573,,6.93,1.0,0.999995419350618,GRB5,GRB,113.028775142953,1.5244569312286274,1.6557584997161143,31.946362621771097,1.5684654796719393,1.8593032892099608,112.53275998195284,32.29800766217208
GRB200112525,2020-01-12 12:36:33.438345+00:00,2.671,,4.0,1.0,,GRB5,GRB,145.09042567162396,3.0631847029656,3.707173031629395,63.34621760541585,0.9555070116722036,0.9330345343281508,145.3883171231779,63.66376568049651
GRB200114154,2020-01-14 03:41:11.401884+00:00,2.671,,4.0,1.0,0.0075278051443232,GRB5,GRB,203.98244403368625,1.3615500691012414,1.3279034085871046,0.7871641685991901,1.117376873167856,1.2936126962600372,203.62854564008703,0.8571741765723595
GRB200117517,2020-01-17 12:24:08.758631+00:00,6.573,,8.21,1.0,,GRB5,GRB,125.57529757061565,5.959187544675146,5.887612664230218,-61.856260622756,2.651670819322796,2.968387248287371,125.09255599668502,-61.80756202293472
GRB200120962,2020-01-20 23:04:59.154001+00:00,2.671,,4.0,1.0,0.2852002801642305,GRB5,GRB,138.89298343030646,1.9989883021621608,3.1062509871148904,-69.63757476385403,1.1662332843556555,1.117543206428124,139.87786367355,-69.39768642462107
GRB200121358,2020-01-21 08:36:10.979738+00:00,2.671,,4.0,1.0,,GRB1,,285.4981758091714,7.058869214055164,7.001957385473133,60.4923898791558,4.30622959629877,4.1253060243457895,285.67150295796205,60.02291992405234
GRB200122221,2020-01-22 05:18:20.557463+00:00,1.086,,1.62,1.0,0.0071796265105267,GRB5,GRB,133.46487473104554,15.495940849740435,9.220819548124595,46.192480667289885,13.429591569547128,31.06133291081005,129.4401425674525,56.94164698511069
GRB200125864,2020-01-25 20:43:35.603781+00:00,0.012,14.0,0.018,0.9999912905410144,0.26899439264087,GRB2,GRB,13.27654665549306,7.066556396756155,6.02267407746756,63.156110372528055,2.1883537131826003,2.903498436298456,11.858097217739587,63.32819830431679
GRB200126374,2020-01-26 08:58:00.994600+00:00,4.869,,4.8500000000000005,0.9354091718513928,0.2469820388267587,GRB5,,224.57265614116343,15.78437003365886,44.81291341033639,66.1566347490734,11.598564457463326,12.627927687961789,228.179931246833,62.55320176728365
GRB200126466,2020-01-26 11:10:51.743413+00:00,0.242,,0.23,0.9999987925797676,,GRB5,GRB,59.78138153742455,5.90065371642541,5.735981986000908,-43.22120316157566,5.804088654363696,4.772487585619516,61.21916382470437,-43.59223597676677
GRB200128153,2020-01-28 03:40:05.778810+00:00,0.242,,0.34,0.9999999436807304,0.4925946345320867,GRB5,GRB,166.76780756751631,7.571425133125217,12.645205714320326,48.66224863084625,3.968295210875191,3.406133612946711,167.6326920663554,48.61995097464651
GRB200129409,2020-01-29 09:48:44.187157+00:00,0.054,,0.07,1.0,0.6055632594014589,GRB5,GRB,313.8814162837171,3.581956936676079,5.003999560900638,-30.68820813771152,4.187279409144992,3.5448665402222765,314.2433421517983,-30.90906143307522
GRB200130248,2020-01-30 05:57:35.232979+00:00,6.573,,8.21,1.0,,GRB5,GRB,334.1501471815476,3.993873336336492,3.794576595310161,-67.36052761858313,0.9998125381868164,0.9251461271101108,333.68324485590097,-67.30726714201607
GRB200205845,2020-02-05 20:17:23.634560+00:00,6.573,,8.21,1.0,0.0922030994819001,GRB5,GRB,223.5929447275392,4.423671542152135,4.676449061463785,-32.65135806864689,6.575313393263102,7.038248221011536,225.2161928003383,-32.78124923740076
GRB200206706,2020-02-06 16:56:21.332819+00:00,4.869,,4.8500000000000005,1.0,0.1299392079191581,GRB5,GRB,286.8034365340103,11.456575016022953,11.406354711763242,-46.92990890021788,6.074794276237988,5.263044180691658,284.95137367618247,-46.92574210086547
GRB200207058,2020-02-07 01:22:56.676564+00:00,1.979,,2.96,0.9999974752266316,,GRB3,GRB,246.03219422867647,1.8015502973011337,1.895080898462254,-47.901251356622645,2.532018025364096,2.2092252904957164,246.5472115304633,-48.23565035667252
GRB200210901,2020-02-10 21:37:20.588949+00:00,6.573,,6.54,0.9845574365609324,,GRB5,,19.564350718950404,7.74651479535893,8.382231847900941,-23.71257270748044,8.28750687813013,8.071474030622408,23.818268551532643,-25.10929975797552
GRB200211813,2020-02-11 19:30:01.428247+00:00,2.671,,4.0,0.9685796223954114,0.0137809403956039,GRB5,GRB,101.374453998372,8.85812283556156,7.981472603303374,63.103596321855576,5.9297027376320415,5.198827871479296,101.19983987175247,62.22870516951106
GRB200215611,2020-02-15 14:39:31.750260+00:00,6.573,,6.54,1.0,,GRB5,GRB,29.12160744699172,1.838941542563056,1.7656351731507949,11.394952566826085,2.279242787318445,2.416434559863232,28.785913301708653,11.019069970514437
GRB200219317,2020-02-19 07:36:49.258590+00:00,0.327,,0.41,1.0,1.0,GRB6,GRB,345.5118803608689,2.715441908120852,2.259276084475573,-46.21719964123795,1.6729871286160858,1.2210992761907349,345.05075659004854,-46.52085999842463
GRB200219413,2020-02-19 09:54:16.191996+00:00,1.466,,1.69,1.0,0.009578019448619,GRB3,GRB,298.5316832755344,2.9491957055971625,3.2763408466910846,18.99448657399597,3.4109607224034058,3.5496329538499687,299.03819120544983,17.658641988920476
GRB200219998,2020-02-19 23:57:13.482302+00:00,4.869,,4.8500000000000005,1.0,0.2735378872790118,GRB5,GRB,264.2652020388669,0.5180894537729728,0.5611728345886604,7.211778405287844,1.5300858478703647,0.584327419759564,264.5569224110008,6.811898084072962
GRB200221162,2020-02-21 03:52:58.781110+00:00,0.804,,0.77,1.0,0.6547026473608591,GRB5,GRB,159.26234301116477,2.8819137701992474,2.843011044800079,26.865163222958287,5.309883127379997,5.006272382666936,159.22786932801262,26.189232458441648
GRB200223244,2020-02-23 05:51:36.300370+00:00,6.573,,6.93,1.0,0.7092661138798532,GRB1,,335.81285849962467,5.32080834505831,5.78243645146307,27.3197861658551,5.484316124602721,5.079379477295969,336.70532930961724,25.582672158908025
GRB200224416,2020-02-24 09:58:44.572559+00:00,0.073,,0.07,1.0,0.1863927670842553,GRB5,GRB,177.043445064461,5.471380550570018,6.819802070905894,-19.95974892868072,10.730319501575488,8.998988883422868,178.89698829016464,-23.577638110675377
GRB200227306,2020-02-27 07:20:19.367762+00:00,6.573,,8.21,1.0,1.0,GRB5,GRB,56.862964295844506,0.6745801509286551,0.6443402255448163,3.9072374514241983,1.8368451768290872,0.7141071682595324,56.58987477206673,3.368317332336166
GRB200228291,2020-02-28 06:58:35.531829+00:00,1.979,,,1.0,1.0,GRB5,GRB,326.4,,,-54.16,,,326.4,-54.16
GRB200228469,2020-02-28 11:14:43.385279+00:00,2.671,,2.69,0.9990525976618592,0.982357516365169,GRB5,GRB,252.8926045555249,6.29585791869755,7.339152362598412,6.459707768368644,5.869277348197348,5.702027991916321,252.50580931252563,6.127238926127159
GRB200306934,2020-03-06 22:25:25.286597+00:00,0.073,,0.07,0.9999963518643914,0.0114346619622842,GRB5,GRB,329.8083176067953,12.779418734024093,12.977917273468393,28.62101917547012,16.13515361338985,16.204389571427548,329.9243225285918,14.28263684719561
GRB200307458,2020-03-07 11:00:02.332215+00:00,0.596,,0.8300000000000001,0.9772563264542548,0.0692341607996645,GRB5,,288.0288594288868,5.324943803494534,5.199049743427395,-22.675946149273496,5.775513725303334,6.578521663272436,288.4063787623644,-22.069147067652143
GRB200307894,2020-03-07 21:26:59.177479+00:00,0.022,8.0,0.033,1.0,0.433897548601124,GRB5,GRB,21.93776263347874,18.29312304292786,12.35798200780536,-52.387947726761546,7.337910721368395,6.707528994665417,18.053557070103988,-52.13935910599005
GRB200313456,2020-03-13 10:57:12.509551+00:00,1.466,,1.42,1.0,0.0468820026356509,GRB5,GRB,211.05195513915925,4.08407397932649,3.280407155139784,47.04651525527429,2.469720032460202,2.150183192055892,209.73694068602973,46.86660818349134
GRB200317028,2020-03-17 00:40:32.380527+00:00,1.086,,1.62,1.0,0.996256010745638,GRB5,GRB,61.078795234600406,1.6218125446103144,2.304999093268421,-46.22715543071433,1.1594159145633256,1.0920525442276556,62.00431114119792,-46.33650685665735
GRB200319323,2020-03-19 07:44:44.018717+00:00,3.606,,5.4,1.0,,GRB5,GRB,60.97304030691899,3.884824772530976,4.1204797124825845,-8.896565111649956,5.40904658238388,4.919367631397927,59.927631445823934,-7.965396375159621
GRB200320414,2020-03-20 09:56:48.531743+00:00,3.606,,3.74,1.0,0.1579639070215423,GRB5,GRB,185.71117441231587,1.6049402363424008,1.6816592644328807,-42.11025819389423,1.497388245871619,1.4955666923003932,185.77802642645884,-41.406013860902135
GRB200323006,2020-03-23 00:08:42.805062+00:00,3.606,,3.03,1.0,0.0424467790618844,GRB3,GRB,328.93656351045155,3.668897620168423,3.715981666223058,42.55102847748431,2.814283016464529,3.030186825295239,328.62825446109923,42.64469546487463
GRB200323708,2020-03-23 16:59:57.773573+00:00,6.573,,8.21,0.9999954153801852,0.2812387850370905,GRB5,,165.82650683647057,2.775490594301715,2.19823504665726,25.114426103047776,2.1693718641491166,3.2551826050026094,165.3149325306451,26.689277327854263
GRB200323782,2020-03-23 18:46:33.889655+00:00,1.086,,1.62,1.0,0.0035456330341351,GRB3,GRB,153.96162513534134,1.8053095505994463,1.6013814723089013,-55.220726376700895,1.004868457576812,0.9816349195800668,153.8657037564641,-55.14724680418336
GRB200325138,2020-03-25 03:18:32.176818+00:00,1.086,,,1.0,1.0,GRB5,GRB,30.34,,,-26.19,,,30.34,-26.19
GRB200327873,2020-03-27 20:56:48.271151+00:00,0.098,,,1.0,,GRB6,GRB,233.67,,,6.16,,,233.67,6.16
GRB200401292,2020-04-01 07:00:28.424325+00:00,1.979,,1.95,1.0,0.0204004694675027,GRB1,GRB,149.95948989556922,2.6790065715830167,2.588342901984362,10.485073777811287,2.2072059463260114,2.3053532802998795,149.86898025110102,9.562932179210518
GRB200402403,2020-04-02 09:39:47.789157+00:00,6.573,,8.21,1.0,0.0008753201252167,GRB5,GRB,45.0822126168716,2.00495384283132,2.0627318037473685,44.144638364040574,2.2524705433025503,2.189285308458544,45.17963909840904,44.45100742093194
GRB200402688,2020-04-02 16:30:31.107984+00:00,1.979,,2.96,0.999994001085531,,GRB6,GRB,189.49612954948017,3.162822987145802,3.231478223746393,-10.942990447234315,3.579857992919748,3.742998796413527,190.68529773764152,-10.466976178867982
GRB200403920,2020-04-03 22:04:17.022948+00:00,6.573,,8.21,0.9999987925797676,0.0069218583977258,GRB5,GRB,234.38089950591595,4.388600517804633,4.445197720579586,73.97877646746682,2.051099971167289,2.0366422290538395,235.4895885241621,73.62547278540646
GRB200405394,2020-04-05 09:27:24.007882+00:00,6.573,,6.54,1.0,0.0107697914447585,GRB5,GRB,53.98829815997426,1.9781901397058448,2.113251609751451,-31.987473883554,1.9736942551811936,2.072330780217748,54.40318085270868,-31.402756986212392
GRB200407265,2020-04-07 06:22:01.596429+00:00,0.327,,0.32,1.0,0.071402455867851,GRB3,GRB,285.65295111467054,3.00401381774384,3.285524533225441,5.94351429768429,2.567685509464873,2.5150880187201894,285.615048206405,5.983247827719391
GRB200409139,2020-04-09 03:20:00.205189+00:00,0.804,,0.89,0.9994609666363196,1.0,GRB5,,54.69717209604154,7.485197660538162,6.998798794352844,-42.5365079582576,2.952738100958811,2.715637984419054,53.46926319464201,-43.08739936977113
GRB200411187,2020-04-11 04:29:02.566547+00:00,0.179,,0.17,1.0,1.0,GRB5,GRB,62.54269459895672,8.062368450429744,11.61908546252063,-55.99669979124439,7.513932148607857,6.264764183798455,64.17734481232469,-54.89021504860479
GRB200415259,2020-04-15 06:13:13.076028+00:00,0.005,4.0,0.005,0.9449350352024488,0.0057540476366176,GRB2,,107.0774917396962,28.65573446109288,28.397166668122097,-15.820427503763582,20.73281907275368,19.780779699452506,98.32804187479414,-5.715567063337588
GRB200416295,2020-04-16 07:05:19.253129+00:00,6.573,,6.54,1.0,1.0,GRB5,GRB,333.45384406693296,1.9866690240488083,2.0073238065476744,-2.037087386144578,2.727794485381884,2.492136684246529,332.8986027442654,-2.415507471905028
GRB200419301,2020-04-19 07:14:03.658969+00:00,0.003,4.0,0.003,0.9971545922759996,0.2425782377119826,GRB2,,287.93264516229885,26.47890183981235,30.097462205501813,-11.302267152038818,24.98475520063268,26.45697675273113,286.37167627566515,-5.288176202116041
GRB200420106,2020-04-20 02:32:58.537787+00:00,0.327,,0.32,0.9999974752266316,0.2257310177155357,GRB3,GRB,296.3693744503305,3.2924072358890726,3.749282824828072,5.623982704247278,4.84462278507823,4.176827589767031,296.0387196963556,4.580052617070898
GRB200423579,2020-04-23 13:54:11.361337+00:00,0.073,,0.09,1.0,0.0012723069162682,GRB5,GRB,300.6792064586127,10.319573089838286,7.272184232222855,52.74370300408316,7.412991279201293,7.534534240950542,293.82097478281554,57.38472277786385
GRB200425701,2020-04-25 16:49:51.561534+00:00,3.606,,3.5500000000000003,0.9999974752266316,0.1163673231986308,GRB3,GRB,312.4604693581551,2.077414339734218,2.2760588342646884,40.28921618570422,2.9862822625008505,2.906411276097685,312.46916886594323,39.58366486663601
GRB200428147,2020-04-28 03:32:00.637922+00:00,0.073,,0.09,1.0,0.0031159560226422,GRB5,,303.0461439882579,5.646687849487478,5.552798571435915,10.580865665961404,6.274602930449227,5.302981586818836,300.64126137638937,9.957563617668484
GRB200502574,2020-05-02 13:46:36.469214+00:00,6.573,,6.54,1.0,0.3002724828012467,GRB5,GRB,287.4045412349068,2.330880131059075,2.483301296470984,39.96287446561075,1.804078387039823,1.7146382293982612,288.89241748428265,39.98880218736012
GRB200503721,2020-05-03 17:18:45.427340+00:00,6.573,,6.93,1.0,0.2216762298318012,GRB5,GRB,244.07079646545264,3.2162307415838995,3.070990764726872,-12.71829922826171,2.7612877948780348,2.640797249798805,242.70228742560823,-14.36190191144674
GRB200505994,2020-05-05 23:50:45.456011+00:00,2.671,,3.81,1.0,,GRB5,GRB,81.20151866494123,1.1369825126652555,1.726247770480413,-49.52476429765225,0.6150033414238294,0.6110555372325308,82.53432751797145,-49.27826670505351
GRB200506208,2020-05-06 04:59:44.141888+00:00,1.086,,1.04,1.0,0.2856220325057665,GRB6,GRB,77.86485645828654,5.911526463776099,6.029314968325082,-0.2538881112953,8.273347333737032,15.250599328126947,80.10302053862041,1.1481250976966315
GRB200506406,2020-05-06 09:44:04.346262+00:00,2.671,,3.81,0.9999987925797676,0.0496921428138872,GRB5,,189.73716068966525,2.065012431405336,2.168802582753358,42.47610573112342,2.102267353709067,1.8753746298812004,190.18975480524688,42.27349653876429
GRB200507662,2020-05-07 15:53:39.380115+00:00,0.098,,0.14,1.0,0.9834277886305928,GRB3,GRB,40.64626300205846,5.114373896423814,5.106043892820068,51.94684378120542,5.512071756544394,5.811564849445418,40.29974496289284,53.59594706909572
GRB200509292,2020-05-09 07:00:56.321406+00:00,6.573,,8.21,0.9685796223954114,1.0,GRB5,,116.74084347253851,2.653984902587524,2.540114625488968,-2.59106338046646,3.141015952430695,3.196031907307605,115.85129112989364,-3.248596301238804
GRB200509819,2020-05-09 19:38:38.840408+00:00,0.327,,0.32,1.0,,GRB5,GRB,127.75843591645842,8.199622949241032,9.126128914611002,60.92805736835333,6.625483398556916,7.752941596872539,128.049680767173,62.670485766646536
GRB200514380,2020-05-14 09:07:37.143801+00:00,1.086,,1.08,1.0,0.2796603682283678,GRB5,GRB,264.599963409061,9.867431546986552,9.689988786264422,53.33162713447149,6.75099521530543,5.96413794788316,260.43306206092313,52.4039532996231
GRB200517786,2020-05-17 18:52:31.210127+00:00,6.573,,8.21,1.0,,GRB5,GRB,115.3066373802935,3.70357196144488,3.2659524528686035,22.579621323451384,4.245223022499651,6.734019295093868,113.59219618300877,25.25045244798845
GRB200519778,2020-05-19 18:40:44.192597+00:00,0.073,,0.07,0.9999912905410144,,GRB2,,291.84956946003393,10.556962773750229,11.64219131628289,36.641411898415726,18.69648836448016,12.251437850642963,291.3494793297799,26.413992899405457
GRB200523183,2020-05-23 04:23:58.945659+00:00,6.573,,6.54,0.9908352825244676,0.0705637623036714,GRB3,,320.3793272929308,20.16808528249044,42.79331917716184,53.331972548265846,14.766925179395637,16.44218078537515,331.825198869113,58.77384350218773
GRB200529362,2020-05-29 08:41:20.165392+00:00,0.022,13.0,0.022,0.9987646911035252,0.0071681583775522,GRB2,,276.20538064387625,19.05965526719575,10.94847404149931,-13.296144399184747,11.132809699052569,8.250279240628569,276.7286700005116,-15.383616351582454
GRB200531119,2020-05-31 02:51:28.081028+00:00,6.573,,6.54,1.0,0.1014328901854976,GRB5,GRB,165.12194035480616,4.331279340380036,3.1278144028295003,32.066724038395904,4.058048004679925,4.525291167727598,164.2692084238966,32.095109582785994
GRB200604778,2020-06-04 18:39:45.420373+00:00,4.869,,4.8500000000000005,1.0,,GRB1,GRB,21.55921020628498,2.2915954399572023,2.1280553794806067,18.19553164546128,2.395011303273993,2.435355774240083,21.6319325087656,18.1628092490182
GRB200604833,2020-06-04 20:00:03.763007+00:00,6.573,,8.21,1.0,0.0995273482206269,GRB5,GRB,174.357860530104,2.642176873776151,2.685104770993121,-14.83251378139541,4.586873216620168,4.399316401653096,174.6010949379101,-16.662575048005895
GRB200605762,2020-06-05 18:17:42.327870+00:00,0.327,,,1.0,0.9962507917115806,GRB5,GRB,105.0,,,55.07,,,105.0,55.07
GRB200607362,2020-06-07 08:41:57.171607+00:00,6.573,,8.21,1.0,0.9834277886305928,GRB5,GRB,174.5963513832735,1.6089015824807404,2.093523906579776,24.349599945239685,2.018508499915296,2.618250003411106,175.34989642349473,25.044021036421988
GRB200607921,2020-06-07 22:06:34.562983+00:00,6.573,,6.54,1.0,9.64163630816406e-05,GRB5,GRB,337.3139994520548,5.233070972387452,4.491517332154672,-83.54771668632708,1.6226798082932277,1.529563820151182,337.3748835271458,-83.50804954724823
GRB200614608,2020-06-14 14:34:56.388388+00:00,2.671,,4.0,1.0,0.3298620413200019,GRB5,GRB,108.891486560408,11.192475841590865,18.2644944769432,65.82456421537793,5.501092848282141,5.2624309384311445,116.37149405463906,67.72242045913217
GRB200615250,2020-06-15 06:00:07.753913+00:00,6.573,,8.21,1.0,0.0296617680482054,GRB5,GRB,39.14181465576957,3.489557372039052,3.017983815594405,3.4724313442741472,3.57345817967256,3.15395412261862,38.98825766082593,3.509869037351113
GRB200616048,2020-06-16 01:09:17.473961+00:00,6.573,,7.76,1.0,0.8632146889555311,GRB5,GRB,115.63081744849345,4.370872006678312,4.531111827055653,-71.26474406307514,2.029889322065131,2.1879560091120425,115.8290974030923,-71.02492111613412
GRB200617679,2020-06-17 16:18:05.865656+00:00,0.596,,0.61,1.0,0.9578974664034012,GRB5,GRB,120.0540216527131,15.180134155752214,29.63689392523516,-69.88825152219806,3.552742624637048,3.0930686977999926,122.58572511549488,-70.0561988219849
GRB200619252,2020-06-19 06:03:23.773848+00:00,1.086,,1.62,0.9997571282067989,,GRB5,GRB,226.9162694474253,1.3983278348302974,1.380861236114043,-15.477912154648829,2.160615579730086,2.0784802223128054,227.1242826488462,-15.014942635500624
GRB200620564,2020-06-20 13:31:32.398995+00:00,6.573,,6.54,0.9248868528336162,0.1387315690081647,GRB5,,161.6554675729844,7.920672139201002,8.208365795632545,43.20403214117962,7.309180884987938,5.478066160529089,161.41701244539772,41.464868606351686
GRB200622092,2020-06-22 02:12:02.515697+00:00,0.242,,0.36,0.9962782616964424,0.2931143518174126,GRB5,GRB,111.41657948638112,3.732405030086952,3.197576991786533,31.54941233678815,3.169334897054071,3.057373369464422,110.97966971117964,31.530825034731635
GRB200622499,2020-06-22 11:58:58.323633+00:00,0.441,,0.42,0.9996812708241228,0.1288706664228534,GRB7,,281.1139848694271,11.391787182596886,13.19974049356034,-14.381930508339275,26.686927063066754,15.263803866342968,280.239465152549,-18.37577663505921
GRB200623138,2020-06-23 03:18:00.608629+00:00,0.054,,,0.9972420912163944,,GRB5,GRB,228.02,,,67.29,,,228.02,67.29
GRB200623752,2020-06-23 18:02:49.138051+00:00,0.596,,,1.0,0.550296833456531,GRB5,GRB,342.49,,,-52.45,,,342.49,-52.45
GRB200625532,2020-06-25 12:46:08.811154+00:00,2.671,,4.0,1.0,0.1516136000442283,GRB5,GRB,170.97624091841766,2.2293172620311736,2.3973795867403,-17.897852191381297,1.7532017069344406,1.694618155725852,170.74006985541394,-17.94597554793966
GRB200626105,2020-06-26 02:31:32.066685+00:00,1.979,,2.04,1.0,0.2428689718357586,GRB6,GRB,74.5147240621688,3.880151409136346,3.652580934317058,10.944390593924949,4.906919527139046,4.924900673415618,75.01703329495962,11.15465202469903
GRB200629535,2020-06-29 12:49:56.333191+00:00,6.573,,7.33,1.0,0.9497267694638746,GRB5,GRB,340.9788810064418,2.583419187251252,2.7327858947085133,-63.474634121238765,1.258276737004998,1.3835236863232725,340.7895495149929,-64.05874092297637
GRB200630634,2020-06-30 15:13:39.785475+00:00,6.573,,8.21,0.9996452808960882,0.0027411990721695,GRB5,,223.0079550568028,22.548460744437,11.200972520424102,15.216793131138072,20.57098616930565,16.521665604714048,214.72586436643547,11.867820918714392
GRB200701533,2020-07-01 12:46:59.049297+00:00,6.573,,8.21,0.9999974752266316,,GRB3,,122.5702823611302,7.104256642908993,5.416584846145511,-26.58204290814166,5.418840273320516,2.744119202051717,121.5374509119128,-29.65951330039104
GRB200703341,2020-07-03 08:11:39.756338+00:00,0.441,,0.4,1.0,0.9962507917115806,GRB5,GRB,245.6338028230288,1.536160983874396,1.927028640429313,-5.647768809429199,1.883816178826418,2.207729316675902,246.52926160951355,-5.068538206833839
GRB200706231,2020-07-06 05:32:09.308879+00:00,0.179,,0.19,1.0,0.2754178701688291,GRB5,GRB,132.6998856368456,19.056485167692728,17.515296615317283,50.71264004853447,5.402507982094839,5.95962256311028,132.04612618647872,53.25298045954087
GRB200707072,2020-07-07 01:44:07.943849+00:00,6.573,,8.21,1.0,,GRB5,GRB,76.71706720841772,1.935631548185796,1.474145185878541,-13.33163749029304,2.2650867356820044,1.9506903104670563,76.26308744328759,-13.357891172146443
GRB200710036,2020-07-10 00:52:07.020998+00:00,0.133,,0.14,1.0,0.2670284680659484,GRB3,GRB,95.33842607170156,7.750561621754869,7.461551850703685,2.8230043700720184,5.961440522001684,5.904329903747623,92.86145339534336,3.341059537245272
GRB200711462,2020-07-11 11:04:36.813723+00:00,2.671,,3.81,1.0,1.0,GRB3,GRB,291.0199932733507,0.8117856019250667,1.0466210579279505,3.817280507982374,1.1616968154553589,1.7741804108669768,291.32694333753074,4.488055382527903
GRB200713919,2020-07-13 22:02:40.183155+00:00,1.086,,1.62,0.9999987925797676,0.0786645517390397,GRB5,GRB,224.9549902742853,3.389858824661616,3.148965077834987,-34.64814776964967,3.459031051564992,4.440889282353929,224.95999905645945,-33.717450323961444
GRB200714247,2020-07-14 05:56:02.221879+00:00,1.086,,1.56,0.9999972716244436,0.4763221726849918,GRB3,GRB,352.6305386591661,5.066506732887035,7.889460251703042,58.424498372113234,4.635181796400971,4.535098727813079,357.9634177553446,59.0151931210834
GRB200714344,2020-07-14 08:15:26.515247+00:00,1.466,,1.36,1.0,,GRB5,GRB,184.56090747334943,3.6794437107504336,4.188934251305625,-52.45089055121208,1.844174399210715,1.901532677956496,185.4328117517585,-52.50978585974456
GRB200714575,2020-07-14 13:47:51.871615+00:00,3.606,,3.03,0.9999918560952444,0.4935122448066097,GRB3,,257.2791318716592,12.458371749471835,11.544503088685929,-24.894347227239265,13.418159640509078,10.987745091493014,257.99020714739106,-26.42446224356481
GRB200714661,2020-07-14 15:52:14.085036+00:00,3.606,,2.1,0.9922106980422596,0.2595461220563593,GRB5,GRB,12.086070465995157,5.482673633762953,5.606774517880012,30.69939418691326,9.626920776933147,12.00547539807799,8.677390617403526,35.91404912925633
GRB200714774,2020-07-14 18:35:09.624363+00:00,2.671,,3.12,1.0,0.9834277886305928,GRB3,GRB,216.69671324212035,0.9418927022387892,1.6661816389690216,-53.41660542143332,1.867562512684081,1.6344311337094195,217.05485832593425,-53.81108986496845
GRB200716957,2020-07-16 22:57:43.503607+00:00,4.869,,4.8500000000000005,1.0,1.0,GRB5,GRB,189.02138646320927,1.574359039108458,0.9201498944445632,34.45912463547728,0.7025948928513372,0.8312463587956742,188.463949033068,34.29916230397967
GRB200718424,2020-07-18 10:11:04.198392+00:00,0.007,4.0,0.008,1.0,0.0487581182346855,GRB4,,245.34081672091548,6.775099027952194,4.383773866654053,1.5798307050578,7.966953365885052,8.709226962551526,245.27449010191,1.945927071103128
GRB200718597,2020-07-18 14:18:57.754162+00:00,0.012,2.0,0.012,0.9796125390178704,,GRB5,,289.49893492698817,7.213398416241773,8.968938444424793,-5.593105645786748,4.948144845718511,5.349495645443019,291.04910094416005,-6.042051882082928
GRB200724213,2020-07-24 05:06:21.812119+00:00,6.573,,8.21,1.0,,GRB3,GRB,116.26163598599284,3.938512734245876,3.715289404097092,-7.844184763203219,4.681699651083317,4.482440253687165,114.94933648346456,-8.33734115797418
GRB200724215,2020-07-24 05:10:00.952708+00:00,2.671,,4.0,1.0,,GRB3,,116.79080174041516,1.8515508657836648,1.8367254261570167,-11.510737858695588,1.969287383798072,2.2759235534470363,117.24758415212956,-11.652434338203127
GRB200801650,2020-08-01 15:35:48.224599+00:00,3.606,,4.38,1.0,0.2988773544599316,GRB5,GRB,69.50444546821758,1.1879588163891128,1.0820614180007055,-26.52314744908338,1.441803217926406,1.712125498912059,68.44244177660437,-26.260210481132063
GRB200809654,2020-08-09 15:41:27.428687+00:00,0.804,,0.86,1.0,1.0,GRB5,GRB,14.92923242534602,6.080689769318965,8.376356927679018,-69.64502461781586,2.986984252285282,3.7255873255873695,15.837972654586247,-68.40846110591073
GRB200810644,2020-08-10 15:27:59.796388+00:00,0.133,,0.12,0.9999987925797676,0.2749863730551694,GRB5,,91.38706828835682,6.898470157394598,7.499885056116696,-46.00553548183912,7.369566305647304,3.9352339526892735,93.0246827655,-48.44471060170529
GRB200818998,2020-08-18 23:57:15.610822+00:00,4.869,,4.6000000000000005,1.0,0.0823812475642441,GRB1,GRB,209.69127116321448,2.246686156450778,2.4682950888752657,30.09217809354002,2.6035589967871218,2.5345671364607227,210.5849095961264,29.680228087133216
GRB200824594,2020-08-24 14:15:38.304909+00:00,1.086,,1.13,0.9999987925797676,,GRB5,GRB,104.55206775789092,11.534660413638733,9.886597447596785,24.604687417127447,9.165313912651772,18.95705766255016,99.0023707961986,31.15193527345312
GRB200826187,2020-08-26 04:29:53.218190+00:00,1.466,,1.3,1.0,0.0728056271994177,GRB5,GRB,6.071910110453056,0.4506277113679715,0.4913995221690035,31.30729314020251,0.5556587915084741,0.5236367372743906,6.2405876621871474,31.109409177230987
GRB200901158,2020-09-01 03:47:30.859914+00:00,6.573,,7.76,1.0,,GRB5,GRB,63.3255111106708,2.051163797337232,2.124265010855453,-55.9219456611338,1.5501398590901232,1.7422971568436123,62.81831615049439,-55.68106974085475
GRB200903031,2020-09-03 00:44:24.080792+00:00,2.671,,4.0,1.0,,GRB5,GRB,158.62260860220232,2.270878489029343,2.3008552237349136,51.45370443485879,2.080887936717822,2.164517637298559,159.12151935700714,51.52227980412882
GRB200903902,2020-09-03 21:38:57.806779+00:00,2.671,,2.69,1.0,0.391179099790463,GRB5,GRB,10.816430233732536,3.2939181624691543,3.5144870215816173,-2.922243493793324,7.499259443565883,5.094904802047912,10.4516467651371,-4.984364821257779
GRB200904085,2020-09-04 02:02:53.614293+00:00,2.671,,4.0,0.962813308249404,0.1881941557136856,GRB5,GRB,24.44269832331404,7.6497608586851555,9.44258451166218,-37.95024076123579,7.91925111741811,8.260835107381482,28.2513787314999,-42.4142646570362
GRB200908886,2020-09-08 21:15:41.596668+00:00,1.466,,1.42,1.0,0.0002314168034317,GRB3,GRB,149.92475172177845,18.35723693897873,18.14905920111198,-58.40605373250439,7.941246090690385,4.878550184701012,148.3262739530167,-61.74462325295252
GRB200909168,2020-09-09 04:01:22.933136+00:00,1.466,,1.84,0.998919986817611,,GRB5,GRB,342.22036343165985,1.6637508988921468,1.745895473463975,-19.41577782418513,1.810138388463951,1.5822341293829858,342.6956420214968,-19.753611714420654
GRB200915144,2020-09-15 03:27:15.206070+00:00,0.098,,0.08,0.9991385141636796,,GRB5,GRB,318.67333946649114,10.158801632457653,6.380357546268442,2.0260009892825046,11.90546003460162,9.563820284674112,317.5433184358501,-5.970863959012782
GRB200915846,2020-09-15 20:17:35.334615+00:00,0.098,,0.13,1.0,0.309494551168863,GRB5,GRB,201.69377196331453,7.794775001967707,8.876613757882495,13.726198836274577,6.31676895861524,4.470034484013084,203.4903943944476,13.896471477754323
GRB200918100,2020-09-18 02:24:31.026583+00:00,6.573,,6.54,0.9202803137058648,0.0029453396011239,GRB6,,207.55752199896963,15.276868112708996,12.024073278244032,11.210038390431851,7.4707422888356625,10.058604854813453,204.03440712920792,11.595853815479373
GRB200919569,2020-09-19 13:38:51.578290+00:00,3.606,,2.59,1.0,0.2503717617810562,GRB5,GRB,55.820870897168085,4.2206327922543,5.126615400978572,26.597464860217585,6.7978365336470645,6.499059180014864,57.878209810221705,24.99771233404344
GRB200920651,2020-09-20 15:36:47.028757+00:00,3.606,,1.61,0.9798409479419667,2.8403058957330065e-05,GRB5,GRB,211.21729523533216,16.74791718596194,12.667818769148624,-20.82838145347352,18.233343678931472,24.15221299011948,206.27654618689428,-14.391031939746014
GRB200920831,2020-09-20 19:56:59.911669+00:00,0.022,18.0,0.033,1.0,,GRB5,GRB,173.35852914526797,15.601413217194334,9.32612610770903,3.4849810305613382,8.622824752053754,6.433125239956491,168.2127290220879,-2.6731089939160064
GRB200922718,2020-09-22 17:13:53.675128+00:00,0.242,,0.29,1.0,0.5942566591128065,GRB5,GRB,190.7298894166321,7.463750165655341,7.455259856170613,-3.361441253493896,3.446581476021937,3.5947843832615387,191.39065452514927,-2.453525546574257
GRB200923748,2020-09-23 17:57:43.491043+00:00,0.133,,0.13,0.9586963062957904,,GRB5,GRB,138.10021851441638,19.13229334708413,15.70286722441206,-64.77470655391289,5.705319398385939,7.168921118002416,135.4171223007484,-62.66696269823738
GRB200924235,2020-09-24 05:38:30.267011+00:00,2.671,,4.0,0.99538033756678,,GRB6,GRB,328.98897647286634,4.861419534562856,5.205944315542013,-9.718137399009274,9.169640930862954,9.43618977228092,329.04561825388055,-7.248697559422698
GRB200924284,2020-09-24 06:48:55.883579+00:00,3.606,,3.5500000000000003,1.0,0.9549780313819288,GRB5,GRB,21.30575882026582,3.460083124541921,3.774903987707976,53.64054919826204,3.1226007905087627,2.891534696899029,22.05651310774912,52.404574347727895
GRB200924386,2020-09-24 09:15:21.634640+00:00,2.671,,2.69,1.0,0.045019096272393,GRB1,GRB,316.40833012522,4.068915239398962,4.476287915906596,-53.8979387741858,2.8338191094080187,2.418703137619844,316.6793385880256,-54.24837444290935
GRB200928290,2020-09-28 06:57:58.964435+00:00,0.04,,0.04,0.9996303772480108,0.4881691981234219,GRB5,GRB,45.58462353575558,11.289867026345874,10.7001304232681,-10.096246642091042,36.33721166538897,11.786545217476114,42.28431992727996,-14.785549640586698
GRB200929204,2020-09-29 04:53:12.212116+00:00,2.671,,2.69,1.0,0.0017571393501942,GRB6,GRB,211.4824837216047,8.610323633330921,5.807742811957922,-22.960734969294204,4.817421111920211,11.67776101177795,208.49294704987483,-19.448062325210188
GRB201004094,2020-10-04 02:16:03.655179+00:00,6.573,,8.21,1.0,0.2591031215774966,GRB5,GRB,251.8703463804756,3.247931389469386,4.042024380286392,-4.584671677134182,5.871887563911046,7.034848545428563,252.5004785848249,-4.112541392776027
GRB201006054,2020-10-06 01:17:52.445298+00:00,0.804,,0.8300000000000001,1.0,,GRB5,GRB,50.638891173341605,12.118124993792591,11.984536429010925,72.94620960717367,3.748827396637864,3.791298432967736,52.92812864149794,73.3014320829654
GRB201007124,2020-10-07 02:58:47.071215+00:00,1.466,,1.48,1.0,0.0035900713097957,GRB3,,297.54660069262343,2.4426579750712563,0.8928614682206444,7.026213396273814,1.39236598975873,10.153353112385462,297.27088567111434,7.308445215584584
GRB201008443,2020-10-08 10:37:38.118071+00:00,3.606,,3.37,1.0,0.9834277886305928,GRB5,GRB,159.50070095722813,1.7298610215121355,2.4030074788603315,48.40328712750231,1.103244177476057,1.1556585685961878,159.9856638521661,48.55223441990394
GRB201008754,2020-10-08 18:06:02.206499+00:00,4.869,,5.11,0.9999987910830416,,GRB3,GRB,92.1306700437196,2.361977128639936,3.0909799065156847,31.646494411216946,4.697919816741095,4.30296960199156,92.44702958770662,29.549167888248988
GRB201011630,2020-10-11 15:06:30.672402+00:00,1.466,,1.48,1.0,0.0162676703863201,GRB3,GRB,285.4181152620959,1.4648048462278211,1.651821667802949,-6.635781506637485,2.618255238315549,2.4128440973872216,285.7133124694791,-6.647900487329958
GRB201016136,2020-10-16 03:16:25.096425+00:00,6.573,,8.21,1.0,0.2766009965136244,GRB5,GRB,358.6556225968837,0.9717832871534712,1.5042714627359146,-35.155734525850455,1.919950013608819,2.1736488185208174,359.6753397417808,-34.37795556671408
GRB201017407,2020-10-17 09:46:31.909850+00:00,6.573,,6.18,1.0,,GRB3,GRB,25.93609973719868,11.513960051440762,13.369127530654453,69.34014154290267,2.894680600460333,3.685365150511601,29.762050973498056,70.36580764364547
GRB201020241,2020-10-20 05:47:44.190774+00:00,6.573,,8.21,1.0,1.0,GRB1,GRB,258.8513970378108,2.577400353905148,2.551753245142663,33.54568481570165,2.1278231911589813,2.1804345721595766,259.2796576060361,34.55962529410321
GRB201026943,2020-10-26 22:37:36.918644+00:00,6.573,,8.21,0.9998960013391606,,GRB5,GRB,162.57199314920163,19.82792513811057,20.82030417657976,83.93017018671435,2.6033888233118034,2.674106400743767,159.91858942434368,83.45255504052683
GRB201031744,2020-10-31 17:51:39.170640+00:00,0.098,,0.14,0.9998612574732604,0.2932630373162191,GRB3,GRB,37.47011616747022,15.805158275670053,10.947337136251011,59.88260640981845,3.276729930214508,3.405809991686823,37.376671374211725,58.42624253999644
GRB201103259,2020-11-03 06:13:09.789837+00:00,0.022,4.0,0.032,1.0,0.9274624078261372,GRB5,GRB,247.27595832164425,32.30056574112834,68.56515218976114,71.86977315814555,9.184161656178162,12.356351201030222,261.4168439829323,74.51415887284506
GRB201104001,2020-11-04 00:00:56.793045+00:00,0.04,,0.06,0.999994001085531,,GRB6,GRB,62.09586488741368,9.342347599222805,18.428146837529283,-72.28194605130577,1.5985879450770284,1.7252360883308313,66.79831747931152,-71.99484536952929
GRB201105215,2020-11-05 05:09:33.466454+00:00,2.671,,2.44,1.0,0.4618922208721699,GRB5,GRB,237.7121103908733,2.3505841432986188,2.4369777579013885,0.7240016480460199,3.0382689067504454,2.941493301454156,237.94055411300096,0.1637221442500962
GRB201105482,2020-11-05 11:34:29.372511+00:00,0.098,,0.1,1.0,0.2788126578704208,GRB6,GRB,336.8375963084781,16.23526436858026,12.305744935858227,52.1511323480192,7.619683279797108,11.463859007339424,327.6362614244997,57.81760879394541
GRB201108645,2020-11-08 15:28:23.267325+00:00,1.086,,1.62,1.0,0.0011550275144103,GRB3,GRB,297.52057260913824,4.9677124100644505,5.905626970886601,32.3457117208781,3.314364592800594,4.1332897403068,296.54984939849817,34.32349762694781
GRB201109105,2020-11-09 02:31:05.883523+00:00,0.098,,0.14,1.0,,GRB5,GRB,137.4602100853201,2.4163773462248344,2.635332264835398,-12.824352555992704,3.572726705659472,3.021842062665256,138.54637030061167,-12.280992045499978
GRB201111323,2020-11-11 07:45:45.938199+00:00,0.022,16.0,0.033,0.9999912905410144,0.9305717888700368,GRB2,GRB,80.56831095503814,10.741102211336298,10.815109134481888,29.25824266062544,14.232680904194886,23.0715076553546,79.53401549249301,33.9265616258253
GRB201118227,2020-11-18 05:27:32.296090+00:00,0.242,,0.25,1.0,0.2671103226734209,GRB5,,256.5152137881857,6.563908336352256,6.4032271115000015,46.28884858707718,5.154341491608612,6.051142020348799,255.23406197867297,47.062567309951945
GRB201121062,2020-11-21 01:29:52.363065+00:00,6.573,,8.21,1.0,0.0128773101601648,GRB5,GRB,212.17846201993925,1.8716656652969728,1.4980636493568795,-27.046412779219683,1.160752248999401,1.2835731161975374,211.24903372754213,-26.67475490853977
GRB201127147,2020-11-27 03:31:44.818496+00:00,1.466,,2.19,1.0,0.0021901793070278,GRB1,GRB,139.51515092197548,4.113687677537484,4.111678093467134,12.426065931867177,4.024309287955072,3.441939651795572,141.40781801092177,11.77049841028492
GRB201130230,2020-11-30 05:30:49.391864+00:00,0.242,,0.26,0.9990728009076938,0.045546273222341,GRB5,GRB,158.510663180768,6.920655888174849,7.445057998213201,29.167247064041646,6.036180112275659,5.956182286859526,157.23972861467874,30.330632835170253
GRB201201120,2020-12-01 02:52:13.160215+00:00,6.573,,6.18,0.9999974752266316,0.8864933548184628,GRB3,GRB,301.8409741160729,8.336186396716016,6.438857444073108,16.3390198420643,4.235356986688949,4.058280729158888,299.28628417062345,15.253149785707013
GRB201208252,2020-12-08 06:03:33.393588+00:00,6.573,,7.76,1.0,0.1071386139837424,GRB5,GRB,154.83184668059928,1.044611828966424,0.8917039787380077,-27.81604876791077,0.8691226551250786,1.0184535051899424,154.59935396750885,-27.844476312073063
GRB201213444,2020-12-13 10:39:36.312407+00:00,0.054,,0.05,0.9999987911355483,0.0076510753324604,GRB5,,257.82306594047014,7.5112363701820755,9.519303385578697,-17.620499150659832,6.607356527808564,6.415001084625317,260.7791848099434,-15.895855475710109
GRB201214672,2020-12-14 16:07:46.604595+00:00,0.054,,,1.0,0.9834277886305928,GRB5,GRB,183.25,,,11.02,,,183.25,11.02
GRB201217108,2020-12-17 02:35:09.287623+00:00,2.671,,4.0,1.0,0.1849362334615877,GRB5,GRB,267.1321675359634,4.417780861945687,4.934291284860649,-58.711519933014095,6.469404510397922,3.634538674248184,267.7647483029818,-59.23017146505552
GRB201218798,2020-12-18 19:09:15.943561+00:00,6.573,,6.93,1.0,0.0248226185675699,GRB3,GRB,78.84397791814644,2.1650356383949543,2.136436428514287,22.45890645491371,2.314180491736291,2.33097056315421,78.55145302814998,22.264240114337063
GRB201221591,2020-12-21 14:11:43.014230+00:00,0.04,,0.03,1.0,0.3044977503340297,GRB5,GRB,98.61682442730448,3.0493435265065614,3.8148978386750656,33.520142598137504,2.025250169317012,2.046877820857567,98.93742224263012,33.32385512696626
GRB201221963,2020-12-21 23:06:34.359150+00:00,0.022,2.0,0.033,1.0,,GRB5,GRB,161.5621324498081,3.815601047485899,4.085663279784285,50.75489284532135,3.312989483537315,3.409477894210802,161.35158186822775,50.95227489397474
GRB201223749,2020-12-23 17:58:28.632328+00:00,6.573,,8.21,1.0,1.0,GRB5,GRB,123.20148217022022,4.275687656886419,3.995481501218677,59.51196168483642,4.302921102427405,3.9977543364599626,120.8688392479159,59.09440129759547
GRB201227516,2020-12-27 12:22:25.837276+00:00,6.573,,8.21,1.0,0.0105997522989659,GRB5,,294.7839780619571,5.475103892296374,4.621313303423392,-32.228851713987034,4.52023686072318,4.508150133246936,294.470426953773,-31.60625514637065
GRB201227635,2020-12-27 15:14:07.416044+00:00,0.004,4.0,0.005,1.0,1.0,GRB4,GRB,183.7777093707846,11.24477765081656,13.307540683637768,-76.65537676432305,3.067967155580732,2.859769056947058,185.943508237132,-76.74824206073804
GRB201228102,2020-12-28 02:27:29.709711+00:00,6.573,,6.54,1.0,0.2304308934463542,GRB6,GRB,300.0967217216006,7.154502391405117,6.532940137949311,23.30852052642088,9.832698234700914,8.953033979981045,299.9415946934748,20.420405763828512
GRB201228640,2020-12-28 15:21:48.897881+00:00,6.573,,8.21,1.0,0.999995419350618,GRB3,GRB,32.06229347327152,12.028623698481267,11.083798377513665,52.10466785847779,4.173148048053434,3.911291959251805,33.87970457716786,51.08024277745767
GRB210101620,2021-01-01 14:53:26.872283+00:00,3.606,,3.5500000000000003,1.0,0.8769440600516212,GRB5,GRB,140.43295712997138,3.2378936758538828,3.525381756101666,48.99778146534716,1.978976378605992,2.567630071952202,140.62000554131333,49.18078502979717
GRB210102861,2021-01-02 20:39:20.130402+00:00,6.573,,8.21,1.0,,GRB5,GRB,237.2794618962973,2.2833113586794127,2.200144367044232,-32.042743307052106,3.682570365769607,3.4915903291724533,236.9369668721872,-32.499596948355084
GRB210104477,2021-01-04 11:27:27.747642+00:00,0.054,,0.08,1.0,,GRB5,GRB,108.05363926347005,12.348344610956474,15.394643827416443,63.19204517397964,2.0204888583774405,7.476249506222949,93.67926361066507,63.28811666087947
GRB210105669,2021-01-05 16:03:05.065580+00:00,2.671,,2.44,1.0,0.3466073923207846,GRB5,GRB,61.618678859766135,5.387031456336047,5.3773442319304365,-38.07958168957457,5.218252291367705,5.7368108673904885,60.382901440643,-38.18496656845219
GRB210108020,2021-01-08 00:29:18.008288+00:00,6.573,,6.54,0.9836578529178246,0.0700940354458263,GRB5,,287.9257890684649,5.131024441088982,5.064080956412795,-18.671653382313988,5.347716011873636,5.113928677371803,287.8370634971832,-18.910473691706407
GRB210108424,2021-01-08 10:10:11.033711+00:00,2.671,,3.28,1.0,,GRB5,GRB,311.7000859353125,3.623996359334569,3.398891423847772,-25.0452424831213,2.695752362606072,2.4593354910277867,311.1978330304847,-25.36463341346793
GRB210109152,2021-01-09 03:38:41.029112+00:00,6.573,,6.54,1.0,0.1397997017608852,GRB1,,4.30090306338026,4.707622998632114,2.784639638329514,-69.73780871062658,3.468119790711881,2.88029460393777,2.754036018596148,-69.28959195063271
GRB210111481,2021-01-11 11:32:22.831814+00:00,1.979,,1.95,0.9014687042590264,,GRB5,,185.3692016716793,10.646489861723836,8.034106480257833,45.17918729531776,13.437075280217051,16.309787684058822,182.28360640671428,43.803948094333855
GRB210116732,2021-01-16 17:34:38.051072+00:00,6.573,,6.18,0.9996569337984278,,GRB3,,316.2503127653312,18.56539968309528,12.802411974045413,51.8317264273136,5.254650307430197,8.407681408469905,309.6423908033934,54.81170408385066
GRB210119121,2021-01-19 02:54:09.832879+00:00,0.054,,0.07,1.0,,GRB6,GRB,288.05445710202446,4.469229786231153,5.135251575469567,-62.44062561748875,2.702200648484393,1.5208888523698576,287.5271328685799,-63.51889092834411
GRB210120299,2021-01-20 07:10:49.484537+00:00,6.573,,8.21,1.0,,GRB5,GRB,162.79657528133924,2.3627599938975834,2.485698493114228,20.72027670573699,1.98906670759499,2.060538998818864,162.48704266303002,20.02578107037029
GRB210127268,2021-01-27 06:26:16.756379+00:00,6.573,,6.54,0.9997370319261714,,GRB5,GRB,71.69593265959543,9.553183664740317,7.75704684119458,24.53558996175619,5.977829652325454,5.780923398103255,71.95369608641835,24.407928569151185
GRB210130462,2021-01-30 11:05:07.825066+00:00,1.979,,2.46,0.9971998345881732,,GRB1,,205.27801206524964,5.653936959574082,4.233935156128354,49.79131712338697,4.0826601155420335,4.546229976539443,203.6462807896831,51.19029291105196
GRB210201567,2021-02-01 13:36:23.547552+00:00,2.671,,4.0,0.9999974752266316,,GRB3,GRB,158.61053678799027,5.552697801028273,6.010060242072058,-53.51977359154567,5.307807885087243,4.716465600887112,161.65215748194072,-55.02542732171637
GRB210202333,2021-02-02 07:58:55.023396+00:00,2.671,,2.69,0.9999974752266316,,GRB3,,310.3687608965541,4.120466106533286,8.010473628816214,38.72904746648076,2.296787886850588,2.782552746898645,311.20574279931725,39.15841448209335
GRB210202989,2021-02-02 23:44:40.791937+00:00,6.573,,6.54,0.9999835959342752,,GRB3,,132.34773410176257,28.931137700435382,13.907530079712387,-47.64412262576584,10.792334015233692,9.31923297410087,130.67522660416978,-45.31526463168879
GRB210204271,2021-02-04 06:30:00.068076+00:00,1.086,,1.62,0.9976730326776664,0.2897514112001369,GRB5,GRB,117.58320055257894,2.7279738335758736,3.139518649328224,13.28328952754117,2.467604190220824,2.5344794491452287,117.94361410928096,12.924830572521014
GRB210204777,2021-02-04 18:39:00.689233+00:00,2.671,,4.0,0.9999873918233944,0.5059334362071498,GRB3,GRB,254.3497852323657,4.744758170240573,4.099662945412405,-47.55689001485984,2.2556115106087304,2.0814041059682182,252.863906354882,-47.83833051908982
GRB210207603,2021-02-07 14:28:05.608958+00:00,6.573,,6.18,1.0,0.2450409656986185,GRB5,GRB,141.27399462535658,2.3931243899752133,2.270396822633132,1.5425116424265886,2.123713179154861,2.172486561648878,141.40018641407562,1.1881752739767286
GRB210208022,2021-02-08 00:31:59.377176+00:00,6.573,,8.21,0.9932687674639776,0.0002067205594723,GRB1,,348.20874552098417,5.210539076680391,5.903339563822101,32.62495194921819,5.354354864971292,7.023494580768968,349.6258382203277,36.12598721928936
GRB210210714,2021-02-10 17:08:01.633281+00:00,1.979,,2.96,0.9999417547263528,,GRB5,GRB,197.40394451641475,1.726850088494075,1.9965194723011728,21.53263080781067,1.7612905945536,1.4094574340353925,198.2717404938772,20.62293666406564
GRB210211363,2021-02-11 08:43:20.723123+00:00,6.573,,6.54,1.0,,GRB5,GRB,284.1384445958888,7.774846466224801,8.943715297746678,-51.45747110298476,5.120962767443466,5.867972540128648,283.9308780853971,-51.74458911542662
GRB210213741,2021-02-13 17:47:18.011346+00:00,6.573,,6.93,1.0,0.0816635964817883,GRB5,GRB,102.32039455531256,2.920329992871075,2.2056462604453486,31.79291675888512,1.729859663136807,2.0151107139889106,101.50024288701388,31.94153321757019
GRB210216853,2021-02-16 20:28:04.868343+00:00,6.573,,8.21,1.0,0.1766841811397749,GRB6,,246.9616314335537,2.952304231316617,2.936819981205957,3.807514576191664,3.542283617071732,3.0841491218895296,248.1068439619493,2.1221625568641933
GRB210217976,2021-02-17 23:25:42.570155+00:00,1.086,,1.04,1.0,,GRB5,,132.26204905614773,35.765187076066695,18.42677704378343,68.9610371612044,4.226787031196565,4.489778983953372,129.96904998466562,68.4000177199524
GRB210218365,2021-02-18 08:46:11.260695+00:00,6.573,,6.54,0.9590909784607456,0.0184943338771598,GRB3,,66.03710734908893,25.02926386388974,13.876353216885796,34.20719875526057,14.217975383800166,29.398036987771373,60.98116755037472,39.15625797711319
GRB210222943,2021-02-22 22:37:25.718930+00:00,6.573,,8.21,0.9989870741218376,0.9962507917115806,GRB1,,159.77592995783337,5.5649090867593145,6.337032070576953,-8.934903450514692,4.415891964806178,4.897774639752107,160.56898326888603,-8.672706181409348
GRB210225001,2021-02-25 00:01:46.982692+00:00,6.573,,8.21,0.9999066186750386,0.0239296980530213,GRB1,,20.41416510891527,2.976944568038689,3.7751253307536414,42.34386020869513,3.5961563191453934,3.482523440887213,20.73521591893879,41.97088147509289
GRB210226197,2021-02-26 04:43:57.577834+00:00,2.671,,2.69,1.0,1.0,GRB5,GRB,124.27010430263668,4.461793171868081,4.254343944241072,53.55149053960643,2.409325245392715,2.399182663535669,123.1817096599178,53.20748059352634
GRB210227115,2021-02-27 02:45:16.368351+00:00,6.573,,6.54,1.0,0.9830883237995836,GRB5,GRB,124.16062700775691,6.595420150109902,6.692461688667606,58.9268813807354,5.355032080386117,5.150774402034976,125.55785797838828,56.46196133118438
GRB210227225,2021-02-27 05:23:58.879013+00:00,6.573,,8.21,0.9950058367079124,0.0579536771049845,GRB5,,177.99033559615629,17.80450128477142,35.81744029366698,-21.75447517202058,25.140006873212776,18.244630743988875,181.2473385099384,-39.50340375074168
GRB210228058,2021-02-28 01:22:54.237707+00:00,1.086,,1.04,1.0,0.0265069048789557,GRB6,GRB,280.2106398352081,2.9602127389359225,3.401823289648007,-42.17398505357619,1.89639993182356,2.6294013929260416,281.28956677821554,-41.61614156960131
GRB210303425,2021-03-03 10:11:41.926641+00:00,6.573,,8.21,1.0,0.9597280497984988,GRB5,GRB,49.091575619608605,1.5709318655247555,1.7012077634801557,-2.57986007560459,2.7046553653746264,2.1580369974324816,49.5346174592782,-3.2175014946449094
GRB210305794,2021-03-05 19:03:05.423733+00:00,6.573,,8.21,0.9999983479074928,0.9962507917115806,GRB5,GRB,319.29135549045145,1.5816912633860625,1.712320448394678,34.44734878437333,1.5319132544386065,1.6684477826839696,320.389395159788,34.84399332880767
GRB210306163,2021-03-06 03:54:03.651934+00:00,2.671,,4.0,1.0,,GRB5,GRB,139.7734810237705,1.1412719396077478,1.3073037193720154,64.44121262772424,0.4981481395707305,0.4494067607733569,140.63319148922682,64.28771682485203
GRB210306397,2021-03-06 09:32:15.227087+00:00,3.606,,3.03,1.0,,GRB5,GRB,340.2940970255741,3.200049665832012,2.843670698452229,15.349984872520285,4.402395702356175,4.561900239884489,339.4853839983698,16.545445176128553
GRB210307746,2021-03-07 17:53:34.331377+00:00,6.573,,8.21,0.936856390513381,0.2803623365777694,GRB5,,44.432897763979696,13.904042620338686,21.929291124566312,-52.13193125077301,10.824607183660788,10.225840526981088,47.05227786101183,-52.10010890353257
GRB210308276,2021-03-08 06:37:59.969824+00:00,3.606,,3.37,1.0,1.0,GRB5,GRB,59.46504150332334,0.5275803099265559,0.6341458263899042,39.17165434740741,0.5574248667043236,0.4775682644119712,60.02890492191591,39.02479166011335
GRB210308838,2021-03-08 20:06:00.162959+00:00,0.098,,0.11,1.0,0.8044471650210915,GRB5,GRB,329.181530322738,8.648678178218859,9.50073213617793,-57.25869386182514,4.900255947281053,4.208638709899169,334.8940142843744,-58.28233836367188
GRB210309227,2021-03-09 05:27:16.746650+00:00,6.573,,7.76,1.0,,GRB1,,352.557857230046,3.7044021203815305,3.770540215332119,21.781948424024147,3.914587623366476,3.109528501190056,353.2574091645319,21.111183943713595
GRB210315716,2021-03-15 17:10:52.164088+00:00,2.671,,2.32,1.0,0.0120272962375313,GRB5,GRB,104.57393016137294,4.005336495587059,4.176779098699029,-58.91658870360882,4.867274664274106,4.749062742614278,104.76201860537648,-61.5820557847842
GRB210318131,2021-03-18 03:08:43.785497+00:00,6.573,,6.54,0.99998844088868,,GRB3,GRB,251.78163723481435,10.12095128979945,10.55176398774887,-38.24107684299967,7.846560436321031,8.997903942122988,252.4376285323151,-37.93992179244764
GRB210324809,2021-03-24 19:25:07.366597+00:00,2.671,,2.56,1.0,,GRB5,GRB,178.79369333350604,4.959245522804764,4.617538101920388,14.322701400005348,6.702128730940142,7.467145367131208,177.39942510437032,14.695932617318276
GRB210326057,2021-03-26 01:22:24.905646+00:00,0.327,,0.32,1.0,1.0,GRB6,GRB,18.04932815817978,36.12937388719894,12.101259075449502,14.262380235295891,12.56943469833693,12.406945372543994,6.919889988969604,15.127130368631777
GRB210328091,2021-03-28 02:10:24.981450+00:00,0.003,5.0,0.003,0.997018573972979,0.0074177438569827,GRB4,,37.70991616659479,21.088865047102395,18.27761215267904,-56.92269939044558,36.93313466146455,10.682529458470974,40.88717822340868,-61.17458008611926
GRB210404141,2021-04-04 03:23:22.388723+00:00,0.242,,0.28,1.0,0.1683841940962928,GRB5,GRB,191.3103362657308,13.070463523173489,8.040056321362698,-3.2967738984201223,6.611069715011869,6.594557922996977,186.8344211336301,-2.977581484668322
GRB210405351,2021-04-05 08:24:59.507707+00:00,2.671,,4.0,1.0,0.2798196046863971,GRB5,GRB,27.66118385549336,3.436869131771445,3.72224202684383,22.12591755135652,4.522166338947937,4.932150247602252,28.39086005494967,23.844133304204533
GRB210417957,2021-04-17 22:57:47.042729+00:00,1.466,,1.42,1.0,0.0852114162708459,GRB5,GRB,166.868586419079,12.171745623283584,9.114462490399577,-2.3430045415841385,4.883138013109848,6.906030307527258,160.74231816821597,-1.7193132171111234
GRB210422573,2021-04-22 13:44:45.516482+00:00,1.086,,1.62,1.0,0.2929242015504916,GRB5,GRB,114.26110621922469,1.6510419849242908,2.060608582283308,23.828058836244768,2.314283098541452,2.23341171536228,115.16973233772464,23.621083282869066
GRB210424694,2021-04-24 16:40:01.588848+00:00,3.606,,3.2,1.0,0.0001279007536217,GRB5,GRB,175.02400029845714,2.0221161204516704,1.7248807700516409,31.78468338168387,1.955859265669652,1.7493569226483956,175.484306292078,30.77754491906825
GRB210429658,2021-04-29 15:47:24.709768+00:00,4.869,,4.6000000000000005,1.0,0.040648060917813,GRB1,GRB,243.615164775644,1.301461012584724,1.252517503064695,24.4092732422734,1.4321582344752208,1.6204769377622483,244.05014715282908,24.45204794234493
GRB210430904,2021-04-30 21:42:19.119332+00:00,3.606,,3.74,1.0,0.0497380892963366,GRB1,GRB,348.40506397651467,3.2607982838306384,3.019633642867234,9.87006252270854,2.546458782231684,3.026956013587585,348.2350002625742,9.540770709780976
GRB210501205,2021-05-01 04:55:00.891574+00:00,6.573,,6.54,1.0,,GRB6,GRB,326.24062945738035,9.093660939666734,6.810920964847753,-65.01151726255335,3.2884290540805097,4.76821921837572,324.3250386750274,-62.63208193449867
GRB210502295,2021-05-02 07:05:18.352460+00:00,1.086,,1.44,1.0,0.7880628222302942,GRB5,GRB,350.5312734090165,2.6131647991894056,2.5250838687509827,-29.10172078351969,2.213379669300505,2.442626488289502,351.00962900469585,-28.413538488242203
GRB210503815,2021-05-03 19:34:10.258194+00:00,1.979,,2.04,1.0,0.2735468298719259,GRB5,GRB,322.5030931574696,4.570955528444415,4.44880842352012,67.15261995347696,1.2454451307074237,1.2984152507307414,320.7679804167641,67.21972798630003
GRB210504959,2021-05-04 23:00:51.053268+00:00,4.869,,4.8500000000000005,1.0,1.0,GRB3,GRB,71.69127029378787,3.129454076067475,3.0366676107340567,46.51612119356041,3.986323954944851,3.5039915655269738,71.29894209254218,44.86076708427024
GRB210510806,2021-05-10 19:20:00.755614+00:00,0.242,,0.28,1.0,,GRB5,GRB,197.2800823142136,6.049435512724358,5.391546619587558,35.57374891889082,6.996254677302886,10.015188576891504,198.5895212596037,35.81836357620574
GRB210511477,2021-05-11 11:26:43.647319+00:00,1.086,,1.62,1.0,0.0723508246435277,GRB3,GRB,316.8261645907387,1.2606802314099357,1.872829461210415,61.224337833459465,0.8226930293534949,0.9074240487549544,317.0903430030842,61.13671487316357
GRB210512789,2021-05-12 18:56:03.342976+00:00,0.327,,0.43,1.0,,GRB5,GRB,128.92720924415067,5.974837242466606,5.339356968238519,10.890831584132538,4.288332995974212,5.2681927436984,128.4658904466071,12.952456875905463
GRB210515546,2021-05-15 13:06:45.045969+00:00,1.086,,1.44,1.0,0.8749645748002369,GRB6,GRB,193.53750351337465,14.301952034662094,15.643746981900192,53.93358941863556,8.23118697761641,8.497625443930943,196.9550142671888,57.32457977590423
GRB210515623,2021-05-15 14:56:49.951625+00:00,6.573,,8.21,1.0,0.0035794661761399,GRB3,GRB,312.92805715732794,1.5307968897132582,1.9895406963901223,46.78197616811941,1.3214474212597338,1.4351994966887744,314.05256876650407,46.850627078820686
GRB210516982,2021-05-16 23:34:46.917677+00:00,1.086,,1.17,1.0,0.013666695800617,GRB5,GRB,25.97196711878733,4.986044656968691,5.469741278380511,75.10356338316146,1.4026584601819962,1.8293895936458284,25.32181286131948,75.24594530979228
GRB210518545,2021-05-18 13:04:17.233898+00:00,0.804,,0.92,0.9999908049147016,0.078054664366089,GRB1,GRB,273.787408999366,19.48541203428277,15.207026521274996,54.36830025924295,4.71767048816222,6.2593298879565324,272.9022977590181,58.34633926709168
GRB210518889,2021-05-18 21:20:17.838074+00:00,0.327,,0.41,0.9390294671369754,0.0033345704195717,GRB5,GRB,180.04391252700955,7.092742871235885,8.685090047596447,25.659605724197,5.459665980175856,5.1624479607265314,183.2505017531306,25.172612852191293
GRB210519277,2021-05-19 06:38:55.171180+00:00,6.573,,7.33,1.0,0.2390467755599309,GRB5,GRB,178.29851766254518,2.729617524115639,2.2608215546962924,-38.170485687970654,1.923465386093298,2.211011220034252,177.9745352390281,-37.85030516720936
GRB210524208,2021-05-24 05:00:10.823494+00:00,6.573,,8.21,1.0,0.9703863110172122,GRB5,GRB,336.348806065638,0.5182430563373828,0.5932951168684895,-46.680883000625606,0.609055499592273,0.575465071169198,336.21043125960216,-46.77625438659557
GRB210524473,2021-05-24 11:20:36.535279+00:00,6.573,,8.21,1.0,,GRB5,GRB,152.16347305645843,3.283346739353874,2.537081658155131,1.132377937496076,3.4031898461851124,4.335889264667819,151.40764067313296,1.9112658851630728
GRB210528586,2021-05-28 14:03:47.182881+00:00,3.606,,1.89,1.0,,GRB5,GRB,132.87432147269348,0.6013806585006307,0.7255133590651042,-15.64964455895867,1.2277766705585569,1.310484719106853,133.03986141171814,-15.314403013252246
GRB210529677,2021-05-29 16:15:25.025723+00:00,1.086,,1.08,1.0,0.1930620196923047,GRB5,GRB,21.0946904416072,4.442034968339609,4.002699024259023,-12.929565934680364,5.45447229153406,5.37486419803847,20.41248153520422,-12.480347694496784
GRB210601724,2021-06-01 17:22:13.538391+00:00,0.133,,0.12,1.0,0.3360157130514757,GRB5,GRB,275.27454769129133,6.813978422742025,5.284704187376462,8.764348316954035,9.142936770277617,11.782527419728575,275.20839627820897,10.415272849427616
GRB210603907,2021-06-03 21:46:28.908934+00:00,4.869,,4.8500000000000005,1.0,0.2867892357020153,GRB5,GRB,136.74927815738278,14.202976727725058,16.20048061896013,-67.87342959862715,4.927261209786522,5.123261087714653,133.38756792226326,-67.35333115376616
GRB210605215,2021-06-05 05:08:58.524048+00:00,0.327,,0.34,1.0,1.0,GRB6,GRB,22.554502454936184,1.6269071122852488,1.622315605808538,-41.72852988850354,1.4254426229659032,1.486837614381642,22.58956648145206,-41.419204645924
GRB210607162,2021-06-07 03:52:58.081563+00:00,0.004,16.0,0.005,0.9863329593953132,0.2629162492331738,GRB2,,235.257771727607,25.4321169699644,34.322485653181985,-55.72605962325653,14.327176275823966,14.047785163933597,242.3444787066533,-61.62483049316543
GRB210610628,2021-06-10 15:03:42.694335+00:00,6.573,,6.54,1.0,1.0,GRB5,GRB,204.1766822765496,2.689519118338694,2.223074964321455,10.259031971736578,3.140253545055156,2.308222425585853,203.82476834657143,9.762568672076355
GRB210612970,2021-06-12 23:16:25.836221+00:00,0.009,5.0,0.009,0.9733750223406163,0.2022038602921252,GRB2,,241.94272878596627,15.164016569867895,11.456747731696083,-49.37658620972956,12.336578331454112,11.048323397063209,235.7124364848654,-51.63270462889355
GRB210614612,2021-06-14 14:40:54.489120+00:00,0.004,15.0,0.005,1.0,0.2057661250575221,GRB2,,248.5091336488141,8.499651054919127,7.875289199286385,-39.14750918605809,5.877422598442962,6.190968424293551,247.382286045002,-37.17768145977808
GRB210615892,2021-06-15 21:23:54.397190+00:00,6.573,,6.93,1.0,0.0930623219181655,GRB5,GRB,113.15775929475647,1.595837070482517,1.504411161070209,14.537204514066184,1.0468748987440435,1.0051447964813978,112.86312917196912,14.54403090799519
GRB210615982,2021-06-15 23:33:53.040352+00:00,1.086,,1.13,1.0,0.0041485376548233,GRB3,GRB,341.0112426667518,7.093587549032975,7.422843857990358,60.10554405186241,3.768650587244785,3.5331324762546004,339.539290881214,60.35673417143683
GRB210619532,2021-06-19 12:45:44.133879+00:00,0.804,,0.8300000000000001,1.0,0.0088064180596667,GRB6,GRB,74.1327933176597,2.2793034035058923,1.4014641775714691,9.341711904377746,1.0473374182957436,1.1750542251606326,74.04329907174261,9.22550688395647
GRB210620204,2021-06-20 04:54:14.790290+00:00,1.466,,1.42,1.0,,GRB5,GRB,286.54540285167417,3.248235255421662,3.007992722921813,43.6427217184347,2.994625822194664,3.1237412016547665,286.4924516099296,43.36268954658439
GRB210620346,2021-06-20 08:18:15.035756+00:00,3.606,,3.5500000000000003,1.0,0.2471221042983299,GRB1,,223.3367306916518,1.599851028287901,1.1778346499075951,19.886779486965715,1.4401381811779927,1.75600280815393,223.3174480229041,20.004958148375508
GRB210621447,2021-06-21 10:44:03.914812+00:00,1.466,,1.55,1.0,0.0396680180022791,GRB5,GRB,250.29605396057536,6.206020602699368,5.926628051367942,-63.24930031834933,2.983658932333753,2.9927886547428457,250.72320193078096,-63.6553230256697
GRB210622064,2021-06-22 01:32:36.608928+00:00,3.606,,1.79,0.99034182769476,0.9318183750042364,GRB5,GRB,227.5853111546661,6.433220377251104,7.864923793244941,-28.013338025508244,6.771819793300924,7.775320040265083,227.60780468309528,-26.73301042535148
GRB210622727,2021-06-22 17:27:29.608104+00:00,0.016,9.0,0.017,1.0,0.2676440029825704,GRB2,,227.46902826533136,7.95743206256131,9.362964215231102,-52.66808045784718,4.185246606406324,5.2194861502102725,227.93605517476115,-50.52215179961357
GRB210624041,2021-06-24 00:58:23.253148+00:00,0.098,,0.1,1.0,,GRB5,GRB,192.9573461716612,57.933733545331165,68.40312988145553,85.83562437710634,2.100757020101099,2.57138135119159,199.99236134597675,85.60019486898364
GRB210625891,2021-06-25 21:23:22.296582+00:00,1.466,,2.19,1.0,,GRB5,GRB,273.0865383863697,4.629627539929174,6.702235201781832,-40.87184769502289,2.9897254186012248,2.705340036432041,274.1598531438189,-41.1535476759991
GRB210626345,2021-06-26 08:16:20.297360+00:00,6.573,,8.21,0.9999987925797676,0.9491354321994866,GRB5,GRB,220.77296226143724,2.7129279887741973,2.5434390643519293,-3.700832609220037,1.869978645692034,2.189024219653672,220.25094181119607,-3.2603681260957327
GRB210626991,2021-06-26 23:46:59.251003+00:00,6.573,,8.21,0.971242201924872,0.4748069284842069,GRB5,GRB,351.53341132654924,0.7753668746692028,1.3550532415231942,8.415376687756087,0.8957628984681776,0.8802102285305944,351.5872329222466,8.04727796107219
GRB210702017,2021-07-02 00:23:56.537810+00:00,4.869,,5.11,1.0,0.0007008775371509,GRB1,,218.84193194774187,2.736637093226733,2.693965114745112,17.604654350522416,3.759604021845515,5.693075799835265,219.1766683170925,18.626998401834093
GRB210704406,2021-07-04 09:45:01.882779+00:00,0.022,13.0,0.022,0.9997320113533716,0.9834277886305928,GRB5,,273.487183115922,12.032728694132912,13.991087175026848,-67.14570441147744,3.6744723181093306,3.2101802264009507,275.9501318356182,-67.82614197976788
GRB210706346,2021-07-06 08:17:51.836136+00:00,1.086,,,1.0,1.0,GRB5,GRB,319.01,,,10.63,,,319.01,10.63
GRB210706571,2021-07-06 13:41:36.158791+00:00,3.606,,3.5500000000000003,1.0,0.1343166833112608,GRB5,GRB,113.22685782947836,2.027094214552108,1.1668906545200883,-52.89213575498856,0.604485997159081,0.5821748067368517,112.271892006652,-52.82489278368132
GRB210709201,2021-07-09 04:49:07.451312+00:00,1.466,,1.62,0.9761920961901582,0.9834277886305928,GRB5,GRB,292.78575747816063,4.666736791566109,4.475099621668221,-47.739706641637774,1.742753158269089,1.5520707236876137,293.65655745403126,-47.82013898292119
GRB210711432,2021-07-11 10:21:54.066431+00:00,0.327,,0.32,1.0,0.2742638297983877,GRB5,GRB,351.46523900449006,4.3753869577248565,5.208948555584072,7.493180730572305,4.880197463747522,4.022413204678877,352.3782550193615,5.59511659900501
GRB210712405,2021-07-12 09:43:12.279733+00:00,3.606,,3.5500000000000003,1.0,,GRB3,GRB,105.46043091438288,3.774509671159493,4.355106142947918,-26.82858583042883,6.144967909632591,4.622231166048621,106.76561455573804,-29.116062754043227
GRB210715866,2021-07-15 20:46:30.750765+00:00,0.441,,0.4,1.0,0.2529993769992981,GRB5,GRB,325.87567585722456,2.686310017885887,2.837182277306568,18.678854634440004,3.4806071916130925,3.333055366833408,325.6039892353258,18.529505479811423
GRB210716485,2021-07-16 11:38:13.320465+00:00,1.979,,2.35,1.0,0.0013194607833709,GRB5,GRB,171.39663372047886,3.94972720060548,7.219790021529604,2.303070535790746,3.6975370574795496,3.164732938559246,172.85456095295083,1.8497360092949489
GRB210718993,2021-07-18 23:49:15.356970+00:00,6.573,,6.54,0.9421705845413038,,GRB3,,282.93915593315705,13.094723029669638,16.780104165019054,-9.48625835306862,6.809211769527419,9.528444955764538,287.5134742280405,-7.758439554850462
GRB210719164,2021-07-19 03:55:46.951648+00:00,2.671,,4.0,1.0,0.002141645764534,GRB5,GRB,201.70927017667907,2.69810841485986,2.504836891794469,-3.927631709121248,2.86516748624146,2.747401284167009,201.45564318033044,-4.122095241953398
GRB210721978,2021-07-21 23:28:31.818325+00:00,4.869,,4.8500000000000005,1.0,0.0212226310976324,GRB5,GRB,14.409325689763136,11.776561512665497,9.026477368990058,-72.6177911809196,3.2484804595874976,3.756442776208431,11.785968596739531,-72.54134682943354
GRB210723615,2021-07-23 14:46:09.871334+00:00,2.671,,4.0,1.0,0.9383573330779174,GRB3,GRB,118.09813572457496,3.193533174173524,2.8026840407134728,-33.94565504534347,1.3039718644304656,1.3735339657490755,116.5193415452303,-33.6341798085072
GRB210724105,2021-07-24 02:31:34.843860+00:00,6.573,,6.54,1.0,0.1110053338255199,GRB3,GRB,286.91532761742155,3.252360859514397,2.886063838035682,22.850194096653286,2.5922715787601547,2.93826585400177,286.6857496687596,24.072630913664067
GRB210725048,2021-07-25 01:08:31.563946+00:00,4.869,,4.8500000000000005,1.0,,GRB5,GRB,345.6537419616725,1.1444497726827765,1.1116283198184078,14.322082031284928,1.4127234374121969,1.538829394088291,345.66978561630907,14.370118120575084
GRB210725158,2021-07-25 03:47:05.900061+00:00,6.573,,6.93,1.0,0.9912139552177148,GRB5,GRB,217.1444343581848,3.258955659796669,3.131526139791532,4.798769150164942,2.921581599538216,3.9037716044228943,216.1842392164374,4.777851188121729
GRB210727410,2021-07-27 09:50:47.393160+00:00,1.466,,,1.0,0.6992773802423701,GRB3,GRB,189.68,,,-64.78,,,189.68,-64.78
GRB210728630,2021-07-28 15:06:40.546979+00:00,0.004,4.0,0.004,1.0,0.2141592296516726,GRB4,,35.38155140390579,6.710728429037644,6.742388362539689,30.870199736151584,11.771466189389123,13.131785647626394,37.34543883413424,33.06329922547653
GRB210729274,2021-07-29 06:34:22.519079+00:00,6.573,,8.21,0.9999861626010824,0.273896105684032,GRB5,,179.5387386121625,8.06551392247448,9.155569804566852,4.639208135989948,8.705110333233232,8.096422688013465,181.4464481664619,3.956989304627324
GRB210730207,2021-07-30 04:57:30.474074+00:00,2.671,,3.12,1.0,1.0,GRB5,GRB,146.97081795218602,3.5719855833081056,2.955745330515697,69.5841143922785,1.6865137693221044,1.6607253025365054,146.75980596929583,69.96655646246953
GRB210731162,2021-07-31 03:52:44.023934+00:00,0.012,16.0,0.011,0.9999912905410144,,GRB2,,236.71054146065688,14.928016275682864,14.702382769428285,-63.65685619159454,8.826952690799502,8.541181773780806,233.75036637556744,-62.78619222247643
GRB210731367,2021-07-31 08:48:20.592760+00:00,6.573,,8.21,1.0,,GRB5,GRB,147.1882767285993,2.818695348369829,2.5061525621201497,39.505991992771904,2.89452630157556,2.9474034736935337,146.92273244795942,39.56935579332706
GRB210731931,2021-07-31 22:21:16.086083+00:00,6.573,,8.21,1.0,,GRB5,GRB,301.8510312193615,2.5776410119120783,2.443102378400795,-26.05755940971873,2.590704819827966,2.0672943763652825,302.2649270242067,-26.02702250584601
GRB210801649,2021-08-01 15:34:47.296824+00:00,6.573,,6.54,1.0,0.152730224697792,GRB5,GRB,338.91998358718865,10.771988857440704,2.9031225851870204,-6.384189119384853,2.3796236100060195,3.5002581616654425,337.92085561819545,-5.350495512731339
GRB210802496,2021-08-02 11:53:49.551222+00:00,6.573,,6.93,0.9238556964302184,0.1352951025219926,GRB5,,119.41450801381096,9.22810837076456,11.98830787198861,17.66190493764285,5.735091893758298,6.899456310458385,121.48776631638609,18.24863633661213
GRB210802630,2021-08-02 15:07:44.403307+00:00,2.671,,3.81,1.0,0.1766155110440126,GRB5,,152.96471222907434,8.62577056437587,7.922299353434454,-17.32533749281223,10.154369701732202,7.897968405660535,150.63799334535884,-19.148513071198565
GRB210805002,2021-08-05 00:02:12.594247+00:00,0.179,,0.2,1.0,,GRB3,GRB,237.8377615050904,41.26987444125518,28.854823396734503,-66.10988237229535,6.309566687826987,7.94210178150793,212.65796493242632,-64.26997075202085
GRB210807526,2021-08-07 12:36:43.731345+00:00,2.671,,3.12,1.0,0.2763846715613906,GRB3,GRB,270.68680330945784,6.085997621164495,5.858428786969682,-31.25346406762933,2.5748492062293167,2.8998292423814505,272.8374448039259,-30.96225397800108
GRB210807687,2021-08-07 16:29:22.206430+00:00,4.869,,5.11,1.0,0.3010642558823725,GRB3,GRB,279.1302034215061,0.963690329466715,0.8689357174072256,-23.957078837488904,1.606581728206418,1.1014571965664537,279.0505174602332,-24.30541492160192
GRB210807895,2021-08-07 21:28:57.207718+00:00,1.466,,1.19,0.9999928816669648,0.1393078868153163,GRB6,UNCERT,58.49880908864984,15.231324149837562,10.517414710754927,32.9783523491815,27.88855838669057,55.639845835338704,52.48644970560492,45.32899064040327
GRB210807988,2021-08-07 23:43:21.469198+00:00,6.573,,6.54,0.9999908049147016,0.2698730679718142,GRB1,,282.46020821010666,8.168638587617522,9.3576890198583,-63.9187661708301,8.241285183245665,5.818991262258365,284.3426269009136,-66.34786176924675
GRB210815100,2021-08-15 02:23:51.118659+00:00,2.671,,3.45,1.0,0.5308286295575299,GRB5,GRB,353.4770270781444,1.5574456117983573,1.5547554643895865,-35.483238533112754,2.0632647206025894,2.1852305224724944,353.3691692200381,-35.14644005273188
GRB210820004,2021-08-20 00:05:14.735041+00:00,2.671,,2.1,1.0,0.9962507917115806,GRB5,GRB,289.7115220702914,3.9714166173502576,5.371852246404956,56.5284949657578,4.176853424612496,4.025996559736633,290.96942932413606,53.08552224662401
GRB210821320,2021-08-21 07:40:31.199604+00:00,2.671,,4.0,1.0,0.0918345202723854,GRB5,GRB,48.15895912011127,1.13148360870877,1.1534035959688609,-2.367070913303174,1.245127555674161,1.417793232900896,47.84743435890665,-1.7451563662321488
GRB210822729,2021-08-22 17:30:24.817934+00:00,0.804,,0.96,1.0,0.1947018500062327,GRB5,GRB,235.6240710206551,1.859353299313426,1.8832366086122363,20.91667211861788,4.369178240615341,2.9638943691145485,235.7228438134464,19.838424062254308
GRB210903021,2021-09-03 00:30:46.008923+00:00,0.133,,0.11,0.999994001085531,0.0908347270028592,GRB6,GRB,263.2484934837773,12.958346395187904,14.36680256971016,24.4961203717342,8.478065261889455,8.219591865949837,264.3024882024572,24.305937966790943
GRB210903077,2021-09-03 01:50:16.247222+00:00,6.573,,6.54,1.0,0.2277189543699543,GRB5,GRB,184.4950306988512,6.584708092041041,5.020948462130804,43.16892519171149,4.845649301400485,4.450995718686798,182.1267487246789,41.44712399678687
GRB210903727,2021-09-03 17:27:02.599153+00:00,6.573,,8.21,1.0,0.8848043396785837,GRB5,GRB,155.84756759727077,2.946867613949792,3.080399731290157,22.069241995119008,2.304844397425221,2.369374755228005,156.19332893974234,22.040741791548417
GRB210904866,2021-09-04 20:47:40.020943+00:00,1.466,,1.42,1.0,0.0043099497338703,GRB3,GRB,114.88939437131452,5.385991204009699,6.396164351196973,-38.25862714133871,5.237849785502149,4.6739244442490175,117.9553540646,-39.87597867058361
GRB210909447,2021-09-09 10:43:19.990954+00:00,1.086,,1.33,1.0,0.5852215107148862,GRB5,GRB,149.26617108724082,12.682966391303012,3.341622793587419,83.59886579418506,1.84563283302721,1.634019395846721,147.86232677764974,82.853223235681
GRB210911631,2021-09-11 15:09:21.044869+00:00,0.016,3.0,0.022,0.999675845866374,0.1608958903509815,GRB2,,287.1993473539308,11.44864167692134,10.508657831851394,25.92951073082602,8.144515536341562,8.305534064044306,287.0395055472416,27.295336665365056
GRB210912522,2021-09-12 12:31:33.151513+00:00,1.979,,1.95,1.0,0.1084020700530573,GRB5,GRB,338.48575959980644,10.103110126209288,10.272768332808596,23.969661606330337,6.009205696410934,5.576953489888599,338.8684848872363,24.55931484539612
GRB210912888,2021-09-12 21:18:39.945967+00:00,6.573,,7.76,1.0,,GRB1,,243.6990598570796,2.8190591587389235,2.7651422008640623,-6.966007239318831,4.893197588785489,4.604409133002838,244.0969757895488,-6.369925679989356
GRB210915532,2021-09-15 12:45:33.626803+00:00,2.671,,4.0,1.0,0.1510513770769417,GRB5,GRB,172.0342747217535,2.906340346638842,3.1676775129018324,39.67796063581108,3.5805034681254284,3.5337407360231268,173.31916578173409,39.41882701457399
GRB210916850,2021-09-16 20:24:09.178442+00:00,0.133,,0.07,1.0,0.9834277886305928,GRB3,SGR,303.5232760865933,5.411563005453786,5.040464352172421,20.09377209749741,4.973311039289143,5.506072359395683,302.45915282024373,20.05825054707826
GRB210917157,2021-09-17 03:45:47.639731+00:00,2.671,,4.0,1.0,,GRB5,GRB,70.59974557947272,6.174162884561554,5.312420382210206,-31.91311881092319,4.266123058244098,3.4760370995736984,67.37402734914116,-33.18382933539642
GRB210919653,2021-09-19 15:39:52.072465+00:00,0.596,,0.53,1.0,0.9681554680944212,GRB3,GRB,220.73585370023784,14.262114971981902,15.854429738472303,-67.06535951233869,6.882053458189667,7.6327691449346275,224.06735566468265,-67.80759142061984
GRB210925056,2021-09-25 01:20:10.866592+00:00,4.869,,3.94,1.0,1.0,GRB5,GRB,47.856367840983744,0.8882557966379139,1.5964765672975645,-51.11558046310752,0.7194603274141045,0.6520434192104929,48.64411790144319,-50.9762443707048
GRB210925800,2021-09-25 19:12:33.734909+00:00,3.606,,5.13,1.0,0.2472210847197037,GRB5,GRB,345.4794404804748,1.906351712393473,1.9075437572940928,-15.01630724488349,1.9895556180448464,1.8555144216303976,346.1217393501806,-14.774265209940245
GRB210926044,2021-09-26 01:03:30.443232+00:00,1.086,,1.62,1.0,,GRB6,GRB,294.00384097579115,3.669522489022597,3.3176247381292683,2.0599144783046803,5.457617593620616,6.904165572844144,293.5709887082549,5.622485927360444
GRB210926869,2021-09-26 20:51:20.090644+00:00,3.606,,3.94,1.0,0.0014957157412254,GRB5,GRB,356.5255612145044,2.086953647328869,3.1358485701306336,-20.843631468046468,2.834067123112064,2.612639657531176,357.9702159166634,-21.38074286388541
GRB210927031,2021-09-27 00:43:57.849892+00:00,0.03,,0.03,1.0,,GRB5,GRB,257.0732110887066,3.3000789216686144,4.0995507510274365,-7.758343088633973,5.521988801955204,7.13597905826321,258.219118003918,-8.814891401564193
GRB210928761,2021-09-28 18:16:16.265107+00:00,6.573,,8.21,1.0,0.1528242148664926,GRB5,GRB,45.87764580230159,3.5839856303912043,3.283156358488121,23.531208204445377,5.234016198599448,3.280069468558679,46.28984664995399,23.15180394781931
GRB210928917,2021-09-28 22:00:29.435570+00:00,0.179,,0.15,0.9958409989285072,0.0443196399479804,GRB5,,132.00550294883294,113.38334767085723,17.06877261831056,-43.61397001282897,40.52112003688386,15.485245937077806,114.79906659782296,-48.512968882376256
GRB210929821,2021-09-29 19:42:23.119919+00:00,3.606,,3.2,1.0,,GRB5,GRB,262.6962289329278,2.7144666717470045,2.9863818091528174,8.297871498797278,3.06877518545624,2.767240370112537,263.38772541624985,8.40189135351681
GRB210930116,2021-09-30 02:47:01.752805+00:00,6.573,,6.54,1.0,1.0,GRB5,,188.1219880304348,10.248905462158431,9.772593166741416,45.00823629193272,6.387589788937689,7.014862224607093,184.75352228849505,44.31777494256242
GRB210930848,2021-09-30 20:21:41.555546+00:00,0.009,7.0,0.011,0.999853478083373,0.0144430594561237,GRB2,,244.47354832368703,15.26359482305125,12.511325156563911,-41.708560143178445,7.844462565201745,7.236462651787278,242.87490954439693,-43.0370065002568
GRB211002338,2021-10-02 08:06:39.633413+00:00,6.573,,8.21,1.0,0.2090975733380995,GRB5,GRB,64.64108419586624,1.8325438096286173,1.8045526658582889,-1.7303068730828266,2.766271476185108,2.7314695433151246,64.4204275065958,-1.1961551086305109
GRB211002740,2021-10-02 17:45:24.189526+00:00,6.573,,5.84,1.0,0.2733163515200882,GRB5,GRB,175.20663349745476,1.8482303169271568,2.104579474041941,-22.528538960363697,2.256102359430887,2.3062506323543985,175.4896041749326,-22.05540426507386
GRB211009126,2021-10-09 03:01:59.572362+00:00,6.573,,6.54,0.9754976105718964,0.1691809231656478,GRB5,,239.45739480260144,6.2855892394388775,6.067431816220648,-13.762695848168368,4.620834508893999,5.1242674586974,237.44179171305868,-12.6873903874699
GRB211013271,2021-10-13 06:29:51.338277+00:00,6.573,,6.93,0.9895138663679592,0.2473696789169477,GRB5,,91.74993641854896,10.650447491819437,8.898354455087784,-19.79802345687124,8.957308897758155,7.114727005194641,89.79732354767567,-22.19800605654916
GRB211017757,2021-10-17 18:10:11.520364+00:00,0.004,6.0,0.004,0.988980854812892,0.0171832557620728,GRB2,,75.88927795946657,21.764265526392933,30.097053048700587,27.68614081856928,19.04607847644815,20.033506366869226,86.42630466960765,25.546553916450144
GRB211018505,2021-10-18 12:07:39.014935+00:00,2.671,,3.12,0.9999974752266316,,GRB3,GRB,336.821381452639,17.140482745754753,27.55120079729585,64.02654210140581,6.08028799511078,5.665314853628864,358.3087320406544,63.08541894416204
GRB211021460,2021-10-21 11:02:55.712871+00:00,2.671,,3.12,1.0,0.6713414568384226,GRB5,GRB,27.626327011078708,1.8294392646822537,2.9790070011838523,23.191209019135947,1.3313514814039955,1.2479473523133358,27.876422274457067,23.277514038724927
GRB211022086,2021-10-22 02:03:43.093066+00:00,0.804,,0.8300000000000001,0.9999678447091108,0.9962507917115806,GRB5,,184.66380937524573,26.92984004602053,19.620242423037524,53.79634247600702,6.702660445827753,9.231732024990244,181.0527596122417,56.436143255874185
GRB211024065,2021-10-24 01:34:11.429483+00:00,0.098,,,1.0,,GRB5,GRB,10.85,,,14.36,,,10.85,14.36
GRB211031175,2021-10-31 04:11:39.135816+00:00,0.04,,0.06,1.0,0.2804509780852036,GRB6,GRB,62.226188415719136,13.38665870551307,13.950984109399611,-49.95465196746988,6.336644717472083,5.1426289600445045,62.93198165323668,-49.73059615466576
GRB211031543,2021-10-31 13:01:41.692064+00:00,0.012,1.0,0.01,0.9999912905410144,0.3069995031461186,GRB2,,249.6728225365511,24.859035195302056,21.74103509584876,-57.72287775986333,13.103745736838114,14.032151864158642,247.96904196638616,-59.53458637693807
GRB211101132,2021-11-01 03:10:10.595206+00:00,4.869,,4.8500000000000005,0.9550288140119906,0.1844736568382239,GRB5,,36.2283030330281,6.850423187478519,7.039775385212394,17.307512303654484,7.33428358280851,8.427429864284232,38.04668813931146,18.265117964805576
GRB211102338,2021-11-02 08:06:33.035937+00:00,2.671,,3.12,0.9999974752266316,0.2745855856461126,GRB3,GRB,27.60910765694949,2.432785938390176,2.193836295496748,54.52219686583148,1.2064877039804711,1.4964195905846012,27.72659296405285,54.62532543400565
GRB211104782,2021-11-04 18:46:10.800525+00:00,0.133,,0.13,1.0,,GRB5,GRB,35.54253249868913,7.981032560606245,9.700918420456322,13.474756134782226,8.118115183896094,7.497183981991938,36.44538161143496,9.749342625070138
GRB211107848,2021-11-07 20:20:40.086408+00:00,2.671,,3.45,1.0,,GRB3,GRB,193.77867703192788,21.152489428925264,15.573471753364942,-70.81883155257631,6.044157379053004,4.453132178000047,187.13893443683327,-71.97971314047415
GRB211109028,2021-11-09 00:39:44.998556+00:00,3.606,,2.73,1.0,,GRB5,GRB,142.65447865798336,2.9156568994103225,2.923937378081149,-27.30834746219897,2.591225140224399,2.7268960924929395,142.35368547221142,-27.514537689249146
GRB211109114,2021-11-09 02:44:06.910212+00:00,6.573,,6.93,0.9999974752266316,,GRB3,GRB,252.8913134567208,1.8305803000498315,2.0659461865542994,-43.92271515400371,1.4674069260943767,1.432558661194335,252.44668346769788,-43.68980293575735
GRB211109116,2021-11-09 02:47:31.580762+00:00,4.869,,5.11,0.9999979066256884,,GRB3,,260.1232461384932,1.2610895422129715,1.7422531699160686,-39.2696719460137,1.1703222600455447,1.5587984188074486,260.0705585016321,-39.034455672978034
GRB211112322,2021-11-12 07:43:28.009790+00:00,0.133,,0.15,1.0,0.1397508497885844,GRB1,SGR,266.4290206891686,5.158269902958182,3.0641582127481115,22.09707299721914,2.4255737178096872,4.36146608770499,263.9972350048621,22.768199392422027
GRB211116487,2021-11-16 11:41:00.890630+00:00,3.606,,4.62,1.0,0.3656224743576531,GRB5,GRB,6.816303129914863,6.04066923574261,4.065263667752399,-42.642357634013365,4.698676613598856,4.708815797967851,5.737879873132236,-41.09966379862988
GRB211118985,2021-11-18 23:38:16.322066+00:00,3.606,,3.74,1.0,1.0,GRB3,GRB,22.07373797640699,7.192701540824785,5.971831011069117,70.5807643163758,1.691507406417756,1.341664182109227,18.653186191062577,70.3874713344922
GRB211120086,2021-11-20 02:03:34.052139+00:00,6.573,,8.21,0.994391039665852,0.145558677688442,GRB5,,79.42103866651051,4.841046012026538,6.222778731409491,9.975519262048335,8.94528026231391,9.099116383128036,80.24268371259109,10.986166840356075
GRB211120548,2021-11-20 13:09:49.124488+00:00,2.671,,4.0,0.9999974752266316,0.9981548296531492,GRB3,GRB,46.295176022221696,2.177370648718721,2.306809516290997,47.84083650112238,1.630442727006674,1.7264254400920225,46.396503051316,47.7195971434325
GRB211122773,2021-11-22 18:32:29.439459+00:00,6.573,,8.21,0.9999987925797676,,GRB5,,343.1803885275393,4.871454329051858,4.986203908226457,-41.85881526965022,5.483228565625502,6.395335497055385,343.3176218434837,-38.966556452555295
GRB211122948,2021-11-22 22:44:33.194093+00:00,1.979,,2.24,1.0,0.0477716394183188,GRB5,,27.58040015921881,29.10877885313144,17.83901800996706,79.36571723340356,4.177028442786423,4.386159865968793,19.790452825819216,79.69981041077523
GRB211124104,2021-11-24 02:29:53.742935+00:00,0.441,,0.46,1.0,0.9834277886305928,GRB5,GRB,75.29090933619335,4.234045823303191,4.22556877306468,-55.92594991859197,2.4242091755074213,1.9875369370609164,76.37322193148489,-56.69394353984704
GRB211130384,2021-11-30 09:13:36.713976+00:00,6.573,,7.76,1.0,,GRB5,,178.42719267552474,3.363766520243473,4.272751162588151,36.275906161175016,5.443459370818189,5.219250785760423,179.2272319444362,37.03234934394373
GRB211130637,2021-11-30 15:16:46.054615+00:00,1.086,,1.27,1.0,,GRB5,GRB,16.01459975549239,1.12445812168178,1.1207238585689367,-25.7473087469016,1.0696414678160622,1.3025600267550743,16.3797004631923,-25.36154175257331
GRB211212395,2021-12-12 09:28:40.088514+00:00,6.573,,6.18,1.0,,GRB5,GRB,127.7376246844224,10.125598455110762,10.591015562834116,-13.945526002039864,9.272843513417936,12.414568054810816,128.19067036462783,-10.779922196498354
GRB211212532,2021-12-12 12:46:29.740423+00:00,3.606,,5.4,1.0,0.065614126793341,GRB5,GRB,47.14826142935095,3.980730558099396,3.379211409103675,-24.153967899710253,4.707619048279469,4.85198759892652,45.93064049486992,-23.25822249995145
GRB211216282,2021-12-16 06:45:58.251101+00:00,2.671,,4.0,1.0,0.7089357383635329,GRB5,GRB,56.30413773889845,2.2827514829699425,1.5369816526045526,-62.138501506805454,0.5993508432510382,0.732946703188702,55.80342390640595,-62.1994126610748
GRB211217295,2021-12-17 07:04:30.563029+00:00,2.671,,3.28,0.9997759552888694,,GRB1,GRB,8.97643588844881,0.8707906797685077,1.1003455785640472,9.442850849895642,1.706937023228603,1.679139086420923,9.155029087002706,8.59965176462346
GRB211222768,2021-12-22 18:26:12.142401+00:00,0.179,,0.17,1.0,,GRB3,GRB,114.8921753166192,10.088774472111524,13.410761707926524,-54.312255036081474,6.133649129536209,7.740051993109226,122.18681084858083,-50.25900144603145
GRB211224980,2021-12-24 23:31:40.099500+00:00,0.098,,0.11,1.0,,GRB6,GRB,237.69655201955868,5.8217050239722425,5.872011145034492,-37.33753270864487,6.587213833032973,6.021902350702817,237.66811441481005,-36.97383194388445
GRB211225014,2021-12-25 00:20:29.085895+00:00,3.606,,3.94,1.0,0.0341465568817993,GRB5,GRB,128.4921468724227,2.109834898487009,2.1131843809523616,21.16218608551173,1.3560783398719494,1.591854847745136,128.5227786462871,21.558731758444782
GRB211229660,2021-12-29 15:50:34.735734+00:00,0.003,16.0,0.003,1.0,0.0881478279975861,GRB4,,172.16566501639969,12.239358819527524,13.59082831332961,-30.051168632784687,33.3321578513936,16.029781764520038,176.95552286592658,-37.77604649162386
GRB220101606,2022-01-01 14:32:47.307011+00:00,6.573,,7.76,0.988868051390668,0.2480138816161239,GRB3,,69.01029752956254,79.23724231062772,34.821468420547305,51.43114708450345,13.010459968443,13.776211072175895,41.011399485172106,55.70710842607496
GRB220103877,2022-01-03 21:03:14.482741+00:00,2.671,,4.0,1.0,0.1829507605691254,GRB5,GRB,37.75542930332275,1.3881741036668416,1.3914025035195223,-20.035514308616108,2.665274643102869,2.5042722587303885,37.16179406699951,-20.49060642702298
GRB220104167,2022-01-04 04:01:03.244507+00:00,1.979,,1.95,1.0,0.793898475118207,GRB6,GRB,187.23667134047005,6.29664095738903,8.838914565329418,47.51421484706599,4.790727763622954,5.216176570307148,189.5457975169934,48.98536713511798
GRB220104255,2022-01-04 06:07:00.933110+00:00,6.573,,8.21,0.9999910671908718,0.2638911045546173,GRB3,,74.33063086456168,13.289486902658028,14.634611410103496,43.63766238583548,6.94401744765424,7.393534661556032,76.93044297060734,45.7496301064042
GRB220104694,2022-01-04 16:39:36.340077+00:00,6.573,,6.93,0.9999987925797676,0.2665956488086867,GRB5,,150.01719088089652,12.791655609977624,12.739243374436684,5.556519731322744,12.808774565446472,9.494243346196788,155.41101305529196,5.464849991799266
GRB220107615,2022-01-07 14:45:42.800178+00:00,2.671,,4.0,1.0,,GRB5,GRB,169.794985090638,0.93891671442924,0.8910157519525796,32.72671206737735,2.021017245060684,2.101538446947864,169.59447262995224,31.20016310011728
GRB220107793,2022-01-07 19:01:59.703841+00:00,0.022,1.0,0.032,0.9971355945577332,0.2767082662078776,GRB5,GRB,213.4856354849082,6.694991450430592,6.271807478266254,34.74409206494606,7.432239312514092,8.296342581646758,212.2599816116499,34.834303315275584
GRB220108576,2022-01-08 13:49:49.580399+00:00,0.022,15.0,0.021,0.9866665693510744,0.0112189132597509,GRB5,,247.8319859372647,29.51025535115295,33.6006473865983,-73.11313202864919,8.76154270684654,6.6832292631514605,257.3371711568583,-77.27478995655781
GRB220110066,2022-01-10 01:34:54.207904+00:00,0.073,,0.09,0.9999912905410144,0.1318108931697851,GRB2,,289.9014605565165,10.425024069428616,9.310415722078062,12.968113148261358,8.906971777379544,7.939748714421528,289.62713281878484,14.523650773992532
GRB220114585,2022-01-14 14:01:47.643828+00:00,1.466,,0.96,1.0,,GRB1,GRB,204.8452645905852,1.9126711494975552,1.76999854077539,-12.440281777043053,2.117248137463029,2.266172403994048,204.0929119455704,-11.937824714612194
GRB220115709,2022-01-15 17:00:30.452216+00:00,6.573,,8.21,1.0,0.264575168345725,GRB3,GRB,103.56619233732832,2.279578035218961,2.289472558181473,12.402150390040518,2.0809626522171705,2.096657778791979,103.10887664083938,12.827456000746173
GRB220115787,2022-01-15 18:52:49.832088+00:00,6.573,,8.21,1.0,0.157580084932091,GRB5,UNCERT,62.08787017237351,5.957901668892617,4.157277347433315,-15.080044664148453,9.761981672583884,6.664981924438109,60.42046134639705,-16.839162086615733
GRB220117199,2022-01-17 04:45:59.940904+00:00,2.671,,3.28,0.9999974752266316,0.5463991850672973,GRB3,GRB,286.04859546755137,2.995815406826466,3.216229543898919,20.462932031893025,2.861008409669189,2.565197357502825,286.68912619886777,20.65990569430644
GRB220117489,2022-01-17 11:44:37.855479+00:00,0.016,14.0,0.019,0.999996864641422,0.2456345332528549,GRB5,,245.99666040902247,19.112088398090577,21.128054485431107,-60.45594630197244,8.662144411852587,7.77861114003867,247.90561193039431,-63.81896883186306
GRB220118491,2022-01-18 11:47:05.719853+00:00,6.573,,6.18,1.0,,GRB5,,58.13281515760855,7.660820316208301,9.539388461078254,-71.28887424425169,3.7160778418747498,6.3399793601536345,57.60859507750985,-70.430551154513
GRB220118764,2022-01-18 18:20:38.137597+00:00,2.671,,2.83,1.0,,GRB5,GRB,191.8970024053788,1.1179577802430458,1.0423404066752369,29.42477003704897,2.7860139574726333,2.0288620109871616,191.92913214613137,29.074265631724906
GRB220120546,2022-01-20 13:06:02.992162+00:00,0.022,2.0,0.021,0.9971551353162376,,GRB1,,311.35507517435644,15.973821268948086,15.75053932676201,13.152150399774802,6.3557511885650815,8.552259411883544,323.75152072963954,16.04233428458414
GRB220124074,2022-01-24 01:47:02.271423+00:00,6.573,,7.33,0.9985628432476702,,GRB5,GRB,264.6866040848057,7.068247417312193,4.845794822758364,-61.5909604919522,2.0840661012911923,2.5206348422876275,261.8967160964648,-60.205801474088034
GRB220125258,2022-01-25 06:11:59.316791+00:00,2.671,,1.35,0.9999865997269348,,GRB5,,7.655497172463279,3.868982439754404,4.256237095974391,-21.80826369188888,5.441904994499321,5.750578752683367,9.069052582002303,-21.254617568452552
GRB220129873,2022-01-29 20:57:30.560415+00:00,2.671,,2.56,1.0,,GRB5,GRB,277.9094936378452,8.871534143128429,10.246057408418835,19.856665002159144,8.055915424976224,7.538567160984368,278.1977924880477,22.730494923249264
GRB220211047,2022-02-11 01:07:48.875526+00:00,0.073,,0.06,1.0,,GRB5,GRB,208.4379134184471,2.77533734537667,3.2529061563849666,38.25184924934397,3.1017079501370546,2.7863379428856163,209.6516837603197,38.18949679236697
GRB220217387,2022-02-17 09:17:23.882136+00:00,2.671,,2.21,1.0,,GRB5,,207.0064372394916,4.846015281496506,4.908806853889075,30.68012478250084,4.257335786646088,3.9991771663947375,205.9625664981005,29.476548268207047
GRB220222098,2022-02-22 02:21:20.807691+00:00,6.573,,6.18,1.0,0.9831522983214718,GRB5,GRB,29.67245782637215,1.7519488929197138,1.2190233204431742,-11.482695868070277,1.347526785976152,0.8843568009606582,28.84267804762965,-11.843170728587092
GRB220223094,2022-02-23 02:15:16.634857+00:00,6.573,,6.54,0.9999987869195628,0.2564783627420776,GRB5,GRB,29.447400502290296,10.016350199149349,12.620495098601069,-8.75231039321658,10.638656664167677,9.190285702536263,36.55907138485064,-11.044204984723883
GRB220228438,2022-02-28 10:30:06.379878+00:00,2.671,,4.0,1.0,,GRB5,GRB,317.61007502978885,3.12612766517168,3.004856344711812,-19.76371755746425,3.4131935872447805,3.755855762160572,317.99430813402194,-19.7004253184412
GRB220305676,2022-03-05 16:13:07.075575+00:00,6.573,,8.21,1.0,,GRB5,GRB,110.02461159795168,3.1973217957892075,2.306181693152965,-35.88887165516845,2.993258497180612,3.287002147967222,109.05217007482004,-34.53953298827016
GRB220306306,2022-03-06 07:20:02.635687+00:00,2.671,,4.0,1.0,0.1753898832658169,GRB6,GRB,192.289588699332,7.198692016474098,7.901304308656563,-30.909020937527384,3.866257617604113,3.306310918893839,198.1343909055233,-32.39987999438638
GRB220306761,2022-03-06 18:15:37.625378+00:00,0.327,,0.4,1.0,,GRB3,GRB,24.11828059791845,9.958484126915728,11.93325713301962,66.41455610560324,5.344013476253039,6.491536590554304,25.2438974868958,67.83797263910861
GRB220310122,2022-03-10 02:55:08.163813+00:00,1.086,,0.8200000000000001,1.0,,GRB5,GRB,87.04968132564971,13.265963654087956,17.69659540416734,69.28444739365699,2.685221637412411,2.6399106692019387,97.25159506774544,69.36863672438872
GRB220310126,2022-03-10 03:01:08.682031+00:00,1.979,,2.96,1.0,0.0021106128954125,GRB5,,135.78793163474404,1.6707117442778951,1.459701759529537,10.042113300707785,1.143374804253181,1.2404381939785694,135.1093922268554,10.499899678940622
GRB220310933,2022-03-10 22:23:50.807518+00:00,6.573,,8.21,1.0,0.9824636599596236,GRB6,GRB,239.3153018798438,5.850408187770427,4.892682204688924,6.467332995324399,14.193523532507296,5.97506190100968,239.47835677849707,5.904266118485118
GRB220315101,2022-03-15 02:25:57.088676+00:00,0.804,,0.74,1.0,0.0685875495890177,GRB5,GRB,237.3666945676096,6.88801182147256,10.836338113069417,-68.47394124207348,2.629764483389934,4.652200336339405,242.1654857254233,-67.16332974060388
GRB220317855,2022-03-17 20:31:33.094134+00:00,3.606,,3.5500000000000003,0.9989082841030638,,GRB1,,136.29990378219316,5.10402469074063,4.559050844100938,6.117450126262124,5.565420639147151,5.02287680641152,136.14645104312328,5.595358729692103
GRB220319937,2022-03-19 22:29:32.008488+00:00,2.671,,2.97,0.9999974752266316,0.07606621085976,GRB3,,115.88510732935104,31.129841171559534,18.44632997656558,7.983210364820621,16.61559427591429,24.003216319529628,99.01460417349776,22.135346366401546
GRB220321032,2022-03-21 00:46:42.171460+00:00,0.016,15.0,0.016,0.9999912905410144,0.1187744317871327,GRB2,,264.9132190128016,15.171760411726495,11.11364036824702,-26.490073930873084,23.02895236658505,9.425174516415948,261.7175858463379,-31.47758890528348
GRB220321282,2022-03-21 06:46:21.870931+00:00,1.086,,1.08,1.0,0.2647114354961049,GRB5,GRB,163.53240623412626,4.594046262054945,4.888253475879168,24.96865135625662,8.296287291509298,7.914392103653185,165.2627893064378,24.803626757429143
GRB220323507,2022-03-23 12:10:11.572680+00:00,0.179,,0.15,1.0,0.0027349627438064,GRB7,GRB,191.4308140632736,61.28690945290282,40.37402120141439,81.74602769375667,4.298762611063665,6.290974329453064,196.2580796892126,85.13606650474506
GRB220324111,2022-03-24 02:39:21.568139+00:00,6.573,,7.33,0.9611898064917616,,GRB5,GRB,181.6145297028584,13.25621241278472,12.992485865695327,69.46150675665648,4.002264253781817,4.164099344856254,180.13087101235857,68.80819847969671
GRB220327032,2022-03-27 00:46:47.135156+00:00,0.804,,0.8,0.9913790706464138,6.858706311942814e-05,GRB5,,169.44517411266688,7.506352254053013,7.542320624657748,-23.68224866275761,7.60094197152371,6.879484330370751,167.83494586957815,-20.12207189931002
GRB220330520,2022-03-30 12:28:09.233809+00:00,0.327,,0.31,1.0,,GRB3,GRB,322.8059878465712,4.5151234708368975,5.3070412516038346,57.86044392318611,2.8667203628496765,3.074315621375945,324.1598766916373,58.1617263446191
GRB220401429,2022-04-01 10:18:16.443513+00:00,1.466,,2.19,1.0,,GRB5,GRB,2.328442762994568,2.653802687018058,1.61919531392141,48.38071576497163,1.775315548343677,1.6690352862073254,1.016094928545598,48.003666548491374
GRB220403424,2022-04-03 10:10:02.393365+00:00,1.979,,2.96,0.9999987925797676,,GRB5,GRB,34.88606535441208,7.268736689473165,6.7916649662277,-20.467285456693187,8.361090541473718,9.216503473326934,35.44179880054018,-19.1415459391402
GRB220405258,2022-04-05 06:11:42.103054+00:00,6.573,,6.93,1.0,0.0414377747128525,GRB5,GRB,25.43392030297656,2.1800405189404017,0.9199269089601784,-27.004250098515485,1.2472126558106638,1.0433090903203563,25.481481518561573,-27.7974021077055
GRB220407167,2022-04-07 04:00:42.123662+00:00,0.327,,0.32,0.9999920301076058,0.0017472759722815,GRB6,GRB,51.16021416525536,5.104988907777972,5.257834671613978,-9.578949128847718,4.07534647802654,5.149044264993448,52.02891899552716,-7.219795530473801
GRB220408240,2022-04-08 05:46:06.129759+00:00,4.869,,4.15,1.0,1.0,GRB1,GRB,202.9015055408144,1.7358416353297912,1.920983001067782,47.15677046503423,1.9034897405303115,1.650286698821752,203.25185296725988,46.02685300843844
GRB220411306,2022-04-11 07:20:02.566555+00:00,2.671,,4.0,1.0,,GRB5,GRB,188.2541981656084,1.4875471518949723,1.2610822512670836,30.41645345915425,0.8486499780800933,1.0477992629640482,188.89442988415067,30.398603536381408
GRB220412713,2022-04-12 17:06:49.032918+00:00,0.022,2.0,0.028,1.0,0.9834277886305928,GRB5,GRB,349.9302500476263,6.826041570061591,10.215286096020291,2.898999296900322,2.942992539682453,2.8535996710279736,353.9346924025358,2.5649147287448786
GRB220413167,2022-04-13 04:01:04.502154+00:00,0.133,,0.19,0.9999803796344652,,GRB5,GRB,205.66153239413208,10.956180219142368,9.95424588982354,-19.42462679606996,17.449833822291257,15.394619961816147,203.33916066894813,-24.162511114753123
GRB220417286,2022-04-17 06:51:55.740330+00:00,6.573,,8.21,1.0,,GRB5,,351.02539063198617,5.39948098462844,6.494266630752748,18.530515601566385,8.074889672329906,8.157527318367322,350.04697048622256,15.070566655265557
GRB220417578,2022-04-17 13:52:36.170935+00:00,6.573,,6.54,1.0,0.9834277886305928,GRB5,GRB,109.51334636352932,6.7916323705040895,4.17894687061667,13.93782061180064,3.929534022795416,3.4648998391728174,107.78792740047056,13.834570448493892
GRB220418661,2022-04-18 15:52:00.179818+00:00,0.327,,0.32,1.0,0.0507511059087857,GRB6,GRB,23.67427228272325,4.640466831561646,5.815052776922126,37.42523072539972,7.036114281200284,6.983758964487386,23.28291863092136,37.63572039899925
GRB220421346,2022-04-21 08:17:56.945034+00:00,2.671,,4.0,1.0,1.0,GRB5,GRB,74.356039168808,1.3221841005369726,1.7389256348246107,20.5685177778338,1.2622377537019671,1.0287469746166344,74.71097466070316,20.418585574908526
GRB220424797,2022-04-24 19:08:22.625294+00:00,6.573,,6.54,0.9424580072731586,0.0072453364587892,GRB5,,196.8816037630001,27.568596065035507,17.774120654095185,37.63344550778048,17.672710232135998,27.507755391600377,194.8746603283105,41.34576742063144
GRB220426299,2022-04-26 07:10:41.925601+00:00,6.573,,8.21,1.0,,GRB6,GRB,140.36182018420044,3.740787286386535,4.476589985717908,-13.260928076694572,8.500176968585281,8.524560524578462,141.45634849806663,-10.212041965133984
GRB220426553,2022-04-26 13:16:00.033162+00:00,2.671,,3.45,1.0,0.0868110584414163,GRB5,,196.54642218118968,8.439933623696277,9.383099992927583,-51.37991625340005,7.038786468561945,6.809922601849735,197.57186551505865,-50.09764792342835
GRB220430900,2022-04-30 21:36:00.840604+00:00,6.573,,6.54,1.0,0.6008193363764691,GRB6,GRB,208.27357896286472,33.08685726318464,28.46799475239166,-78.91362518853096,5.915856454361602,4.707214699101428,201.6502657192124,-79.62423818274513
GRB220501828,2022-05-01 19:51:53.101367+00:00,6.573,,6.54,1.0,,GRB3,GRB,92.78192008634568,1.8374974465449296,1.8827331370321327,13.183207296275215,3.630917770585784,3.389669438967664,91.94310429449254,12.721264562162103
GRB220504273,2022-05-04 06:33:31.719964+00:00,2.671,,2.83,0.9174823791000928,0.0736777797603709,GRB6,,185.5331791041181,5.104310923851756,5.959448938216752,-30.09502870325084,5.158716944550605,5.461129029691055,185.63400068353724,-29.99311408248323
GRB220507423,2022-05-07 10:09:08.115088+00:00,4.869,,5.11,1.0,1.0,GRB6,GRB,203.25306307517823,4.54759419633578,3.896489254284433,45.96517857015008,2.096371838194713,2.272779875552615,203.84184827169327,45.8294827368446
GRB220510147,2022-05-10 03:31:06.347946+00:00,0.04,,0.05,1.0,0.0561330283318331,GRB2,GRB,100.56426846011244,3.750184891185597,3.6551108949850857,-16.52134749569716,3.4563325624501964,3.608210444223523,100.8546798755799,-16.168349393295593
GRB220510842,2022-05-10 20:11:59.076798+00:00,6.573,,6.54,0.9856783075577096,0.0258417131161301,GRB3,,183.824499598601,4.986053577289425,5.18829977757872,-58.06189166751142,7.122804552988264,8.34324852817717,182.96999453721708,-54.23317213125789
GRB220511571,2022-05-11 13:41:58.492968+00:00,3.606,,3.37,1.0,0.0019798022443052,GRB3,GRB,286.61710193399034,0.9848021979790929,0.7551876722129123,17.09931818444582,0.5892907438804578,0.5501554617951605,286.7003087967812,17.106875632117806
GRB220513865,2022-05-13 20:46:08.609577+00:00,0.242,,0.23,1.0,0.0037425366322138,GRB5,GRB,93.58341463125558,6.432509864914593,6.104459384101787,-9.654635938076844,6.041806655235659,5.800363445715318,93.00606776137454,-9.407043067817412
GRB220518717,2022-05-18 17:11:52.867787+00:00,3.606,,2.88,1.0,0.0341265454213861,GRB5,GRB,309.4171430379063,9.207779259088738,12.0040474785975,-65.33087936333416,7.601011982511828,5.918491939585039,312.29317204199054,-65.96125093571814
GRB220520876,2022-05-20 21:01:37.532061+00:00,1.466,,1.48,1.0,,GRB5,GRB,227.13037908839536,10.275508097608023,9.258542429306118,-70.7106023249369,3.0310828362295865,3.11361385550714,228.65170871036983,-71.30352980171224
GRB220521972,2022-05-21 23:20:21.896359+00:00,1.466,,1.48,1.0,0.5256843383080874,GRB5,GRB,275.6873220045144,4.804559188982125,5.007642060668559,9.561880966307658,2.7583913075476527,3.445872396923592,276.15615918108176,9.865091734265537
GRB220522110,2022-05-22 02:39:00.842630+00:00,1.086,,1.62,1.0,0.0212992068093074,GRB5,GRB,27.455424829749223,2.975347471753274,2.8156885011287542,19.656912122095267,3.6579961163693113,3.5004879289556747,26.292809343260856,17.533144444171295
GRB220523175,2022-05-23 04:11:31.134007+00:00,6.573,,6.54,1.0,0.21001891858065,GRB3,GRB,140.3477070749235,6.1904489365150255,6.474138803932647,-38.05574280839437,3.129253454857526,3.3329216383186235,140.65849735048727,-38.45137814975061
GRB220523558,2022-05-23 13:24:10.786829+00:00,2.671,,4.0,1.0,0.5830965471183502,GRB5,GRB,105.7054601594598,5.34629495012706,4.060079784350563,61.97882725125597,1.3962897479833742,1.511932930177018,105.616843789718,62.37899788690865
GRB220523729,2022-05-23 17:29:36.057189+00:00,0.03,,0.03,1.0,0.9999923748356718,GRB5,SGR,251.1531715146704,16.53604664448858,20.32671902630512,-60.723022957518886,10.865249979526034,7.956618066461495,259.13260843683884,-61.00038228211356
GRB220526955,2022-05-26 22:55:17.606454+00:00,0.007,17.0,0.007,0.9999912905410144,0.2898378252899216,GRB2,,230.73595458990687,79.9378257594777,32.025860318822595,-58.0338312319391,8.094411633083105,9.205115712591926,224.74561831438783,-56.87434451008853
GRB220528259,2022-05-28 06:12:47.665118+00:00,0.596,,0.63,1.0,0.9962507917115806,GRB5,GRB,310.7725387563036,2.389477601152408,2.090142460430002,21.78150281989979,2.881982465992394,3.014034994483588,309.3120230852918,22.26658492755501
GRB220529521,2022-05-29 12:29:44.866905+00:00,6.573,,8.21,0.9999974752266316,0.0462722632434516,GRB3,,308.7907375639922,2.911937960974172,4.3567199178096985,52.30624596851695,1.509303643810462,1.2905025113436466,308.6335370578573,52.380040822774994
GRB220530465,2022-05-30 11:09:59.014984+00:00,2.671,,2.97,1.0,,GRB5,GRB,152.52832069601033,5.128209254803409,4.009433594365362,29.74310143419073,5.176131713000682,6.795042148441862,151.29952447726208,33.015430036498444
GRB220606044,2022-06-06 01:03:28.593400+00:00,0.441,,,1.0,0.9834277886305928,GRB5,GRB,31.93,,,-71.47,,,31.93,-71.47
GRB220608317,2022-06-08 07:36:38.949330+00:00,6.573,,6.93,0.9999884592675912,0.0065047970555297,GRB5,GRB,74.59581563229304,1.8276630522536688,1.797151231312725,25.924935655397164,1.4231675771257777,1.3232596929462517,74.93390981194707,25.896087577512304
GRB220609063,2022-06-09 01:30:53.520653+00:00,2.671,,2.69,0.9662615079655968,,GRB3,GRB,228.8782889314052,8.178787283484155,9.63376158832051,-48.28318279686256,11.056901287289406,7.880821553150049,228.90439161178887,-48.639763126331474
GRB220610295,2022-06-10 07:04:44.145378+00:00,2.671,,4.0,1.0,0.0009555439404098,GRB3,GRB,244.6064028529036,4.665409337379373,4.293238467330497,-55.40248684638343,1.1032511399869591,1.740220245718504,241.96535068126232,-55.16142074017808
GRB220610906,2022-06-10 21:44:36.929521+00:00,0.073,,0.09,1.0,,GRB5,GRB,149.00065441601726,10.45971523593687,14.619852774716378,37.27097797707413,6.9801218133786165,7.70255012896569,155.43360509466015,37.05593955638814
GRB220612684,2022-06-12 16:25:17.362323+00:00,6.573,,8.21,1.0,0.2731971635545117,GRB3,,98.67592699342995,4.284139793202172,4.081813146740146,19.70886232070657,3.722281986359079,4.241419901010783,99.33182976313762,20.586277093871544
GRB220617673,2022-06-17 16:08:58.833607+00:00,6.573,,8.21,1.0,0.0105442207671119,GRB3,GRB,297.68214377633154,6.246339066591929,8.143829411137403,27.917464271629267,3.9010796910091337,4.306625930866687,301.2323189031291,28.67214232721328
GRB220617772,2022-06-17 18:31:13.407229+00:00,1.466,,1.14,1.0,0.0117221533704422,GRB7,GRB,152.20588511562858,0.7930246482538905,1.3860311409348185,16.786486359922918,2.682799236820017,1.2738173353093083,152.61385496053444,16.46483827819086
GRB220618382,2022-06-18 09:10:29.227304+00:00,6.573,,8.21,0.999933696186746,,GRB3,GRB,49.222017917482994,5.38660709592029,5.559225731060145,51.22090350462789,3.4700096008975194,4.271958059936587,50.168805935087946,51.67651509933868
GRB220618761,2022-06-18 18:15:34.940400+00:00,0.073,,0.05,0.9990324020478104,0.0005617681357078,GRB5,GRB,84.72326271350806,7.753384640285418,8.169176637624531,-27.407237631788675,10.447761434141364,7.756385036599582,85.97189798631436,-29.753340469634004
GRB220620016,2022-06-20 00:22:46.093395+00:00,0.016,7.0,0.015,1.0,0.0003204789353372,GRB5,GRB,140.09501703913878,11.59392280982405,14.539933108267135,64.61309765816014,3.690215417271688,4.117577538384722,145.65211269347105,64.82096221553945
GRB220620261,2022-06-20 06:16:27.155348+00:00,4.869,,4.8500000000000005,0.9999655301531648,0.0839905229142187,GRB5,GRB,336.72847086372485,5.325829772849772,5.748651979902434,-53.29410015270607,4.822655037705125,6.086299979752639,337.738953077575,-53.25847285134558
GRB220622394,2022-06-22 09:27:12.907098+00:00,0.327,,0.32,1.0,0.9834277886305928,GRB5,GRB,299.77978564053547,6.304412507939674,7.35728715068916,-41.03715675624086,4.849682208554469,7.093423402102864,298.29364699292057,-38.76729009162207
GRB220623649,2022-06-23 15:33:56.823369+00:00,1.466,,1.19,1.0,,GRB6,GRB,228.9403366228608,7.85893351105031,8.943299545274044,55.1259015720703,2.8370819341530265,4.745758258394616,226.51689535783697,55.64480159257005
GRB220624316,2022-06-24 07:34:55.538468+00:00,0.804,,0.71,0.9593192046611712,0.0013395810060598,GRB5,GRB,292.57197290606746,11.133287398172286,10.54209432865872,42.3681491853432,8.492102263251638,10.110568059769648,292.3562055812189,42.97582842510619
GRB220702842,2022-07-02 20:12:48.454718+00:00,2.671,,4.0,0.999936597673588,0.2741575687514667,GRB5,GRB,176.36915684402496,11.08298343676941,13.91099159366749,39.22839788517568,5.508389856186071,5.728543263255453,174.73620559393817,40.612188876125416
GRB220704419,2022-07-04 10:03:48.443393+00:00,6.573,,6.54,0.9999987925797676,,GRB5,,237.4575317345124,12.677734310557412,12.050463038613913,-4.779489549420436,9.83404389695807,13.09050205959366,237.07424609492992,1.7373141953827442
GRB220704575,2022-07-04 13:48:01.510865+00:00,2.671,,4.0,0.9800694253990204,,GRB5,GRB,278.15531398801795,11.39555079062643,8.580778378747539,-37.533161762834126,7.355214286106143,5.565770681374254,278.2285764902554,-40.10396540548189
GRB220705282,2022-07-05 06:45:53.149366+00:00,1.466,,1.62,0.9999943803877602,0.0263471175314293,GRB6,GRB,144.55776613481655,7.635774440572874,7.131396226981877,-8.813108163807101,7.200122349210714,6.894475610678768,140.11134158803702,-11.150598796693718
GRB220709472,2022-07-09 11:19:05.976773+00:00,0.804,,0.71,0.9818233627202309,,GRB5,,72.70810588865649,12.523474920107487,9.664270660037062,-47.79310390758292,4.233115714033822,5.518806722350192,68.39279086347835,-46.756935360879126
GRB220711279,2022-07-11 06:41:07.622896+00:00,0.133,,0.13,1.0,0.2758573440885974,GRB5,GRB,102.90647176682664,15.575098039717304,18.37716266332812,8.154796425511172,13.67790786993141,7.346305423885215,85.58260221208664,2.516328655672007
GRB220711675,2022-07-11 16:11:58.604892+00:00,0.179,,,1.0,0.9834277886305928,GRB5,GRB,85.6,,,-35.37,,,85.6,-35.37
GRB220713691,2022-07-13 16:35:44.240135+00:00,3.606,,5.4,0.9999987925797676,0.2896086166286731,GRB5,GRB,19.281751827287582,2.942774772300485,3.264261758350095,33.698983007135766,2.683489504915457,2.6035199351207616,20.11846926413701,33.0513604684721
GRB220715368,2022-07-15 08:49:43.400787+00:00,6.573,,8.21,1.0,,GRB5,GRB,164.383956979722,4.056669713192349,4.423319337486731,-34.09795557703342,4.671388256441848,3.247302155728079,165.3073458517697,-34.50046341747659
GRB220716745,2022-07-16 17:52:46.436715+00:00,6.573,,8.21,0.9980441783631724,0.0500761213091517,GRB3,,97.4314992395855,7.1137698620730845,7.95527456601296,-8.53186040427808,6.497684545660851,6.004707718833442,100.13869899471662,-8.023074483240968
GRB220719566,2022-07-19 13:34:23.450287+00:00,6.573,,6.54,0.9999974752266316,0.2822481990817723,GRB3,,224.2814400229041,12.976766372433277,12.148106193157446,-45.12324971981966,13.347270635613125,9.080499843848962,222.59462550348968,-51.738460959578646
GRB220720045,2022-07-20 01:05:20.743519+00:00,2.671,,2.56,1.0,,GRB5,,104.56126334126456,5.018463046876093,4.639125285423219,-35.740624265876505,2.9313974924856723,2.551729058138953,104.59172652845396,-35.39403908504458
GRB220720489,2022-07-20 11:44:35.589327+00:00,3.606,,3.74,0.9413384418876232,0.0582702598052189,GRB6,,110.20245026934548,63.83397872104973,26.637585408905807,12.609306792753234,23.231554625079408,41.76272527997362,106.9432045899913,16.47329516204551
GRB220721021,2022-07-21 00:30:26.498846+00:00,6.573,,8.21,1.0,0.2748850902198331,GRB5,GRB,10.59816815703287,10.512632730503984,6.962586332912401,-32.79481114991841,7.13545004792066,8.238931108425078,5.368929423436303,-30.73544805123629
GRB220721026,2022-07-21 00:37:54.500051+00:00,1.086,,1.13,1.0,0.2737124615823558,GRB3,,31.374030783805644,10.7969565884275,9.102240176811453,51.56664227467006,5.557184949373543,7.553694395370066,28.864260502637286,53.469309205312186
GRB220721684,2022-07-21 16:25:29.965879+00:00,0.003,8.0,0.003,1.0,0.2755100148589381,GRB4,,279.71368846058226,27.78866921844769,20.626870302831264,31.42331356860196,17.6789411287952,32.33449261134042,273.4845982327224,36.35176275682366
GRB220723764,2022-07-23 18:20:44.565090+00:00,0.03,,0.03,0.9999912905410144,0.9834277886305928,GRB2,,241.63973921187943,13.402564403086018,15.025623072364198,-56.70191881924526,7.198890094762483,8.147466176637614,240.2967475392589,-57.85885153027657
GRB220724988,2022-07-24 23:43:08.372817+00:00,6.573,,8.21,1.0,0.0795148553226356,GRB5,GRB,233.48483931894424,3.001694103202226,2.615234855509783,-24.07121303025415,3.9358921095782575,4.016960879949924,234.1054524472396,-23.099991129939312
GRB220725244,2022-07-25 05:50:56.850632+00:00,0.054,,0.05,1.0,0.0721020475781658,GRB5,GRB,241.51433127812984,8.636790191108787,5.900308142763947,-31.83732285496536,6.515494835359597,7.544637824599036,239.01389684285795,-30.82811212210145
GRB220725563,2022-07-25 13:31:15.526616+00:00,0.133,,0.13,1.0,0.1349959204832698,GRB5,GRB,100.92572854977789,12.129830907451478,10.398747409691168,-52.55943736866392,7.1674157841505135,6.6678576049959375,101.53431303172452,-52.11411703449707
GRB220727192,2022-07-27 04:36:30.678363+00:00,6.573,,6.54,1.0,0.4330814418171629,GRB3,GRB,136.03534248471243,3.519039000707892,3.4408862195489007,-42.88233217338119,1.1842199011027643,0.8197179319919528,138.58736253092985,-43.33555765426049
GRB220728681,2022-07-28 16:20:39.302256+00:00,0.04,,0.05,1.0,0.0713541077984171,GRB5,GRB,18.733735459768905,12.118166648952675,11.335823554564596,29.15544762898609,10.4889828505234,8.04198588213475,26.133914427141548,24.807144877798944
GRB220729429,2022-07-29 10:17:31.745648+00:00,0.596,,0.59,1.0,0.0059976853035922,GRB6,GRB,306.91799862201725,6.555401999838182,5.246298457897524,-7.710300834078446,6.55231830155372,6.133206420716185,306.0286156777132,-7.507505052725646
GRB220730659,2022-07-30 15:48:55.060345+00:00,0.073,,,1.0,,GRB2,GRB,221.26,,,-69.34,,,221.26,-69.34
GRB220803402,2022-08-03 09:39:10.380419+00:00,0.804,,1.2,1.0,0.1196193249190207,GRB3,GRB,206.575875170176,1.447547740112071,1.159179834957797,-54.753895141241,1.2752006300666991,0.9330051507751732,206.13829822369715,-55.061577774350624
GRB220804089,2022-08-04 02:08:35.124259+00:00,6.573,,8.21,0.9999998620563292,0.0180749797607966,GRB5,GRB,159.96317914082124,4.555782543007695,4.011265567353803,-3.593564814811042,5.003723523840168,5.559288512928328,158.53695585898333,-3.73462706880802
GRB220807581,2022-08-07 13:56:29.082251+00:00,6.573,,7.33,0.9575758900665736,0.9962507917115806,GRB5,GRB,137.66515311846777,6.507430837961294,7.272969368106686,51.51159836225271,4.4218046651823,4.631173166564025,138.08930159199514,52.80216411966985
GRB220809715,2022-08-09 17:09:50.294111+00:00,1.086,,1.0,1.0,,GRB6,,28.55449223623173,8.807720771857397,9.27985104586174,-45.33434985703739,7.361490434313652,7.53499740989858,27.68275415352239,-44.03424849173203
GRB220814703,2022-08-14 16:52:39.262697+00:00,1.979,,2.04,1.0,0.2067877379311768,GRB1,,55.45894051509833,1.810738384415373,1.9667021173439565,-37.37622834730252,1.874015669592083,1.8026592047479328,54.96889504138637,-37.2371540075842
GRB220820998,2022-08-20 23:57:26.201661+00:00,0.073,,0.07,1.0,0.9832995097276944,GRB5,GRB,276.64640105843944,9.6384171793664,8.85095945080218,-45.53735035988693,6.989283608193745,7.2112952167891535,277.63865333582714,-44.34548892579912
GRB220821296,2022-08-21 07:05:42.821209+00:00,6.573,,8.21,1.0,,GRB5,GRB,131.862093811873,2.3731019755439604,2.730245532698177,29.43714401787215,1.7262614070335616,1.7231045677594956,131.97347154858113,29.243277339560464
GRB220823145,2022-08-23 03:28:51.948308+00:00,1.466,,1.25,1.0,0.9834277886305928,GRB5,GRB,98.55103679056045,11.672131616139453,6.5703805611280615,31.7375534080494,6.353399305523293,7.157864104512896,96.8571494749931,33.542143776532185
GRB220824177,2022-08-24 04:14:18.944930+00:00,6.573,,7.76,0.9855255364409438,0.2648737620089941,GRB5,,348.50005012580226,7.8523910631571425,7.915607343946647,44.390486260658754,3.651918112695533,2.7851782126722497,346.04076076378067,43.7476460587571
GRB220826432,2022-08-26 10:21:24.435281+00:00,6.573,,7.33,1.0,0.2091172123944799,GRB5,GRB,353.9191928668812,0.5957675832754035,0.8506010429391608,18.898622015382458,0.5905397735292688,0.5572264798478059,354.11759976576786,18.974568173985844
GRB220826497,2022-08-26 11:55:26.033592+00:00,6.573,,8.21,1.0,1.0,GRB5,GRB,205.21030488623933,3.377475092837841,3.3193868391969943,-40.07300885100231,2.91956806118268,3.7074805465722704,206.65157966504407,-39.37024232980768
GRB220827896,2022-08-27 21:30:03.861211+00:00,3.606,,3.5500000000000003,0.996517160297822,0.97837610447413,GRB5,GRB,136.87721371986092,5.62684121400963,5.983619454779898,3.661086922979283,7.275974705305256,5.946620704299214,135.12530140851737,2.1588497738716868
GRB220829411,2022-08-29 09:52:15.830712+00:00,6.573,,7.76,0.9999974752266316,1.2190012714898286e-05,GRB3,,207.31378128336155,6.884951241625544,7.072367390638277,-68.07762860240524,3.946348497548911,3.409023643060181,206.8279163044176,-68.46044738664618
GRB220907587,2022-09-07 14:05:26.814592+00:00,1.466,,,1.0,0.9834277886305928,GRB3,GRB,267.46,,,-20.54,,,267.46,-20.54
GRB220909286,2022-09-09 06:52:16.092006+00:00,6.573,,6.54,1.0,0.8859412721209224,GRB5,GRB,212.39475907307337,3.1197879275013065,3.196742615318982,-20.427653908276067,2.9087103113851605,2.4580400299992853,212.2418355850945,-21.26548237784371
GRB220910627,2022-09-10 15:02:57.482433+00:00,0.327,,0.23,1.0,0.5375084492165445,GRB7,GRB,303.20362405212546,14.510570818517806,13.98553736506085,-53.0792691209318,11.902428191472708,6.307761768845253,303.61137795064894,-56.87499468313575
GRB220911452,2022-09-11 10:51:23.291443+00:00,6.573,,8.21,1.0,0.0918808822245448,GRB5,,173.1000192415264,3.0075174987784123,3.2193043038678297,8.626917858019672,4.287972153203517,4.32822006883018,173.23082077222418,8.798013338004326
GRB220912963,2022-09-12 23:07:15.093766+00:00,0.242,,0.25,1.0,0.6382532517751623,GRB6,GRB,44.57168964568854,16.757976861639122,35.973146256718955,25.67107491280499,6.593376169787362,10.283516857131945,53.58459739307978,30.652432833374142
GRB220914193,2022-09-14 04:37:27.389069+00:00,0.016,12.0,0.015,0.9999987925797676,0.2025650182265403,GRB5,,295.5200968527436,16.413428441189637,14.993488805635424,-40.1394516058672,14.919355051477392,13.80855525692067,295.85784281313124,-45.43969114500193
GRB220915022,2022-09-15 00:31:48.758444+00:00,6.573,,7.76,1.0,0.2823535473611668,GRB5,GRB,135.43689031119985,1.855499153620741,1.711312672159096,4.763534032100591,1.8242088651772548,1.9027211958406056,135.4608033715437,5.54563797298839
GRB220915400,2022-09-15 09:35:19.221297+00:00,3.606,,5.4,0.9987536924149912,0.1349908052052662,GRB5,GRB,279.89268568897546,14.459826606182332,17.3261658488492,66.35518498687937,7.189816470387271,6.684564722633439,283.09642763665045,61.89558360629926
GRB220915857,2022-09-15 20:33:25.524464+00:00,6.573,,8.21,0.9914206133188108,,GRB5,,330.8430103430576,7.994784654315538,10.41147772216874,71.97969479064159,2.511506375354444,2.894972620902678,332.70520457917144,72.3185007863685
GRB220916040,2022-09-16 00:57:33.802189+00:00,6.573,,6.93,0.9878670878313364,0.0124447135744224,GRB5,,207.58891382739128,27.896736543761705,10.813211920417132,-48.526927687357805,12.027108702225874,4.448617214319611,208.81828678830115,-49.859577374825705
GRB220927234,2022-09-27 05:36:24.827512+00:00,2.671,,2.83,0.9999987925797676,1.0,GRB5,GRB,89.25655852310986,0.5442891985058793,0.8150552270569733,-16.43619543838058,0.6486686818622083,0.61574994125289,89.40257908636343,-16.348580169667258
GRB221004622,2022-10-04 14:56:11.762742+00:00,0.804,,0.8,0.9999979066256884,0.1355908675807462,GRB3,GRB,8.827859957922183,11.463542844376882,6.404157369624228,63.087345280159965,5.224391126764985,4.148098695241096,3.206908824585277,63.164078709975456
GRB221005757,2022-10-05 18:10:05.244334+00:00,2.671,,2.69,0.9244743257544152,0.1286066889001405,GRB5,GRB,134.719899727715,4.504986191474899,4.514332692512568,-21.973240938773344,6.458174724672631,7.247097603978283,134.59186834766103,-19.00257614033736
GRB221013029,2022-10-13 00:42:22.485774+00:00,6.573,,6.54,1.0,0.0023264485930426,GRB5,GRB,247.1454303492238,2.002515142007553,1.700228777473626,4.848065216184714,2.26479178898457,2.315616122510252,247.1508578565921,5.401724212287708
GRB221013100,2022-10-13 02:23:28.566753+00:00,0.596,,0.59,0.9606906996825518,0.0975655130250321,GRB5,UNCERT,229.45238385886685,10.839862970779336,12.862442290702376,-44.67937961863392,8.73709376618693,8.138481388581155,230.6315587960813,-42.962465548667446
GRB221014021,2022-10-14 00:29:46.137016+00:00,0.327,,0.38,0.983810925085056,,GRB5,GRB,59.702023116499866,19.2770319061354,14.930388646268426,33.14343532641444,12.438126012592107,10.57421556786704,51.83785623125114,32.83254031230012
GRB221016054,2022-10-16 01:17:26.228153+00:00,0.098,,0.11,0.9999987925797676,,GRB5,,63.80811656772173,11.19705895538123,10.209263421828624,8.76548958942622,12.103854891084543,13.865640847655197,65.25077378392481,8.353376764231072
GRB221016986,2022-10-16 23:39:25.149684+00:00,2.671,,4.0,1.0,,GRB5,GRB,37.310916584125046,1.068546570616654,1.1249793207801204,-35.97377911179799,1.5196778714797006,1.5843636612025378,37.72691355079033,-36.0728945374914
GRB221017625,2022-10-17 15:00:27.024490+00:00,0.054,,0.05,0.9581982164116196,0.140803778799836,GRB5,,305.6186698995079,6.454760692165962,10.882839612984242,7.541441140781603,8.66382203101194,8.333652828750042,307.55649340137114,5.700906162481687
GRB221018459,2022-10-18 11:00:30.332466+00:00,4.869,,5.11,1.0,0.5431780020000765,GRB3,GRB,300.2103119353793,9.167064851087218,8.054278610044605,42.32002142444006,3.686031970956343,3.1495830757391303,298.3171989858348,41.79831443343935
GRB221018461,2022-10-18 11:04:05.373044+00:00,6.573,,8.21,1.0,0.4394389331737016,GRB3,,295.2381805614887,3.0940261932424846,2.608516026159066,42.6485902406793,2.243506280964376,2.4101887758384706,295.062031499864,42.86003192492102
GRB221020225,2022-10-20 05:24:02.997494+00:00,6.573,,8.21,1.0,,GRB5,GRB,169.41310197280555,1.9397487230462216,2.130850889131324,15.931884549314258,1.191405728528995,1.258346123231604,169.59102744950894,15.70472995595765
GRB221022612,2022-10-22 14:41:46.452897+00:00,0.073,,0.07,1.0,0.7851007250598847,GRB2,GRB,232.74329223351205,6.3841516102880576,18.64957681587865,-61.7589387556993,2.4587967577467253,1.2027569198027166,236.8863996605112,-61.87274500523934
GRB221022815,2022-10-22 19:33:32.070646+00:00,2.671,,,1.0,0.4081551657351683,GRB3,GRB,121.13,,,-20.74,,,121.13,-20.74
GRB221024542,2022-10-24 13:00:28.842426+00:00,3.606,,4.16,1.0,,GRB5,GRB,174.7638716139619,4.394178445350917,4.605065064673028,34.726190686033995,3.368882502927356,3.525714037492211,175.3695708937537,34.69416283912193
GRB221025040,2022-10-25 00:58:18.566009+00:00,0.327,,0.34,1.0,0.0429572907902907,GRB6,GRB,136.33325783098567,2.893525817184809,2.6965682919048675,3.749164434721609,2.638723141701395,3.352165903277263,136.59062984582084,4.123687693583472
GRB221029045,2022-10-29 01:05:27.942532+00:00,0.133,,0.19,0.9999947527474868,0.9834277886305928,GRB3,GRB,52.8316078536376,1.9979165876127285,2.200311595411307,46.22635860008069,2.0274723474288976,2.1618574713532226,53.491109080882,45.45575216401704
GRB221110071,2022-11-10 01:42:49.370529+00:00,0.804,,0.77,1.0,0.134077173646231,GRB7,,290.1624292673577,22.9596660729797,30.04453324413811,76.56260313508434,5.648730002529263,6.909244700497197,310.7443941756895,79.49412488583299
GRB221112263,2022-11-12 06:18:06.835792+00:00,6.573,,6.93,0.9999775887983574,0.2735799296789231,GRB5,GRB,105.86083832388896,6.835510305915804,9.198171292893136,-49.89331288951982,3.3652028742787863,2.8366931898289707,105.83646970063438,-49.71377035422695
GRB221114906,2022-11-14 21:45:07.419587+00:00,0.098,,0.11,0.9975553679738216,0.0015029716759613,GRB5,,76.63547572690426,9.302150842699804,9.374738500149078,-16.734269670451617,11.97510193439952,13.325930059672736,75.23348833195102,-11.055693177837522
GRB221118575,2022-11-18 13:48:21.109981+00:00,6.573,,8.21,1.0,0.0185601554629164,GRB5,GRB,284.3606456632273,4.497060937130527,6.265100547944542,-38.2391697224591,2.780216284796502,2.607763826744645,286.87657542635554,-37.55839848319299
GRB221120524,2022-11-20 12:34:58.158723+00:00,6.573,,6.54,1.0,,GRB1,,197.9272122421921,6.199851571301025,5.929662475632483,-21.30002436556349,4.812514284843644,4.431676146822252,197.5566892787519,-23.4138709787392
GRB221120895,2022-11-20 21:29:28.119814+00:00,0.596,,0.63,1.0,,GRB5,GRB,47.80467264213085,15.80533374041152,8.928892741854554,39.5611101315874,5.678319373456297,4.904551624020463,45.66279558975104,41.10652548321978
GRB221126547,2022-11-26 13:07:37.837073+00:00,2.671,,2.83,1.0,0.1410493965175614,GRB1,GRB,133.73687800670166,2.9562218124974606,3.509108607233003,22.672594622426946,2.764334078905268,2.87837012828064,133.92427696701586,23.27164947245399
GRB221127352,2022-11-27 08:27:10.513122+00:00,0.179,,0.17,1.0,,GRB5,GRB,213.6453232908461,6.959619023478581,6.526507631640612,53.60484744323534,5.105898817722462,6.814883305458686,214.2226684880196,56.01665535540765
GRB221127410,2022-11-27 09:49:51.142779+00:00,6.573,,6.54,0.9981315816657064,,GRB5,,148.75968492570897,4.761389339736098,7.187939741351272,-4.43280870936362,7.996737077475563,7.654953078769422,149.86068208737385,-4.884896703765172
GRB221201517,2022-12-01 12:24:54.418506+00:00,2.671,,4.0,1.0,,GRB5,GRB,264.23808156746173,2.472174055737412,2.4759416045810667,-67.53253032578331,1.4590778950618954,1.749621278261742,264.56577445928576,-67.24473204043886
GRB221202904,2022-12-02 21:42:02.129762+00:00,6.573,,8.21,1.0,0.0657931983612113,GRB5,GRB,343.4181410577987,1.743172484177535,0.8427678777502479,-6.75988582491523,0.7305499924320902,0.7917011282692883,342.653029731575,-6.744268854065456
GRB221203537,2022-12-03 12:53:01.633909+00:00,1.979,,2.04,1.0,0.4334108868892135,GRB5,GRB,348.0871956170378,4.0363728967105885,4.160212913440148,-66.06012689655815,2.250290531812184,2.21473979133539,347.61456067313105,-65.80594148345915
GRB221203886,2022-12-03 21:16:22.660006+00:00,6.573,,7.33,1.0,0.0448311773060772,GRB3,GRB,290.1063321761658,4.661597314170194,3.992427852314279,29.586782667737587,4.707807657457451,4.344271975121803,289.7394465859154,28.254024455526206
GRB221205022,2022-12-05 00:31:54.448754+00:00,6.573,,8.21,0.9129584931950488,,GRB5,GRB,213.81911113587864,6.410159870758918,7.088499598648156,50.26116603564458,2.976936614859845,3.324519444335735,214.22603747070835,50.26995460802124
GRB221205252,2022-12-05 06:03:32.962439+00:00,6.573,,6.54,0.988210551062386,0.1264134867165483,GRB5,,17.342614276773883,106.95699880353592,12.663645895755064,0.6292389826790377,27.00931019771341,15.019332811905832,1.7944531121723832,1.2413924970393282
GRB221206464,2022-12-06 11:07:37.865023+00:00,2.671,,2.83,1.0,0.0195021048771497,GRB5,GRB,227.7543251970556,6.036284649143198,5.391210257408062,-42.9689027260326,2.732371623472176,2.618673704450245,229.23930615868983,-42.87167155858894
GRB221206516,2022-12-06 12:22:49.496260+00:00,0.179,,,0.9999987925797676,0.9962507917115806,GRB5,GRB,255.71,,,45.48,,,255.71,45.48
GRB221206586,2022-12-06 14:04:24.294515+00:00,0.327,,0.32,1.0,0.2583704743396794,GRB5,GRB,192.55019239153776,4.739722412558194,4.231094348930668,51.070794847415726,2.7895033527460384,3.219329336740664,191.9408721825857,51.78272896300656
GRB221206786,2022-12-06 18:51:48.732659+00:00,4.869,,4.37,0.9888407622750648,0.0857082033485339,GRB5,,138.00053803237614,7.614742493368709,9.301384248978591,-0.3161902786024209,6.963158227528337,7.35874884665328,139.55452305534757,0.1438753115872657
GRB221209877,2022-12-09 21:03:28.333523+00:00,1.979,,2.7,1.0,0.2788647066750871,GRB5,GRB,128.27965878746687,4.6613242477989445,4.029056681201126,2.6515856355410614,5.209959746480812,6.541769684128997,127.61951914249136,4.207362610292092
GRB221210108,2022-12-10 02:35:38.477885+00:00,0.804,,0.89,0.9625576446397592,0.0367675565964957,GRB3,GRB,275.72929630979,4.723326599771099,5.17890974234092,-12.46035003867722,4.440190937065784,5.183379084054895,277.92334920101865,-11.794233476893435
GRB221211274,2022-12-11 06:34:54.472501+00:00,1.979,,2.04,1.0,0.8589558611803568,GRB5,GRB,152.52395179047826,4.034603977955271,3.548373343061286,58.876540314564586,3.130277077532753,2.530050792909755,152.81943523103735,57.97177679430476
GRB221215177,2022-12-15 04:14:28.304351+00:00,2.671,,2.83,1.0,0.9802822624125394,GRB5,GRB,123.32647070779215,15.648729775916207,17.74380914583422,51.24420024208014,7.84773321987015,7.595990702506825,124.80760932992662,50.992957596800345
GRB221216475,2022-12-16 11:24:05.559525+00:00,6.573,,8.21,1.0,0.999995419350618,GRB5,,321.074570468114,4.058762610943688,5.439348722152147,-15.486116385723385,6.6468696070694175,5.233216107663321,320.9514602788298,-16.059170009386442
GRB221219199,2022-12-19 04:45:52.951683+00:00,2.671,,3.45,0.9966167829727828,0.0390117848942221,GRB5,,33.20341526381572,33.79897626974809,25.14868696054552,73.92092470292913,5.367951662101092,7.294277810604811,1.5664934267257482,78.02283978767419
GRB221221915,2022-12-21 21:57:43.841400+00:00,0.242,,0.25,1.0,0.0604707847626081,GRB6,GRB,113.84709143622923,15.268412840301522,8.595220965135994,3.222299784788057,6.326349160979903,5.312647264621536,109.19698307392528,1.9590720083426056
GRB221221944,2022-12-21 22:39:33.940414+00:00,2.671,,4.0,1.0,0.0466024887516101,GRB5,GRB,75.13957572875626,6.353190849714409,3.2661997441224173,60.88707880726263,1.760899524683822,3.6668488168306297,75.55958779133894,62.57088704952129
GRB221223997,2022-12-23 23:56:06.784341+00:00,0.098,,0.1,1.0,0.281990333708163,GRB5,GRB,345.6913730069898,3.259168590971683,3.184707343050377,-8.198143421901541,5.3153342066552245,5.761234727821563,344.29702951468414,-6.616790851272986
GRB221226871,2022-12-26 20:54:20.471613+00:00,0.327,,0.42,1.0,,GRB3,DISTPAR,294.5826248617255,3.750339311022117,3.7535530663635086,13.761299155512988,4.913883367177391,4.131454291670465,294.9345083171631,12.74214270683376
GRB221226945,2022-12-26 22:41:21.438251+00:00,2.671,,2.44,1.0,,GRB5,GRB,21.69260667532977,4.668432628955053,4.203105200957275,-45.68744916503893,2.349710112255721,2.166443234558315,21.6128376457542,-46.275858644729865
GRB221229905,2022-12-29 21:43:39.699515+00:00,0.242,,0.25,1.0,0.0010568471994918,GRB5,UNCERT,93.15313879391572,76.34811872127925,60.11986552618639,-80.462354958557,5.9915457446829805,4.356872649322924,27.18613794004536,-83.97359507495962
GRB230102015,2023-01-02 00:22:13.015912+00:00,0.133,,0.13,1.0,1.0,GRB6,GRB,281.4933660898462,2.8753906517011387,3.763667675191925,-40.53302370980664,2.725203969700722,2.072526099591748,281.7740850344802,-41.85890277500132
GRB230107094,2023-01-07 02:14:46.818210+00:00,0.804,,0.8,0.9979479780286584,0.1608438083733185,GRB5,,198.69327403977528,5.172851754874642,4.824345051885615,-15.039442729116637,9.858248601963968,6.195446555916735,197.68287408419988,-18.9244492831795
GRB230110649,2023-01-10 15:34:10.868178+00:00,3.606,,3.94,1.0,0.0393437917169925,GRB5,GRB,198.8904759421207,0.9415922725170844,1.3228008705059722,38.892749040759,1.7892136595578163,1.661796568392134,199.33141940211272,39.41729384413084
GRB230111797,2023-01-11 19:07:43.360214+00:00,2.671,,3.12,1.0,0.2762711848798302,GRB5,GRB,312.14838810866684,5.043585524159994,4.674720159467142,-24.480878514749605,3.889343281534746,4.18653368210326,312.6622934970029,-23.87145627197844
GRB230116374,2023-01-16 08:59:06.693191+00:00,0.073,,0.07,1.0,,GRB2,GRB,128.48654234488123,1.7094342031609528,1.5810388822479666,-31.566870592491743,0.7520691144443106,1.0438427060818682,127.76296697780803,-31.593591757365395
GRB230116576,2023-01-16 13:48:46.549716+00:00,1.466,,2.19,0.9999987925797676,0.1699645871873769,GRB5,GRB,304.8383971597459,3.091481204641866,3.1341126518091755,73.2483438175598,1.158368944423643,1.2017176065926236,304.52182955676113,73.83648438768944
GRB230118996,2023-01-18 23:54:13.034581+00:00,2.671,,2.69,1.0,0.0384181975429137,GRB5,GRB,337.76863627953395,4.60389208810966,4.588438677154613,14.309499336018522,5.11762757551535,5.059632948104461,337.80467378104777,13.882838696981803
GRB230119980,2023-01-19 23:31:05.877204+00:00,0.441,,0.42,0.9942448442323126,0.2813974797352734,GRB5,UNCERT,339.2415689113696,9.661012867752618,11.88906899162373,-17.000083928458558,10.39766929064363,12.392338878455238,340.7379611848141,-17.30379360304234
GRB230121886,2023-01-21 21:16:16.555831+00:00,6.573,,6.54,0.9401170173325482,0.2752479437421712,GRB5,,134.13821168271332,8.533117304771395,11.076592331912993,59.32682508766632,3.754974789651257,6.3496446264394,134.24386173959175,62.87165899208914
GRB230128618,2023-01-28 14:49:25.329563+00:00,6.573,,6.93,0.9327040500063516,0.0172067540047373,GRB1,,63.79120464030439,3.3881941869938146,3.8411558709405824,0.8870860431265419,7.22117694433569,7.182532898952118,64.66433255397084,2.8597310773880835
GRB230129254,2023-01-29 06:05:21.463559+00:00,0.804,,0.89,1.0,0.0689324496174175,GRB5,GRB,125.7266537581171,4.90722090296461,3.506669227340126,19.42666130175222,2.8693897286844816,2.748686568828173,125.76703011634146,19.799380472355985
GRB230129542,2023-01-29 13:00:28.834078+00:00,6.573,,7.33,1.0,0.1429918404811827,GRB5,GRB,219.4886002416528,1.9824665264310968,1.9468812826952444,14.53101903668384,2.02827542950924,1.7800033115682758,219.7422570488292,14.560936906370776
GRB230129546,2023-01-29 13:06:42.965084+00:00,3.606,,3.74,0.9999974752266316,0.2853855669499752,GRB3,,339.211726598804,7.55100887309635,7.538660755419926,47.51171609450988,3.023828340976486,3.872869355614405,342.1296575053648,48.414232582453785
GRB230130204,2023-01-30 04:53:49.113623+00:00,1.086,,1.04,1.0,0.0027852014474139,GRB5,GRB,200.83057958468973,5.802734613745855,6.56720190917622,59.33809858268853,3.042386224270296,3.6306980581302,202.36342410658352,59.94534155251148
GRB230130308,2023-01-30 07:24:04.066220+00:00,6.573,,8.21,0.9999748130158926,0.0401645305786676,GRB1,,131.70747341786284,58.76651415744016,42.76814654883268,67.51985682087448,6.421213904127484,23.7897988820842,93.51933453610856,70.7891611586881
GRB230201236,2023-02-01 05:39:33.358781+00:00,0.441,,0.37,1.0,0.5590287491325775,GRB5,GRB,351.94045771250853,5.195889040558313,4.459057550584362,38.56013963560705,3.1780215356904407,2.6424826181776595,350.0675013685791,38.03625815714557
GRB230203964,2023-02-03 23:07:44.744008+00:00,0.327,,0.38,0.9941571610918022,,GRB5,,276.0766443961986,6.866032052014191,10.556548589907097,30.59217221358412,5.060112398247838,4.503886705677015,278.37789167631024,28.697813524899885
GRB230204130,2023-02-04 03:06:30.422672+00:00,0.098,,0.09,1.0,0.5340223062141213,GRB5,GRB,333.88160023485096,9.456146335883943,6.468396587541406,-46.48551409115086,6.588304735071027,5.782804924307243,330.3912633612123,-47.50399354671939
GRB230208382,2023-02-08 09:10:08.916779+00:00,0.073,,0.07,1.0,0.1399486720123944,GRB5,TRANSNT,131.54760334757876,10.18039328953492,10.141401273602838,34.224814614405275,8.311350996684837,7.772783168080075,131.30437457013903,32.3189925787509
GRB230210260,2023-02-10 06:14:06.362946+00:00,6.573,,5.5200000000000005,0.9999955625315248,0.2522266806376675,GRB5,GRB,311.66910046102726,15.938250090887609,24.45177955341819,68.1102314093129,4.520897066780279,6.230491729571753,316.8881194677394,68.3590047030116
GRB230216617,2023-02-16 14:48:35.530852+00:00,1.466,,2.1,0.999104682571076,0.9832254478069176,GRB3,,120.12902917230294,6.466307006025929,7.44587061170408,-18.722802133671696,6.946343578801864,7.08430994600587,120.5982852424076,-18.41924621982629
GRB230222404,2023-02-22 09:41:51.690200+00:00,6.573,,6.93,0.959194599564969,,GRB5,GRB,287.90493752765667,3.6237274085058857,3.641333305783462,-27.03263650430647,2.8411303436695547,2.84235130543458,289.45629522335173,-28.1277331504149
GRB230227432,2023-02-27 10:22:06.064919+00:00,6.573,,8.21,1.0,,GRB1,GRB,30.675982157904084,2.7770563931169896,3.792054375397246,-27.055502938239783,3.448276546403076,3.378097043710685,31.054943819416177,-28.13994225875063
GRB230228244,2023-02-28 05:50:50.972068+00:00,1.086,,1.56,1.0,,GRB5,GRB,19.97423782822503,5.788070866531044,6.287189185533276,49.137060278503455,3.46240008008229,5.394269830175865,21.75157689664658,50.22896178525683
GRB230301278,2023-03-01 06:40:11.670725+00:00,6.573,,8.21,0.9999987925797676,,GRB5,GRB,325.1494618306926,7.51030766079208,5.333546086363242,72.63598127702603,1.750914553600495,1.914885730281896,322.239963957758,72.82523138498131
GRB230301687,2023-03-01 16:28:43.067520+00:00,0.327,,0.41,0.999994001085531,0.0971076297491934,GRB6,GRB,76.57933435243226,4.551980121659383,4.151765815830657,-13.733969017270988,5.992984322421526,10.4872917580808,77.79431405578151,-9.300447016733044
GRB230304918,2023-03-04 22:01:42.214283+00:00,6.573,,7.76,1.0,0.2773911778600786,GRB3,GRB,283.509264457996,2.501614370583184,3.029024787444428,-3.890362869650137,3.815526631248624,3.6916241341153593,283.48256388789264,-3.8622194274584256
GRB230304968,2023-03-04 23:13:55.395109+00:00,6.573,,6.54,0.989886247331222,,GRB5,,136.69810327524308,13.753182986996704,12.94811388813703,32.30483506833126,9.827975422668992,10.018318005072096,131.33824195834737,29.202609365694325
GRB230305052,2023-03-05 01:15:15.626870+00:00,1.466,,2.19,0.9999987925797676,,GRB5,GRB,26.045590020326536,3.1578904823060903,3.106434319387158,1.1624383809651468,2.8034443555642,2.548345617184125,26.615471026095104,0.2512636988260404
GRB230305570,2023-03-05 13:40:31.819142+00:00,6.573,,8.21,1.0,0.1204065513119081,GRB5,GRB,46.68323540335537,1.681522769460173,3.09766124375303,-6.635284496368719,1.248209882569359,1.3233999617613428,48.04674785576472,-6.138040133777089
GRB230306673,2023-03-06 16:09:01.407857+00:00,0.073,,0.07,0.999998789580674,0.2580574676429048,GRB5,GRB,175.19808581308612,24.162463132994134,18.2582883160122,-36.9140604631191,8.7448372775318,8.763746962555935,168.3618404789204,-38.19818345886991
GRB230308564,2023-03-08 13:32:27.604052+00:00,0.441,,0.46,1.0,0.2202380894103488,GRB6,GRB,98.82051779401334,0.8992361062797158,1.1178503103497093,69.32734305673516,0.9828961632264566,1.0029816455571847,98.83535997843528,69.40582874366683
GRB230309228,2023-03-09 05:28:21.708775+00:00,2.671,,3.81,0.9703358018903204,,GRB1,,186.89779889130955,2.9296053283120216,2.565903257106584,9.423351613050102,2.228231670551136,2.357761188036953,186.5212448873432,9.219344405824511
GRB230310031,2023-03-10 00:45:02.900056+00:00,6.573,,7.76,1.0,0.983394040951254,GRB3,GRB,265.3851477297427,2.8862466571429195,3.0050214846597214,-25.962148614591506,3.333442399995871,3.2690035221469884,264.743076671764,-26.69886246614582
GRB230312812,2023-03-12 19:29:30.948069+00:00,6.573,,8.21,1.0,0.2449179784638728,GRB5,GRB,332.8379572686796,2.855318986450982,2.820426419119088,2.3250667606796704,3.76021701218543,3.971953438554405,332.47743029477454,2.301080503319577
GRB230313485,2023-03-13 11:38:46.169706+00:00,6.573,,6.93,1.0,0.9834277886305928,GRB5,GRB,211.66055991698,0.7568859674097439,1.6524793593687264,43.85459038575674,1.1669459697620894,0.9601544507507356,212.0861692452199,43.444507045857705
GRB230314119,2023-03-14 02:51:25.381291+00:00,3.606,,3.74,1.0,,GRB5,GRB,242.02409184934103,5.898460998235692,6.000756422808223,74.22259525762112,2.7890637000038936,2.2381237976754136,244.73834701651924,73.4616399373935
GRB230316546,2023-03-16 13:06:36.563029+00:00,6.573,,8.21,1.0,,GRB5,GRB,273.64027001652414,1.2724226206456706,2.301236323564808,-63.41129507390794,1.6290450803219088,1.339079632306671,274.0342675855501,-64.08096383406573
GRB230320884,2023-03-20 21:12:28.336904+00:00,3.606,,5.4,1.0,0.9834277886305928,GRB3,GRB,14.86764336471663,2.69520281934013,2.890538995909713,65.30081761882946,0.91865862687915,0.9711229466372516,15.99735483639633,65.14595561944238
GRB230320949,2023-03-20 22:46:06.060300+00:00,0.441,,0.3,1.0,0.1697933414904301,GRB5,GRB,238.7951930963248,10.132104031321944,8.4859927872875,-30.631842396557275,7.319013238053021,7.093298614660419,236.5468604606443,-28.41378507421989
GRB230321182,2023-03-21 04:22:12.788057+00:00,2.671,,4.0,0.9713409555555764,0.2473185531537362,GRB5,GRB,59.23021417623931,2.1661224289606267,2.2796852333033115,31.83161293821549,1.5818054577336866,1.541228154602727,59.23633991552045,31.45685674655865
GRB230324217,2023-03-24 05:12:17.554457+00:00,4.869,,5.11,1.0,0.0165143132406806,GRB1,,268.4620170901997,4.991148029133228,4.252793838972366,22.58151091309853,2.049044134483662,1.815389837300927,266.98596487630226,22.26552583804989
GRB230326968,2023-03-26 23:13:52.363428+00:00,6.573,,7.33,0.9826512857482432,0.0012449100644265,GRB6,,258.73347966967094,7.624874205180163,7.245486416876645,-44.27447605167424,8.659258410186013,8.539922158701508,257.76296570676527,-40.986413957465686
GRB230328232,2023-03-28 05:33:40.438262+00:00,1.466,,1.48,0.9999956706600188,0.2595459242374714,GRB3,,90.90638153985384,6.306253574373912,7.387325352259154,18.24196885629129,7.978572783974229,7.759495297158292,93.10213960154738,19.514311684805875
GRB230328562,2023-03-28 13:29:57.798019+00:00,6.573,,8.21,1.0,0.0992362474999449,GRB1,,39.02134487961581,5.790095774487938,5.892529458383301,-30.91169958178149,6.118127797138545,6.369121190932695,39.69943952873234,-31.750343094432715
GRB230330018,2023-03-30 00:26:03.443355+00:00,6.573,,6.54,1.0,0.0990447399089712,GRB5,GRB,36.07978497106932,5.854963163787062,6.108579878706177,-41.3290766149398,4.723551651192643,4.888154179218248,36.277610513819454,-38.36544910835517
GRB230406722,2023-04-06 17:19:39.123159+00:00,0.003,6.0,0.003,0.9178547489327072,0.2856640453598224,GRB2,,246.82411472024552,11.408223415036844,16.592607131197553,-34.90998580878782,15.00853645895474,9.70177667393149,248.62388259697656,-39.79473852679111
GRB230408442,2023-04-08 10:35:46.078174+00:00,3.606,,1.99,1.0,0.081619287949561,GRB5,GRB,268.44890402160604,4.152785212020206,3.404257507545765,7.044936639104704,3.544162954628693,3.732256102927495,267.1020226977963,6.259609490354514
GRB230409034,2023-04-09 00:48:17.206008+00:00,6.573,,7.76,1.0,0.0718570259445231,GRB5,GRB,325.40997325378294,1.9230554721597173,1.848627453732263,23.404563855585565,1.8055622927647648,1.7276343259399989,324.9107790417556,22.84911883350476
GRB230414334,2023-04-14 08:00:49.003496+00:00,0.073,,0.07,1.0,0.2788873117830304,GRB5,GRB,207.1000965150077,2.549563215522795,2.4086440802876723,-9.645008476311686,1.9476062705559736,2.625063846804885,206.60912932852165,-9.779220539465584
GRB230415474,2023-04-15 11:21:58.937320+00:00,0.073,,0.07,1.0,0.8890203666592893,GRB5,GRB,150.1666230206726,19.87572076718658,65.7416864180533,-46.69014371029311,32.642161106113186,28.82808768066635,168.92541100015288,-73.91598048481323
GRB230419568,2023-04-19 13:37:43.408399+00:00,0.133,,0.13,1.0,0.0356872537124806,GRB5,GRB,289.87814679116605,5.162356185781846,4.483012691545355,-12.395544802916575,3.3213130600685083,3.728158658512257,288.17743560576827,-12.739583313375146
GRB230421405,2023-04-21 09:42:46.718694+00:00,1.086,,1.62,1.0,0.9834277886305928,GRB5,GRB,41.27552635616334,3.701974766922597,3.9816934049376727,2.0636191353113955,2.782876986249185,3.711883275726416,40.91508677580561,2.490885071213036
GRB230424369,2023-04-24 08:50:52.712117+00:00,1.086,,1.62,0.9961191495453466,0.0033954913445673,GRB5,,351.2573324919738,4.923066858177663,5.094876688671832,-35.598712434838845,5.807300696382079,5.565385360291188,350.8015535992434,-35.15252261227532
GRB230425230,2023-04-25 05:30:39.357589+00:00,0.03,,0.03,1.0,0.274314653182952,GRB2,GRB,152.41486637872555,10.556997621393606,7.151104422211347,-43.959523994572834,5.272799329592985,6.316123254645788,149.4084767048679,-42.17892636995201
GRB230428381,2023-04-28 09:08:58.174505+00:00,3.606,,4.62,1.0,0.0006657465504205,GRB5,GRB,18.79629026371417,25.148045616479152,12.791159416573436,-76.68010847271967,4.5769873931616445,5.526235377330039,8.9950069719248,-75.10723638417659
GRB230430196,2023-04-30 04:42:34.739358+00:00,1.979,,2.35,1.0,,GRB7,GRB,48.46914304136817,7.491396727729928,7.828423835323448,49.14511999166008,5.559747117841177,5.661784374550692,50.1792608160369,50.01169125777765
GRB230430325,2023-04-30 07:47:19.190231+00:00,1.466,,0.84,1.0,,GRB5,GRB,186.72871957804625,2.6035899946630536,2.435686520730542,36.21516149931095,2.8123341073078336,3.2603112865642743,184.91904154369155,37.244114584815634
GRB230505040,2023-05-05 00:58:07.063897+00:00,1.086,,0.23,0.9281910675863494,0.0800503531004328,GRB5,,166.8011503705315,127.64192200119412,119.6679401618085,-3.743802722573168,44.251200184879536,42.08709739614852,37.92928219236583,31.04573270968467
GRB230505478,2023-05-05 11:27:49.518244+00:00,3.606,,3.5500000000000003,0.9785475368634096,0.0807885172609633,GRB5,,304.5850535057966,9.753430117812968,6.718017051696336,-43.44605398303085,13.892040729287787,8.578759708071559,298.876239472812,-46.10560536758227
GRB230506531,2023-05-06 12:45:18.818779+00:00,0.016,14.0,0.018,1.0,,GRB2,GRB,330.6139934980664,3.995919463411554,3.565741505905578,53.41708337387436,4.103046828694502,6.921918569885889,329.50486146827325,54.82112009910399
GRB230506715,2023-05-06 17:09:20.379993+00:00,2.671,,4.0,0.99707566544981,,GRB5,GRB,133.73367485601153,1.3543451691359394,1.3295905625923865,44.83588449715669,1.640222077373167,2.109893867257547,133.77069326866308,45.48205235041142
GRB230510893,2023-05-10 21:25:55.367076+00:00,0.596,,0.8300000000000001,0.9999987925797676,0.0003499128133419,GRB5,,4.864792064944565,5.062480138007176,3.3973977373523416,30.214574590234577,4.753604708015224,4.708536045132558,0.9155215994834572,30.46396739928588
GRB230511469,2023-05-11 11:15:04.904926+00:00,6.573,,6.93,1.0,0.2732616394802418,GRB5,GRB,148.51281745332972,3.707979747178001,2.8753496655798187,-14.70890282353068,4.587651463676504,6.333499324639151,148.13310195220703,-14.57485387778025
GRB230511802,2023-05-11 19:14:51.366527+00:00,1.466,,1.93,0.9973855868799364,0.2743530136661946,GRB5,,63.43393402588895,10.56297331901267,6.165944729479399,-2.8463111382769704,15.2599683119521,12.253443974775095,60.56863895233344,-3.644180120653605
GRB230511945,2023-05-11 22:40:17.870194+00:00,0.327,,0.32,0.9998748710604046,0.1881272954368237,GRB6,GRB,198.9552694051741,33.36387437178075,24.005991173296906,-66.53595831888387,39.83721059970599,9.759609840633315,181.4459322648591,-74.07207253436226
GRB230512269,2023-05-12 06:27:47.168290+00:00,3.606,,3.5500000000000003,1.0,0.8670485936323845,GRB6,GRB,298.1810099679984,0.6227360264214212,0.661331138274079,31.837252524328388,1.165255425802119,0.6805615938987444,298.389772131286,31.84592581885582
GRB230513929,2023-05-13 22:17:20.524592+00:00,6.573,,4.93,1.0,0.1431596772591516,GRB5,GRB,159.67165420777,4.543427317507593,4.308019312863905,34.07088769072218,2.997767259623892,3.6777251953173433,159.1593027321855,34.92977320835887
GRB230516743,2023-05-16 17:49:57.360700+00:00,6.573,,8.21,1.0,,GRB5,GRB,139.44511452197435,6.155962074272139,5.081081886188144,42.21184250915442,5.897434319868651,5.542360577696663,136.5932702219181,40.79869574688081
GRB230518951,2023-05-18 22:49:27.594930+00:00,0.242,,0.18,1.0,0.9834277886305928,GRB3,GRB,241.75332939368224,5.644182453640184,5.213179885746854,-37.746352486717065,12.17135139330714,8.104299975392927,242.05555039508715,-41.45412904233383
GRB230521211,2023-05-21 05:03:23.643486+00:00,0.242,,0.22,1.0,,GRB5,GRB,16.030373644535878,6.813181093309339,7.480872666431887,25.520965589981262,6.496162913055354,5.513534755417158,16.26048190127374,25.654225534210457
GRB230524357,2023-05-24 08:34:34.186820+00:00,2.671,,2.44,1.0,0.2940405607298494,GRB5,GRB,50.01007990581264,24.35213423020705,24.979977927653444,-83.49974169111066,3.786180585126417,3.0721883833053028,55.369348407554085,-84.91893355957922
GRB230525449,2023-05-25 10:46:08.322049+00:00,0.016,14.0,0.018,1.0,,GRB5,GRB,68.96599408463025,4.17392808640237,4.5655894332796265,67.74032975955606,1.3159631681666897,1.6414658805815918,70.6836935586354,67.99901171825232
GRB230606010,2023-06-06 00:14:39.114624+00:00,3.606,,3.74,1.0,,GRB5,GRB,165.70801468324171,2.7203678129110926,2.538634917626496,35.90805800974573,1.5966157471357008,1.4395432428479251,165.53176298328546,35.28776808139597
GRB230608468,2023-06-08 11:13:35.437249+00:00,4.869,,5.11,0.99895276227466,0.2737533985423949,GRB6,GRB,284.3463961937753,15.902902738362684,29.85409952530577,12.6328848331258,19.76157293490664,11.464627037016172,291.73848293419314,12.388357550132405
GRB230613373,2023-06-13 08:56:32.442056+00:00,4.869,,5.11,1.0,0.0825806324616404,GRB3,GRB,312.6268223034219,2.470242900411506,2.5706620997881373,52.55680737730982,1.3031254505791026,1.0963303300365936,311.8479001525536,51.65670311328695
GRB230613677,2023-06-13 16:15:17.635197+00:00,1.086,,1.08,0.9957867172604168,0.2449372006861511,GRB1,,228.5730167697418,5.8676470400254175,6.30697401614492,-19.77847877829196,5.10120973936532,4.783489082453851,228.6442824273956,-20.116225992025345
GRB230614009,2023-06-14 00:12:20.433216+00:00,6.573,,8.21,1.0,,GRB5,GRB,134.15166511892667,2.5191182655850923,2.336310359316599,21.00407923166524,1.9872555406486256,2.1549991372220134,133.17828959525016,21.31955346000456
GRB230614601,2023-06-14 14:26:00.765304+00:00,6.573,,6.93,1.0,0.9962507917115806,GRB3,,293.43976509536503,4.736376578830686,4.792211080084542,14.680688465751238,5.084616803780033,4.609456480439659,293.1632219749428,13.967255667948384
GRB230622734,2023-06-22 17:36:16.018012+00:00,6.573,,7.76,0.9999974752266316,0.3816429620015099,GRB3,,282.69354890984266,10.713941318248487,11.233113686456475,23.62193583924759,10.956146504578877,11.612286263356324,284.172412916731,24.910256122163226
GRB230623235,2023-06-23 05:38:13.527724+00:00,6.573,,8.21,1.0,0.004309266684859,GRB5,,53.95408741113248,5.927785973121424,7.164338244065995,3.798906791423813,3.52413494113786,3.912142771331963,54.69308028957499,4.89746654118227
GRB230625767,2023-06-25 18:24:14.947514+00:00,6.573,,8.21,1.0,0.0051456385180285,GRB5,GRB,317.34236934327583,4.069849173837667,2.858202894652891,-22.579638023722914,3.2471798847920468,3.216109447908288,317.1646750603519,-22.47111265271668
GRB230628233,2023-06-28 05:35:35.990368+00:00,0.179,,0.17,0.990590533818784,0.2029986896230315,GRB5,GRB,138.27374214089707,12.542391631773228,9.124644069808426,3.83634244565804,7.947964811463191,9.787968343252524,134.34579816243593,3.571534619375868
GRB230628849,2023-06-28 20:22:43.606594+00:00,6.573,,8.21,1.0,0.2735878518770312,GRB5,GRB,173.68123020831746,0.7912581155668477,1.2182895266522564,11.322973448330076,0.6379457674536297,0.9765487857404248,173.70458867959803,11.568159268510977
GRB230701025,2023-07-01 00:36:40.179593+00:00,6.573,,6.54,0.9947656287201008,0.0443682775236088,GRB6,GRB,276.19131988842645,9.614497110405352,8.75888339190476,65.23491114154663,3.752024101292761,5.463724683391519,274.9893142841221,68.00892044025463
GRB230701948,2023-07-01 22:44:39.659614+00:00,1.086,,1.62,1.0,0.2110254130760301,GRB5,GRB,108.03140734099092,1.6280182571968709,1.6558367190140473,45.6043859896997,1.580105227933167,1.6844856969249946,108.8787533445207,45.95947840082438
GRB230702527,2023-07-02 12:38:53.998785+00:00,1.086,,1.62,1.0,0.0003575418869635,GRB5,GRB,91.60794849948893,1.218359172562984,1.461620960699733,-27.80210021428876,1.09523891173707,0.8792943742805299,91.7445403393481,-27.84276733906632
GRB230704821,2023-07-04 19:42:16.459275+00:00,6.573,,8.21,1.0,0.0199063444582372,GRB3,GRB,212.7223855512544,3.6022868596933506,2.744927205279936,-58.04092069472833,2.270615766020832,2.27363716090084,212.0596268170035,-57.733602731323614
GRB230707141,2023-07-07 03:23:03.543033+00:00,2.671,,4.0,1.0,0.8842798010389585,GRB5,GRB,173.65552026557333,1.209743873904074,1.3510235559692774,-15.821230784646314,1.3628116998707045,1.0432532724004666,173.60741294449298,-16.29044528632644
GRB230708504,2023-07-08 12:05:03.576721+00:00,0.04,,0.05,0.9999912905410144,,GRB2,,247.06384968442325,32.98424306778736,20.51680900871233,-37.086367898202425,26.651464866342984,17.683330202836302,233.06446502691568,-48.63793908089763
GRB230709735,2023-07-09 17:38:27.368969+00:00,3.606,,1.18,1.0,0.0004179056167135,GRB6,GRB,281.8515362141054,2.783675024934098,2.5131708969591955,-63.68739900322451,1.840117946793541,1.4942764343156938,282.13401224840425,-64.49539433150238
GRB230709813,2023-07-09 19:30:56.866766+00:00,6.573,,8.21,1.0,0.1879044704996333,GRB1,,239.75857365812047,1.0408749133558215,1.1775702350154231,-8.428652050524502,1.825087443304364,1.7807935592283943,240.03571264519903,-8.941559741680404
GRB230710680,2023-07-10 16:19:08.938131+00:00,6.573,,6.18,0.9984965585728198,0.003951024209776,GRB5,,48.99761282623695,9.29882240244693,7.438253513400582,11.396974166792315,6.8917716938559455,5.810560851470507,44.08865575962969,11.45512848296921
GRB230712027,2023-07-12 00:39:13.141173+00:00,0.179,,0.15,0.9999974403033745,0.5107907671332567,GRB5,GRB,218.59227326731272,27.129986625591783,87.76361461215444,50.30143413006848,8.526471402446745,45.22639458228259,238.81155578408027,54.64116498945881
GRB230712030,2023-07-12 00:42:55.081800+00:00,0.596,,0.59,1.0,0.999995419350618,GRB6,,168.79259598012067,8.888386432814059,7.575732160359337,19.564254641294365,8.626129584016372,11.35950528468363,167.798714547099,18.389990448579947
GRB230715072,2023-07-15 01:43:16.028717+00:00,2.671,,3.62,1.0,0.1070033341153371,GRB5,GRB,123.127120897528,4.749589654349776,4.872091067303913,47.87528604728649,3.566472303851121,3.7368727170965528,121.47138839171828,48.29224641867761
GRB230717117,2023-07-17 02:49:08.764053+00:00,2.671,,4.0,0.9410238244733738,0.0741150350557279,GRB5,GRB,116.42713612574924,9.812146767897277,10.62480350174802,32.075008444963586,8.640900131080159,9.01961065660732,116.83094412616072,31.81688460886474
GRB230718188,2023-07-18 04:30:03.599084+00:00,6.573,,6.54,0.9207654531121048,0.0359889066902861,GRB5,GRB,184.05243774652547,14.900915683352054,15.358200500763331,43.20519700419288,7.120335152427742,7.565642815335309,176.65398851024764,42.50137773922546
GRB230723194,2023-07-23 04:38:43.559333+00:00,0.596,,0.5700000000000001,1.0,0.0228171761176022,GRB6,GRB,16.872802351324275,6.428329795670965,5.510934262099978,-69.2741701276142,2.31562673619841,2.565886241173189,14.218815866830198,-69.46823117122969
GRB230723488,2023-07-23 11:42:35.780289+00:00,6.573,,6.54,1.0,,GRB5,GRB,249.7829569731666,1.1095834282700991,0.8826425871447157,-8.436858681840139,1.264649792787251,1.5123689845802577,249.51486104378563,-8.437066310207218
GRB230724049,2023-07-24 01:10:29.373398+00:00,0.133,,0.12,0.9999987925797676,0.2730075155625757,GRB5,GRB,270.61530334551014,10.617717962243148,12.511201687475875,-41.88813873390997,8.706625814928223,10.60960625697394,272.3182387106137,-42.58264226341037
GRB230725439,2023-07-25 10:32:50.977699+00:00,0.327,,0.31,1.0,0.2743068482884913,GRB5,GRB,214.0560045244005,1.8204164588977108,1.8515896956342035,0.8694037860369973,3.130555460117621,3.3544769910033185,214.76037069000472,1.2918595907870216
GRB230727461,2023-07-27 11:03:18.354410+00:00,6.573,,6.93,1.0,0.3102209211844041,GRB3,GRB,340.1287788918448,3.7719864938189858,7.285704866986919,67.10440528144433,2.2033257156902835,1.102180346025179,340.3499586385555,66.25976628587952
GRB230728118,2023-07-28 02:50:06.469824+00:00,6.573,,6.54,1.0,,GRB5,GRB,339.28532375111405,2.3024832964123902,2.2114822339837588,28.95125004411756,1.8397969856563243,1.957534919622958,338.8167726366711,29.57132376377845
GRB230731676,2023-07-31 16:14:09.417287+00:00,1.086,,1.08,1.0,,GRB5,TGF,349.20603826957256,5.882047015852777,6.249711176941105,-19.0220454285877,6.199999639199488,6.47164085290644,349.9617963698212,-19.01475798118645
GRB230802285,2023-08-02 06:50:27.072158+00:00,2.671,,4.0,0.9999972962910292,,GRB3,GRB,84.37902300895757,3.192427004524916,2.8760818569005835,24.25091912902646,2.147286979246616,2.134986342306835,84.23322179150685,24.04390480555955
GRB230802935,2023-08-02 22:26:21.056735+00:00,1.466,,1.48,1.0,0.0309509535222664,GRB1,,36.52234827166433,2.3727983563264985,2.200399306068072,-4.391891550398649,2.3658336679061893,2.3722574622374832,35.96311121686337,-4.465712057286129
GRB230802999,2023-08-02 23:58:48.350670+00:00,1.979,,2.96,1.0,0.1197252976645027,GRB5,GRB,23.883453771694985,1.5104703994888062,1.2892931776048435,5.431637286721031,1.77629229562379,1.7343125787525766,23.37862307819177,4.95606539099697
GRB230803061,2023-08-03 01:27:08.579978+00:00,0.596,,0.89,0.967652076392232,0.2743806150693256,GRB3,GRB,160.09192829375175,4.515961482168223,5.05924870535631,-62.04382863712019,2.443189807248608,2.4798723489529024,160.1429203239727,-62.14482490482257
GRB230803062,2023-08-03 01:29:06.880296+00:00,6.573,,6.54,1.0,0.0297804819335197,GRB3,GRB,152.56200061569274,0.8693121751044828,0.7692662625920264,-65.05240053272755,0.5924732664637418,0.6056865601080546,152.31790416283408,-64.65892892759912
GRB230803977,2023-08-03 23:27:22.687218+00:00,6.573,,8.21,1.0,,GRB5,GRB,54.59493482050375,2.1067327068541246,2.222580039724022,-39.04510668798268,2.364250253335221,2.923005399385495,53.52353011727064,-38.56176599164597
GRB230804277,2023-08-04 06:38:56.142313+00:00,1.466,,1.36,0.9994804328596908,0.0932527739485101,GRB3,GRB,190.3535666488927,5.194396348154697,5.458518164680783,-62.248849826068415,3.0002085294294574,2.887762072101502,190.76981845159364,-62.17894371508211
GRB230805475,2023-08-05 11:23:33.606107+00:00,0.098,,0.14,1.0,,GRB6,GRB,185.32851550736228,10.688450640375407,11.451520357087134,35.26452386552242,6.07906995393995,7.496909284823072,183.2976966349997,36.350394838673736
GRB230805684,2023-08-05 16:25:10.809484+00:00,0.098,,0.11,1.0,,GRB3,GRB,84.16314882135255,11.555708005050178,10.088198161812926,55.78771178291019,6.5875758928834,6.23817090187832,78.10769369677149,54.14358560536443
GRB230806168,2023-08-06 04:02:32.263096+00:00,0.327,,0.31,1.0,0.0139237647941702,GRB5,GRB,45.951536303315365,6.718264508489952,5.405164437675772,-1.7597630983391497,7.23457183613792,8.39302798835908,43.11562701439762,1.8550480403485992
GRB230806217,2023-08-06 05:13:09.325000+00:00,2.671,,3.45,1.0,0.1030433037936412,GRB5,GRB,62.936996227377534,1.3135573590522256,1.0888390338154323,22.08615315053533,1.3824458209011468,1.1344654886478196,62.81503282288968,22.329451712056155
GRB230808151,2023-08-08 03:37:37.351053+00:00,1.086,,1.22,0.9999908049147016,,GRB1,,314.1074341668399,4.231090645669042,4.062314356269951,-43.40582255207735,3.547050939093495,3.6376622558054654,312.7286006301051,-42.75456111014771
GRB230808451,2023-08-08 10:49:42.759605+00:00,6.573,,8.21,1.0,,GRB5,GRB,92.71861534063838,6.031382300582308,6.4055007774835815,63.235742039231184,2.796650262554323,2.7153304769370834,95.6197269201324,62.99017523847293
GRB230808699,2023-08-08 16:46:17.929632+00:00,6.573,,8.21,1.0,0.0882781796107998,GRB5,GRB,201.99576672496312,1.821914708576884,1.8246677396859925,-26.49534003944124,1.1809189337272985,1.414993067672352,201.27845924496205,-26.63915919344297
GRB230815752,2023-08-15 18:02:23.968051+00:00,0.004,1.0,0.005,0.9324792993080436,0.0607926464224091,GRB2,,131.66606625299772,71.45604293021796,56.13707677749069,12.159936223777253,29.84211959010252,33.32501350483069,88.37870894978266,14.095605695400614
GRB230818978,2023-08-18 23:27:39.235709+00:00,6.573,,6.54,1.0,,GRB3,GRB,291.72125657318253,2.4373040748603216,2.176473327991687,35.52304761475272,1.702535327355989,1.6916346069307977,290.6576212546185,35.28007098184987
GRB230822992,2023-08-22 23:48:53.130542+00:00,1.086,,1.22,0.9999987925797676,0.942515453950351,GRB5,GRB,141.70401050331515,8.100465347724139,9.050796288087696,17.614206872324928,11.52864322388946,14.65735598326103,141.04640569690736,21.46441294518356
GRB230830792,2023-08-30 19:01:09.962105+00:00,2.671,,2.83,1.0,0.0615161487622788,GRB5,GRB,303.96681071880494,3.3633576509367344,3.184655606615422,5.663439658422199,1.7395633139804918,1.8540852310739884,302.4386047997084,5.332456539357706
GRB230903724,2023-09-03 17:22:57.097756+00:00,1.086,,1.62,0.9684811479128228,0.9962507917115806,GRB5,GRB,352.6436040055571,4.601392293780918,6.670875496637279,-24.74904409827928,7.409412010755169,6.627726077053822,353.4810618292909,-23.94271438075436
GRB230904347,2023-09-04 08:19:31.320814+00:00,0.007,6.0,0.009,1.0,0.1888442948005882,GRB2,GRB,278.1449931086486,6.88308612310783,4.736568395084873,-12.673550923973847,5.692482487336283,5.143655826311177,276.0305394606183,-14.86193373366082
GRB230904853,2023-09-04 20:28:02.509189+00:00,1.086,,1.62,1.0,0.2610845108285278,GRB5,GRB,120.70834454001567,8.733333945139293,8.87992912108767,65.35655742718035,6.346934481082897,7.521455456945503,122.77249723362198,71.12058202949291
GRB230905656,2023-09-05 15:44:59.800477+00:00,0.179,,0.2,1.0,0.2475052200984634,GRB5,GRB,172.93044352265758,5.1770983212112185,5.27380476025013,-15.31627848266284,6.013527161838882,5.416055307300548,172.15738719117468,-15.244234624731574
GRB230906402,2023-09-06 09:39:17.791443+00:00,0.242,,0.25,1.0,0.3596194485590147,GRB5,,172.6696131077036,4.291036809440357,4.411790245432542,5.083705538907788,5.6137281338408656,5.129158201407301,171.24718550016007,4.842962979975701
GRB230906538,2023-09-06 12:55:07.841801+00:00,0.073,,0.09,1.0,0.0736131031434392,GRB6,GRB,82.35309311787353,0.5341559791110484,0.5775182667370728,-49.6444660600285,2.775189675201524,1.357743926005071,82.78789691005541,-50.50292882336285
GRB230910125,2023-09-10 03:00:02.583170+00:00,6.573,,6.54,1.0,,GRB3,GRB,55.05727153211304,2.343256280630058,2.4134207410195074,49.16848658930445,1.8099566073391744,1.6960408950304924,54.60093827637517,49.63095553639417
GRB230911132,2023-09-11 03:09:35.156541+00:00,2.671,,4.0,0.9999994870134938,,GRB5,GRB,54.321499188058304,3.144646511433706,2.972875145489496,-31.011539953542048,2.644778089333641,2.51673966825274,54.43960634954303,-31.04272037877403
GRB230911185,2023-09-11 04:25:56.379478+00:00,6.573,,8.21,1.0,,GRB5,GRB,357.84755474238824,1.4581214333529149,4.4972828427384,-55.49170079981721,0.935913748993272,0.9260611718705364,359.4527164117628,-55.46915145768519
GRB230911686,2023-09-11 16:28:28.379628+00:00,2.671,,3.12,1.0,,GRB1,GRB,37.63930356357931,4.556974864235173,4.150143985007162,-14.446637060738812,3.689490233067133,3.2867970663401564,36.785420827487584,-14.986134570223893
GRB230913092,2023-09-13 02:12:17.476445+00:00,6.573,,8.21,1.0,,GRB1,,232.67838687205605,4.68103584742164,4.429488443746777,58.848196112139085,3.122294628962472,3.0855541999981853,231.36335291295137,57.661293414271
GRB230913474,2023-09-13 11:22:05.909843+00:00,6.573,,8.21,0.998537980588701,0.16749526851435,GRB5,UNCERT,330.6573744313314,5.146840294227559,5.200818883729369,13.528288669833952,5.177331409610723,5.29184492221864,330.84058308687867,15.361804589460158
GRB230914221,2023-09-14 05:18:55.076370+00:00,6.573,,7.33,0.9456655340702566,5.335357166961559e-05,GRB3,,125.00721779837892,14.226184387059376,10.924294275051992,-33.207409817981684,18.061404021048205,17.564922964237404,120.59149593542288,-36.43001485461291
GRB230916144,2023-09-16 03:27:45.227441+00:00,6.573,,8.21,0.9802126400575176,0.2438595643652342,GRB1,GRB,122.53458476966934,2.727821214553572,2.2766234758383064,33.44079592049075,3.8064080990960094,3.439935538179487,122.18168999843968,32.94908384553668
GRB230918412,2023-09-18 09:52:36.460890+00:00,0.073,,0.09,1.0,0.2948378124648951,GRB5,GRB,186.4440261030195,25.44343796100821,9.880003883434142,-13.10953509749678,13.14297158067763,13.803893458286764,181.62600195640167,-17.649079662954332
GRB230918997,2023-09-18 23:55:17.163050+00:00,6.573,,8.21,1.0,0.0394446641443023,GRB5,GRB,314.132883818436,6.14828602623453,4.891496507926661,-48.03797471343104,2.535303569759371,2.2372766654440923,313.2009823420632,-47.75421349347174
GRB230919121,2023-09-19 02:53:56.271340+00:00,2.671,,4.0,1.0,0.1365248607757648,GRB1,,14.561317540326774,3.5371346979157874,3.2304804123971937,-39.24980866046437,3.117205403940908,3.1625945482206816,13.96406972355664,-40.58075042388786
GRB230919707,2023-09-19 16:58:24.441285+00:00,1.466,,1.42,1.0,0.9950911246556242,GRB7,GRB,56.42071293057074,2.0637119850669947,2.058061991907337,44.9903000699554,1.4735704116877812,1.5577093581812207,55.63113574335572,44.92152037640693
GRB230930917,2023-09-30 22:00:27.612833+00:00,6.573,,7.76,1.0,0.0552075663697548,GRB3,GRB,96.38201536394448,3.754488722264568,3.8549079065036977,-4.592976397939093,3.5220798332422096,3.604398909733426,97.46516677062282,-4.40093971575795
GRB231001015,2023-10-01 00:20:58.537394+00:00,4.869,,5.11,1.0,,GRB3,GRB,258.0063765586849,2.9506202644870427,3.649145557460088,-38.69559587659309,2.969270798078845,2.676845842970764,259.9266381517782,-38.67380231409151
GRB231004350,2023-10-04 08:23:36.000799+00:00,2.671,,2.56,1.0,0.0826688939861699,GRB5,GRB,61.62388495787895,2.5611733719497423,2.310104605874038,-13.558716333215246,2.900281890650115,2.6024919568269755,59.90429246755855,-15.771037084044476
GRB231009664,2023-10-09 15:56:51.271507+00:00,0.016,18.0,0.016,1.0,0.364903186145274,GRB5,,246.67475348842456,16.36710210880588,16.79916618376683,-61.24887068502831,7.830691412189587,8.087688909303353,249.30492410401737,-63.3178508696041
GRB231012231,2023-10-12 05:32:20.738903+00:00,0.441,,0.45,1.0,,GRB5,GRB,31.52917467886298,5.655726671528853,3.833087799503623,20.901872633827026,4.034186663612346,4.15324697310756,29.118642518149407,22.420253114510786
GRB231014102,2023-10-14 02:26:57.632658+00:00,6.573,,6.93,1.0,0.253353081317578,GRB5,GRB,92.29113023310852,8.070644412810623,10.211612116624297,-30.96732910869316,5.91929361181359,5.583693246309323,97.6917083333388,-31.375109934520072
GRB231017337,2023-10-17 08:05:03.893936+00:00,1.466,,1.42,1.0,0.9834277886305928,GRB5,GRB,78.60446100715191,3.7616433901529263,4.225105416530283,63.2330494640849,2.6438089443056327,2.7782177396953216,77.86074466131348,63.26239881647615
GRB231019715,2023-10-19 17:09:59.354784+00:00,2.671,,2.97,1.0,0.011853209443071,GRB5,GRB,344.6026369784932,3.7520997234176434,3.751515800135565,37.93549920242098,4.919069432863651,5.120050846326919,344.5969742389393,37.57364706264971
GRB231024556,2023-10-24 13:20:34.412341+00:00,0.133,,0.13,1.0,0.1789427465118361,GRB5,GRB,13.124669217355825,6.740649014040258,6.904395192795008,-17.12650935101061,6.827594320529318,8.09700294057815,14.02673481562196,-17.090964407242225
GRB231025283,2023-10-25 06:46:58.191272+00:00,6.573,,4.4,1.0,0.8614473295450977,GRB6,GRB,195.16776471251964,14.375860173639268,16.015642620834427,-49.02292925187608,9.76477350032063,9.295351302725608,197.2979262310107,-48.36219135844525
GRB231030005,2023-10-30 00:07:33.643244+00:00,1.086,,1.08,0.9999987918025004,0.2036309987249674,GRB5,GRB,57.02527909807781,23.22099965860888,20.627276505911013,74.99905193116794,5.413585291427253,6.253233446254001,59.01934606294393,77.61272173111638
GRB231030050,2023-10-30 01:12:22.700915+00:00,6.573,,6.54,0.9367406698935912,,GRB3,GRB,110.7076462144888,3.8021740072530577,4.086057115813432,-30.2655689981603,7.423122543961124,7.273606666744303,110.57931291262584,-32.129414789323604
GRB231031144,2023-10-31 03:27:22.146437+00:00,6.573,,7.33,1.0,0.1481080942838127,GRB5,GRB,65.48047361227016,3.85110851181625,3.3234567787664204,-51.12301459452501,2.4849794224093174,2.464637599193068,64.84076842869202,-51.06339417446368
GRB231101708,2023-11-01 16:58:52.252998+00:00,0.098,,0.08,0.9996810779930652,0.0436677114507578,GRB5,,211.1787697053137,15.689592764133153,14.012753991891003,-47.53463448342325,7.525057430955897,6.7328995168874215,212.4512267857295,-48.83071957619664
GRB231103612,2023-11-03 14:41:32.380069+00:00,6.573,,8.21,0.999998785037962,0.6534558041671771,GRB5,GRB,11.708659703618316,7.488791854026507,6.339430293214399,-59.53618674976764,2.7564426779206954,2.6527915376968707,9.629204291166186,-59.88049045718344
GRB231104966,2023-11-04 23:10:42.234531+00:00,6.573,,6.54,1.0,0.0059995591502634,GRB5,GRB,8.293853437579669,2.5881685227686493,2.72305733695246,-38.68442003733636,1.856966702807292,1.8853629026938488,8.823058425257603,-38.33813618678737
GRB231106981,2023-11-06 23:33:07.381493+00:00,1.086,,1.08,1.0,0.972376828802898,GRB5,GRB,124.10214940909994,4.117185134041918,4.237174835326556,63.57110113991048,3.2047134053969515,3.983075228162342,124.44253341503416,65.03758972277326
GRB231108877,2023-11-08 21:03:10.095064+00:00,2.671,,2.69,1.0,,GRB1,GRB,110.7077928016214,6.057024394592062,5.507705964372761,34.999356787537494,4.178452648849351,4.408056659942737,109.24063404456729,36.22041924441355
GRB231109274,2023-11-09 06:34:00.279334+00:00,6.573,,5.84,1.0,0.061657010857893,GRB5,GRB,184.2876727138907,3.726848007682605,3.8261827247243048,47.43007578335676,2.206026743983834,2.044189703618322,183.7115447279745,46.80615983807007
GRB231114388,2023-11-14 09:18:40.389536+00:00,0.098,,0.13,1.0,,GRB6,GRB,163.46304205517487,7.906715754919162,8.584439460926745,-39.44101190282307,6.067158902872421,6.551602351736079,163.0607805978999,-39.35100831166942
GRB231115001,2023-11-15 00:01:42.155417+00:00,2.671,,2.56,0.9709460008502117,0.6936900618676749,GRB5,,253.8099255458,6.847954311680979,5.122598409011744,-18.77479937308344,8.362049998438474,6.072920158459446,251.8383465190422,-22.632321396756858
GRB231115175,2023-11-15 04:12:36.883875+00:00,3.606,,3.5500000000000003,0.9981399438306756,0.3880474070385789,GRB1,,189.0297215971512,7.78573324250371,10.1845781772586,32.5229120312148,6.098979735530278,6.52478986866867,189.21136784944787,34.51617722902812
GRB231115650,2023-11-15 15:36:21.187249+00:00,0.022,11.0,0.032,1.0,0.9999490409331449,GRB5,GRB,118.10603411601268,8.21027024411417,13.722097634889051,57.3677711379404,2.1214465046343136,2.245596985096789,121.42482791852213,56.78788183932864
GRB231116403,2023-11-16 09:40:33.989407+00:00,4.869,,4.8500000000000005,1.0,0.0076691758441283,GRB5,GRB,18.806677782682243,4.653277188511595,4.85565560302773,-28.91868348392771,4.806724905117463,4.402788099323182,18.86571460653142,-29.20697172762658
GRB231118720,2023-11-18 17:16:32.470924+00:00,4.869,,4.6000000000000005,1.0,1.0,GRB5,GRB,3.7985732862140855,1.1406722907329463,1.1283965699593883,-51.44230112013669,1.2319860009638148,1.3275413545541213,3.441843415522409,-51.47472335367418
GRB231122531,2023-11-22 12:44:24.980644+00:00,2.671,,4.0,0.9994403739548814,0.09124756406173,GRB3,GRB,105.21267567982945,4.734539352978359,5.861335500263735,-5.544624293872664,7.900720248686944,5.39344538876481,107.89024820091448,-6.374488351533058
GRB231123114,2023-11-23 02:44:04.750983+00:00,1.466,,2.19,1.0,0.0001403939156796,GRB6,GRB,80.88422097966327,4.759156930204654,3.4875826705604425,-21.89420434663001,4.408700277671212,4.367200965131445,78.34997668560717,-22.68539135257242
GRB231123832,2023-11-23 19:58:25.362782+00:00,0.098,,0.1,1.0,0.9834277886305928,GRB6,GRB,192.37685260773847,18.318706634541822,12.844909700157046,53.378365754454975,5.890759339613233,6.016120264487945,185.69359552741645,51.503492092803214
GRB231126050,2023-11-26 01:12:24.035859+00:00,2.671,,4.0,1.0,,GRB5,GRB,280.6883939640163,4.601816969203867,5.595998725467894,25.34532467474993,5.659183450665648,5.446675754124993,280.87097618306694,24.632991089873578
GRB231128452,2023-11-28 10:50:42.921696+00:00,0.179,,0.17,0.9999333186106912,0.0008053831862374,GRB5,,278.9522241776032,13.687578928554217,18.221609448396062,65.12332565967212,8.851770316177138,15.893423153975547,281.6775997976239,72.77750361815069
GRB231203293,2023-12-03 07:01:31.731028+00:00,0.596,,0.89,0.9999851653213868,0.973305822284898,GRB3,GRB,247.61675945945268,6.090878734681922,5.926338428985133,-43.70117245345704,3.539071818821803,3.4714558934015898,247.2808044691529,-42.71438062219126
GRB231204833,2023-12-04 20:00:09.312430+00:00,4.869,,5.11,1.0,0.000926475248234,GRB6,GRB,332.22272054861764,2.425121383054204,2.644397595684495,56.98261779231736,1.0103026183100994,1.2174393172460751,332.06938556159685,57.00808341075626
GRB231205101,2023-12-05 02:25:11.507781+00:00,0.242,,0.25,1.0,,GRB5,GRB,203.22666749449303,1.4416441308331969,1.3913843774587349,17.44937804296702,1.2172544467757334,1.2336173301288085,202.6897374862397,17.798624474266397
GRB231206789,2023-12-06 18:56:37.684258+00:00,3.606,,0.28,1.0,,GRB5,GRB,26.810160172997755,9.12127171914537,7.351075467917941,17.025989312764544,4.708622264840006,6.368091120272421,23.08695437818765,18.129429452539924
GRB231210553,2023-12-10 13:15:50.527188+00:00,0.804,,0.8300000000000001,1.0,0.0071462278899817,GRB1,GRB,127.466446669191,4.269337772995954,5.427840076375475,27.02227203573997,4.382379068206465,4.065321146759636,129.5022877599742,27.080242326992305
GRB231213388,2023-12-13 09:18:03.785264+00:00,0.441,,0.44,0.961934985082052,0.0094380679462901,GRB6,,90.6580091031614,10.916537876560014,11.957308825236751,-1.6314645462548265,16.755979176038394,21.58562693677358,94.72647971303078,-0.2795424945589353
GRB231215408,2023-12-15 09:47:46.441533+00:00,6.573,,6.93,0.9956222517840394,,GRB3,GRB,16.200401590749905,17.57872249666334,11.123031288599025,58.83710935172842,10.734407674608056,7.566521451912067,0.4177601151064089,54.71883743489137
GRB231219717,2023-12-19 17:12:24.966395+00:00,6.573,,6.18,1.0,,GRB5,GRB,272.16953794223946,10.875210184655144,12.561089826277566,56.33656363756369,3.8812367099075473,6.953232453326912,277.83212480253155,57.77518553189107
GRB231220674,2023-12-20 16:10:18.227156+00:00,3.606,,3.5500000000000003,1.0,0.0678482053377228,GRB7,GRB,60.69380255792088,28.76404647029002,27.40534212572592,83.59788568873613,2.953273629246638,3.9563670712652623,37.22777031036656,84.3515862522435
GRB231222299,2023-12-22 07:09:59.293680+00:00,2.671,,4.0,1.0,0.175548643396271,GRB5,GRB,167.41787591741047,1.203418908005517,1.3012690737068624,-36.44821994238614,0.9854208754114708,0.9106489045489424,167.7550531311723,-36.47986850888469
GRB231222310,2023-12-22 07:26:04.776275+00:00,6.573,,4.93,1.0,0.0424197665440143,GRB5,GRB,254.37938345507533,0.807101695457817,1.5326666728870464,20.689284840136224,0.7525966082001503,0.765840017465024,254.9129057016808,20.460972809840264
GRB231222311,2023-12-22 07:27:59.526583+00:00,4.869,,5.11,0.9955632245904036,0.0023939813174483,GRB5,GRB,241.07672251189845,10.083363966438467,15.053459013602946,5.670685768929305,9.441666043368,12.19224704613599,249.9410892337029,13.489573930494153
GRB231230062,2023-12-30 01:29:12.559674+00:00,6.573,,7.76,1.0,1.0,GRB5,GRB,240.1431307559554,4.546974084452074,4.152494366979539,54.91268015429424,3.713016370747475,3.8338874237521168,239.8063186365409,55.92723033165007
GRB231230076,2023-12-30 01:48:43.512821+00:00,0.441,,0.44,1.0,0.0123792084540663,GRB5,,66.73934307773209,61.48654885609662,34.968509034094154,-79.88594784450792,8.09411516979641,5.1029802015161465,37.90050831025307,-83.49313189977212
GRB240102255,2024-01-02 06:06:45.583261+00:00,6.573,,6.18,0.9999250903045122,0.0022978992905679,GRB5,,311.7233389945952,14.411704406927695,10.161225131088486,-15.115150884020691,17.99763405428246,12.38287994328718,312.0231590011905,-18.52050814245161
GRB240104608,2024-01-04 14:34:58.189699+00:00,6.573,,6.54,0.936856390513381,,GRB5,,158.57267224357108,17.55252382101213,20.29876621710315,53.38740806897924,13.404910160432197,76.37822899712668,160.3146832824908,63.74460307573438
GRB240106025,2024-01-06 00:36:37.068789+00:00,0.073,,0.1,0.999761295463145,0.5533501203618492,GRB2,,33.80306999868371,12.21028245748996,8.453492336534246,56.67018544642197,4.070026398641986,4.396837877959477,30.983351824533138,55.6831642903021
GRB240109168,2024-01-09 04:01:35.192378+00:00,0.327,,0.25,1.0,,GRB7,GRB,312.3403752691707,6.049729056737704,7.712299211381492,16.900621844035435,6.056980345720362,7.541040958691671,312.65507598405543,18.626344993173525
GRB240109896,2024-01-09 21:30:52.658147+00:00,6.573,,8.21,1.0,0.2011882287744617,GRB3,GRB,235.741526650456,9.017953411423662,7.263251520360598,-66.4650156497221,5.608205913006991,4.811020625254344,236.08676769331228,-65.92433428909744
GRB240112742,2024-01-12 17:48:07.940782+00:00,1.466,,1.42,1.0,,GRB6,GRB,218.9123710096345,2.192274817407906,2.3364225244712884,-30.72077574413826,2.5721515477855235,2.2439320995501006,219.7360952570116,-31.25576840466468
GRB240112914,2024-01-12 21:56:05.201899+00:00,3.606,,3.2,1.0,0.0378196489988251,GRB5,GRB,66.83768673968054,9.395192733018888,10.489452285578864,-74.38053578868595,3.075801700766732,2.5724438740656552,69.5778792295502,-75.36038980605778
GRB240113903,2024-01-13 21:40:26.839990+00:00,6.573,,7.76,0.9999992265302032,0.006223154397153,GRB5,,146.35898321832673,29.802642230983565,38.70107782160065,-82.35076767979609,3.267263318182046,3.2265486062960207,175.8878273244731,-82.68174368731695
GRB240115461,2024-01-15 11:03:14.286035+00:00,1.086,,1.0,1.0,0.7883740245461676,GRB5,GRB,15.982003441409631,2.7048426793233453,2.837235683633238,16.206325509223888,4.452180402250146,3.997733214867859,16.349980528268546,15.534784999814129
GRB240118508,2024-01-18 12:11:05.234945+00:00,6.573,,7.76,1.0,0.0461214970419737,GRB5,GRB,41.20088486542474,4.661022254935091,4.4405995161688665,-53.624744271472245,3.9267219143978656,3.5728391797842605,40.11300564386383,-53.79245297128148
GRB240119729,2024-01-19 17:29:07.687099+00:00,0.073,,0.09,1.0,,GRB5,GRB,4.753425672325602,5.229576526195596,3.558715034408097,-75.30971739118642,4.033874714930306,5.801069145987697,1.0520501131850546,-75.34289750925416
GRB240123742,2024-01-23 17:48:06.590772+00:00,4.869,,5.11,1.0,0.0226938789264299,GRB5,GRB,320.7657778581281,2.733926159972384,3.0365183473000457,10.247496845603996,4.375394389215128,4.8220907092169325,320.4571311965235,11.350999697974018
GRB240125867,2024-01-25 20:48:42.631212+00:00,0.133,,0.13,1.0,,GRB3,GRB,66.89132316479446,11.357980376261608,13.36236652711412,46.44952185215008,4.688465789708722,4.869562245576901,68.04343374348223,46.595121960230806
GRB240127202,2024-01-27 04:50:40.510410+00:00,0.04,,0.04,1.0,0.0077590718960393,GRB5,GRB,315.6992652884187,7.454759877751599,7.710549482929139,-49.30135801450193,4.794593498866298,4.6610311299407385,316.5330945021417,-48.83763716059201
GRB240128219,2024-01-28 05:15:47.725106+00:00,6.573,,6.54,1.0,0.185623842779168,GRB5,,211.28040113648063,5.100440994294473,7.342241349186537,47.298991773395336,4.705675554860015,4.294009677865098,212.53745127223905,46.70168601302208
GRB240203055,2024-02-03 01:18:48.356396+00:00,6.573,,6.54,0.9747045108969878,0.0277936984968246,GRB5,,327.8574101092087,7.335563243953914,6.277257771206905,-2.9403286969681344,8.441632405100776,8.123018429646978,327.856734189645,-6.43808282989241
GRB240205664,2024-02-05 15:56:52.092117+00:00,0.012,18.0,0.012,1.0,,GRB5,,325.73488919151634,9.04068410444586,10.15096485568489,19.778929360487822,7.630120139778874,12.79434875227086,323.8788126050363,23.0322997292384
GRB240205852,2024-02-05 20:26:30.757199+00:00,0.098,,0.14,1.0,0.9834277886305928,GRB5,GRB,301.7323527897122,5.563865403060504,7.080087312223554,9.769322192355734,9.152900493448826,5.585953218517145,305.786945119753,5.5566838571214525
GRB240205926,2024-02-05 22:13:46.275792+00:00,0.596,,0.89,1.0,,GRB5,GRB,351.11775129305,0.7209642523076241,0.6967510970983994,-53.16492041260528,0.5975327036609173,0.5897586818800704,350.6233974253662,-53.307508886141854
GRB240207639,2024-02-07 15:20:17.787400+00:00,2.671,,4.0,0.999994001085531,,GRB6,GRB,173.89140482200096,6.788750590615393,6.50954762317275,51.797272028706,3.921699528881838,3.927102113324864,173.91900006819913,51.746828082531096
GRB240209263,2024-02-09 06:19:18.277374+00:00,4.869,,3.94,1.0,0.279241183236289,GRB5,GRB,310.73918241502,29.404570235608503,130.48282028206256,82.82289798029318,3.26434748259949,4.0796368776261005,314.9715395884368,82.1770465675126
GRB240211291,2024-02-11 06:58:36.052362+00:00,1.979,,2.04,1.0,0.0151690993287022,GRB5,,117.54510023780745,10.709165962182183,9.884541876576222,33.1558041522188,8.226915968635375,7.975041685274295,117.44582680293922,33.62103506698307
GRB240215671,2024-02-15 16:05:34.253083+00:00,6.573,,8.21,1.0,0.2522502877181893,GRB3,GRB,105.90837759943524,1.9089182143349888,1.8503628391445373,-7.112288808251128,3.5218382844044247,3.071543086547134,105.775050735179,-7.885828512011727
GRB240216456,2024-02-16 10:57:03.511412+00:00,1.086,,1.04,1.0,,GRB7,GRB,356.1636248052168,1.7036075316541996,3.0951699673738062,-58.1565937881022,1.1102285510927317,0.9961544155650088,356.0264247609748,-58.19442210162794
GRB240222604,2024-02-22 14:29:03.387379+00:00,6.573,,6.93,0.9374674150720588,0.2782405621579324,GRB6,,97.2329197081032,151.14155108899047,36.9933926203555,71.59518330843223,9.487726268676385,13.11705503067219,92.21263756425812,73.27477101081271
GRB240222985,2024-02-22 23:38:47.307271+00:00,0.073,,0.1,0.9872951014101792,0.0449150947872717,GRB5,,87.5275619064091,17.59338394968762,11.130389472653404,-27.186334206345,15.6470710637141,25.44552178372202,86.56468679211531,-22.505455510462387
GRB240226236,2024-02-26 05:40:19.108896+00:00,2.671,,4.0,0.9999987913578272,0.2747502122226787,GRB5,GRB,346.40853500800824,9.203551624705028,12.945655357434816,29.15981393190521,14.591347263039786,16.018957303091156,352.4828859793514,30.620749932592787
GRB240226815,2024-02-26 19:33:08.319309+00:00,3.606,,3.94,1.0,,GRB5,GRB,301.7064311132593,5.925839706427325,6.06944210390094,-32.58519401922546,4.6808211862013565,5.134735733331617,300.3799344514364,-31.68670437054516
GRB240227195,2024-02-27 04:40:15.571919+00:00,1.466,,0.84,1.0,,GRB5,GRB,19.74982985526296,4.429665713840553,4.57834693481832,-40.00902970536133,4.675552012376279,3.223058704767432,19.12794828640007,-39.75083182240152
GRB240305162,2024-03-05 03:52:52.760363+00:00,6.573,,8.21,1.0,,GRB1,GRB,13.46889164892902,0.6931802997198346,0.6501140372874445,-22.09505664049504,0.8551952221141299,0.7920873213387445,13.359996422526493,-22.75815562126507
GRB240305409,2024-03-05 09:49:21.471331+00:00,2.671,,4.0,1.0,1.0,GRB5,GRB,7.442443895278393,4.204771969905915,4.044998041772149,-30.88859697471755,6.822599843306698,4.797719102325566,7.215618584519979,-31.63686068938132
GRB240305928,2024-03-05 22:16:37.525840+00:00,3.606,,2.33,1.0,0.0049738593076007,GRB3,GRB,266.5335868717028,3.833095455736043,4.130178709558834,-24.606482926360584,6.504962037768539,6.704175422629923,265.80718322164785,-24.49923787555302
GRB240310236,2024-03-10 05:40:10.161402+00:00,6.573,,6.54,1.0,0.015075861313689,GRB5,GRB,302.816915000792,5.406386340935057,6.757791673493614,5.085304493675365,4.961989820797435,6.8378141196941895,304.0170043885396,8.025011844449168
GRB240314480,2024-03-14 11:31:09.048699+00:00,6.573,,6.93,1.0,0.1918905563862961,GRB6,GRB,144.85791604199926,4.621097895345201,3.7913410052208576,27.93692933877379,3.878897954313072,3.6982206360146783,144.60166906015536,28.02521516596686
GRB240318119,2024-03-18 02:51:03.972357+00:00,2.671,,4.0,1.0,,GRB3,GRB,271.127177980835,2.4800109428436485,2.360970418260365,-6.755130882315588,2.1990590638855307,2.0784178738991974,270.07656564619566,-6.963703983773575
GRB240318180,2024-03-18 04:19:49.007523+00:00,0.804,,0.8,0.9999810693269696,,GRB6,GRB,271.2944551339321,6.450053193003896,5.304980453856501,-40.08784306853536,11.665235536040974,11.477917317220424,269.849014466258,-47.5588368575216
GRB240320729,2024-03-20 17:29:47.608754+00:00,4.869,,4.8500000000000005,0.999979699218842,,GRB6,GRB,142.70519251792803,7.349759793276661,8.094178170301689,54.57479916591346,4.929248249765237,5.014993272238804,142.70156008815962,53.47540552796002
GRB240320831,2024-03-20 19:56:16.272530+00:00,3.606,,3.94,1.0,,GRB3,GRB,274.7675234080991,1.1952764432120944,0.9044486943198536,-36.47465128963445,1.0778047029735731,0.8690955199130528,274.4691681009671,-36.54509764181593
GRB240323372,2024-03-23 08:55:29.265563+00:00,6.573,,6.54,1.0,,GRB5,UNCERT,92.91215882214404,3.4377979238833944,2.880965931714897,71.87264734530291,3.0248873063041515,3.899448231349652,92.13479201748268,72.20906201580101
GRB240324149,2024-03-24 03:35:14.135470+00:00,1.466,,0.68,1.0,,GRB5,,2.9843862237136656,4.405568656596806,2.262657037224963,-35.57879784078234,3.352225081290328,4.5493740472420185,0.1106599209390091,-34.86670532450849
GRB240329905,2024-03-29 21:43:09.760072+00:00,4.869,,4.8500000000000005,1.0,,GRB5,GRB,252.40936145208144,2.38611627861576,1.463953621568436,-4.23520367335288,1.2680410699162683,1.9754693910760024,251.2458384615903,-3.611481124482953
GRB240403149,2024-04-03 03:33:57.477214+00:00,6.573,,8.21,1.0,,GRB5,GRB,225.400537206163,5.482888445323624,5.346105569598905,34.53299197751778,4.252620738952992,4.164000217891953,226.3982636885605,33.95399511657095
GRB240404110,2024-04-04 02:38:04.485407+00:00,0.441,,0.36,1.0,0.4638564004577608,GRB3,GRB,260.6448396269441,7.160067577754319,6.958909758113549,-26.066646669098965,5.087089618399137,5.136583653739173,258.73683930082905,-25.876231860287124
GRB240408043,2024-04-08 01:02:13.603626+00:00,2.671,,4.0,0.9999643188690468,,GRB5,GRB,349.17928984518454,2.976691161129736,3.180353738853853,46.56063146457012,2.983259077732569,3.386347639105857,349.06082521498627,48.1823014543365
GRB240408158,2024-04-08 03:47:12.302388+00:00,0.441,,0.44,0.9609402276640308,0.9834277886305928,GRB5,UNCERT,205.6280597440243,40.248836264187474,44.05548729548249,74.45962079276697,3.753051333876357,6.512342147103951,204.92822418269253,76.64208107366191
GRB240409854,2024-04-09 20:29:30.468556+00:00,6.573,,8.21,0.9997203021238392,0.0019125950775194,GRB5,,235.61616368694683,4.2815140903445865,4.299720285195292,-21.734195057436,4.518740544850321,5.14139389899762,234.98125409832696,-21.08282407077899
GRB240411073,2024-04-11 01:45:00.333574+00:00,0.179,,0.26,1.0,,GRB6,GRB,246.9313354086203,1.7693128722325753,2.3975954341217687,44.07492179221533,2.4211250766527925,2.7728654747758554,247.2181050517775,44.50721797768981
GRB240420190,2024-04-20 04:33:55.168613+00:00,1.979,,2.7,0.9999974752266316,0.0853697633487263,GRB3,GRB,256.5167745655772,3.0925344742652783,2.9964143009187865,-27.835832967623567,2.57084985516671,2.530843118271875,256.539831209166,-27.858829767702368
GRB240420717,2024-04-20 17:12:07.389037+00:00,6.573,,8.21,1.0,,GRB1,,131.48392192726303,3.880383300474733,3.7127866766475393,39.033314676920114,2.349586760856077,2.4641806799700205,131.2488057965051,39.56371593406564
GRB240421224,2024-04-21 05:21:58.815299+00:00,1.466,,1.55,1.0,0.635559712978751,GRB6,GRB,316.44100140255443,24.562996520290824,21.905481739836603,-80.4639006824073,5.565539920630002,4.35440635889816,318.6206069787628,-79.40064874670088
GRB240425015,2024-04-25 00:21:37.533287+00:00,2.671,,2.83,0.9999987925797676,,GRB5,GRB,227.2435425430722,2.763526510891012,3.670705626138073,44.79578836112677,2.5862819761546305,2.310312942300179,227.72412418971496,44.82411801298088
GRB240428627,2024-04-28 15:02:55.873792+00:00,2.671,,4.0,1.0,,GRB1,GRB,176.1213068576989,2.528073697080657,2.837689752934552,26.621511466032235,2.180271528334469,2.3519353492799766,176.07400321679663,26.78675369437456
GRB240429628,2024-04-29 15:04:29.086600+00:00,0.804,,0.74,1.0,0.0717804033857455,GRB5,GRB,15.69577253773198,3.566347689266191,3.954888670088998,17.842564979004926,4.058413246562175,3.726977091422965,16.074730745255327,18.436713720875467
GRB240430302,2024-04-30 07:14:37.918801+00:00,0.003,5.0,0.003,0.994173736738722,0.0450205793624027,GRB2,,244.8737111688136,39.3018348296639,31.286088520130647,-45.92713069531207,19.27988883824552,14.12656829514934,237.64541784212625,-49.2446835172396
GRB240430807,2024-04-30 19:21:26.012363+00:00,6.573,,8.21,1.0,1.0,GRB5,GRB,198.6606866487436,0.6987837390653056,0.7367249655848411,2.4366414823056584,0.688520419947785,0.5866346640522861,198.5901838010471,2.4547693749323583
GRB240501455,2024-05-01 10:54:47.461666+00:00,4.869,,5.11,0.9994021732950324,,GRB5,GRB,260.8786874675658,3.142340350719337,2.859524434841319,23.68131748522999,2.3222949354184834,2.9173806339177446,259.89576557841394,24.835361039613822
GRB240502228,2024-05-02 05:28:40.316855+00:00,2.671,,2.69,0.9289115288344868,0.1177490400870746,GRB5,GRB,122.34970123226164,13.868546834870784,6.307165910240457,14.74115861274851,11.923847042184075,21.600716731503205,119.8181084196263,26.32575505146584
GRB240502600,2024-05-02 14:23:41.188001+00:00,1.979,,1.95,0.9670695463082206,,GRB5,GRB,312.2294816006182,2.746732359481712,2.5843776994039445,25.11265088722593,4.185222603609205,3.807932706495702,312.2519606380304,23.174530298594213
GRB240502906,2024-05-02 21:45:04.910796+00:00,1.466,,0.81,1.0,,GRB5,GRB,192.1262165716956,12.603971256810496,12.413134825449449,66.198981372193,1.6597996277479157,1.785507889331356,189.22264544223432,66.12105001150749
GRB240513307,2024-05-13 07:22:07.205442+00:00,3.606,,3.74,1.0,1.0,GRB6,GRB,172.7527199119257,6.524022048618519,4.249907217193851,-32.253566558127815,1.830760439335972,1.9113598822879536,170.67913052113155,-32.17636240457174
GRB240513682,2024-05-13 16:21:42.375754+00:00,0.596,,0.67,1.0,0.0830210511797243,GRB5,GRB,26.309215970152245,6.772239301529062,8.038858318190524,51.213773878080566,5.450703649207931,5.206699305962324,27.404115064091123,50.17029492350628
GRB240514052,2024-05-14 01:14:32.375363+00:00,6.573,,6.54,0.9658743422194412,0.378822005833934,GRB6,,97.90133360432736,15.251590000723423,14.585050959699288,21.005461640444004,22.19188289735964,22.056326632287888,97.11358516463592,4.808027751431123
GRB240514169,2024-05-14 04:03:45.269834+00:00,0.596,,0.5700000000000001,1.0,0.9834277886305928,GRB5,GRB,7.074585804081252,2.500453295978243,2.2900568751159653,47.274130422565705,2.598278980171344,2.657814286506856,6.2529182069248606,47.22907293264721
GRB240516150,2024-05-16 03:36:30.729987+00:00,6.573,,8.21,1.0,,GRB3,GRB,220.2660147612332,4.22498452395709,5.675477330244092,-60.55465615191781,1.501380810737018,1.469358290219219,220.5056933716953,-61.31079159845052
GRB240519829,2024-05-19 19:53:10.191638+00:00,6.573,,8.21,0.9976730326776664,1.0,GRB5,,52.791782959242894,13.065976923937145,13.700878480689248,-12.93891719580663,19.47807452719328,19.733930175776337,52.00760571023025,-22.854204055217465
GRB240523402,2024-05-23 09:38:10.558840+00:00,6.573,,4.66,1.0,,GRB5,GRB,303.3487157271078,4.142946458793858,4.90385842127273,-23.98202309882712,5.507232392113941,4.840136306056543,305.8759342328917,-23.302184673349032
GRB240525491,2024-05-25 11:47:38.010875+00:00,0.073,,0.06,1.0,0.0244600882246291,GRB5,GRB,80.03733047074275,10.255813714426452,13.848472627573557,-2.15518342505264,9.466972117798797,9.515504690838618,87.26519860577929,-2.039000693470601
GRB240602419,2024-06-02 10:03:07.992374+00:00,1.466,,1.84,1.0,0.0002165077036443,GRB5,GRB,198.6066413283344,1.166154608598248,1.1810645982520214,-12.500900425809968,1.7161342727490556,1.593298176566389,198.2515071692501,-13.038420950386426
GRB240604241,2024-06-04 05:47:00.590508+00:00,0.327,,0.33,0.9348667740398566,0.1157804010397431,GRB5,SFLARE,32.32341382596952,16.055352970091967,15.573405640213313,-14.49032555890006,9.514243122439218,8.80943772135376,31.205171640563425,-16.231649849955428
GRB240604594,2024-06-04 14:15:58.955362+00:00,0.179,,0.14,1.0,0.0943152397964028,GRB5,GRB,167.54452781999612,7.009820631054168,6.024727369288371,16.126015387378505,5.038448906541916,5.176144964872776,166.64515858908993,16.935039649762153
GRB240605171,2024-06-05 04:06:18.715413+00:00,0.054,,0.05,1.0,0.1192159756708537,GRB5,GRB,68.64229197567202,10.129156383854609,10.37997903945442,-27.601922761985254,11.771729302413055,10.742411648885078,65.55333014012132,-28.83160165188724
GRB240605338,2024-06-05 08:07:02.524272+00:00,6.573,,6.54,0.9999974752266316,0.0028106203666178,GRB3,GRB,89.35756312088444,7.090543533983023,7.35669201814143,40.164838099168,6.887239456306944,5.093261681360879,90.10749674770236,38.24880828117085
GRB240606565,2024-06-06 13:33:06.328670+00:00,4.869,,5.11,1.0,1.0,GRB5,GRB,36.62991934364076,3.2194078886904336,3.0791510753926232,-66.19281774086117,1.9071072782956409,1.8393687610148817,37.13831773937143,-66.4264720479805
GRB240610002,2024-06-10 00:03:28.132032+00:00,6.573,,8.21,1.0,0.2673403559854156,GRB3,GRB,294.3834057887965,1.1974998651164128,1.2497365736003303,11.131383060367394,1.437298471043981,1.7989430357147675,293.9969614010296,11.26782070236062
GRB240612503,2024-06-12 12:04:30.413745+00:00,1.086,,1.62,1.0,,GRB5,GRB,310.01934947515497,2.2886524080610684,2.250576265308609,10.646826501854187,2.5708918446411104,2.288008794178399,311.04800852971044,9.969601947140994
GRB240613991,2024-06-13 23:46:35.272355+00:00,3.606,,3.74,1.0,0.917511585440168,GRB5,GRB,272.97494384236694,4.863365964027992,5.170468557566721,-66.22470521334402,3.115062157739544,2.456546874488282,273.7183022454863,-66.98604810701802
GRB240615744,2024-06-15 17:51:45.066964+00:00,0.04,,0.05,1.0,1.0,GRB2,GRB,319.52721894865783,2.0713596632916733,3.169551382108807,40.743399342999815,2.309046024694595,3.0705996322268447,320.5050701146304,41.66484179435946
GRB240616382,2024-06-16 09:09:36.993414+00:00,2.671,,4.0,1.0,0.5762480086191047,GRB5,GRB,247.432522089295,1.7217380235491646,1.89765630820321,0.7821758129409835,1.5988361463981748,1.6236845739892396,247.3859332609175,0.7548158703764236
GRB240619155,2024-06-19 03:43:31.662901+00:00,1.466,,1.42,1.0,1.0,GRB5,GRB,159.42168951585649,0.8478664785741614,1.1164700476239773,17.26933105220376,1.007925139257118,1.1475028472516868,159.75584435087222,18.078359136066886
GRB240619466,2024-06-19 11:10:47.384671+00:00,0.133,,0.15,1.0,0.9728180659841682,GRB3,GRB,110.16396592389722,7.142017742149719,7.335354446666074,1.7720264357774944,4.548649210456047,6.003892100836984,110.64259112798412,1.9406155946412549
GRB240619990,2024-06-19 23:46:00.399625+00:00,2.671,,4.0,1.0,1.0554001761230856e-05,GRB5,,342.98484599728783,4.479957638087626,5.095548411852803,-70.9919546100501,1.8550551366830064,2.061421928744494,344.1470868056217,-71.11805624489872
GRB240624805,2024-06-24 19:19:47.025800+00:00,2.671,,3.28,1.0,0.9501447235631564,GRB5,GRB,243.5175289832401,2.319077605556572,2.406277469824317,-7.5131029643809715,1.7363580305045243,1.548789389333006,244.0758003347012,-7.997692453519063
GRB240624806,2024-06-24 19:21:14.496035+00:00,2.671,,4.0,0.9868950473114558,0.0226669344004729,GRB5,GRB,233.101015823881,8.60534283748106,8.511085707226982,1.842128262780948,7.049736169404548,7.144298616711989,234.85988521096704,2.966332793055413
GRB240627669,2024-06-27 16:03:44.933727+00:00,6.573,,6.93,0.9990728009076938,0.1281192883012718,GRB5,,270.47610616591953,11.947022385819253,11.673419346594985,15.879034721677328,10.765679692184433,11.022479993798273,265.7964807428044,17.43401838096652
GRB240627839,2024-06-27 20:08:27.303572+00:00,6.573,,6.93,1.0,0.2734284471185186,GRB5,GRB,214.53492312811733,3.340323595409643,3.106675738926185,52.94064375904812,1.7148091959358922,1.7131832759574976,214.3659408761971,53.176183654938896
GRB240628298,2024-06-28 07:09:35.934987+00:00,2.671,,4.0,1.0,0.293707020203392,GRB3,SFLARE,97.5694749361612,5.116816723617319,5.159740800666796,29.64837933854571,3.387176558294172,3.519937236166633,97.89419511464271,29.71642018347354
GRB240628817,2024-06-28 19:36:35.638171+00:00,0.179,,0.17,1.0,0.9834277886305928,GRB5,GRB,232.01739348807865,6.736198920258573,9.032918655890484,-19.604179572904457,4.960655797840188,7.395371349245988,233.2934072532777,-15.646122599486285
GRB240629704,2024-06-29 16:53:55.748378+00:00,2.671,,4.0,1.0,0.030404894778269,GRB5,GRB,316.2268221711122,1.6403980535881146,1.639560793094745,-44.99367857770283,1.8471102396001555,3.3874657014710507,316.2111071006798,-44.646676861374445
GRB240702885,2024-07-02 21:14:53.604615+00:00,0.441,,0.64,1.0,0.0859960368659315,GRB5,GRB,316.4107812414012,2.5753838961150564,2.0745699500919272,-12.830003860188343,1.0880573499650783,1.0461099949452333,315.40090038308085,-12.917944357187489
GRB240703937,2024-07-03 22:29:06.597908+00:00,6.573,,8.21,0.9337824843586716,0.0501796764855257,GRB5,,300.1544691258166,13.722699305816375,22.45265972873904,12.460465801691637,22.8543111210268,16.726990495765367,302.8300875725911,8.458748577908807
GRB240704849,2024-07-04 20:21:58.326244+00:00,6.573,,6.93,0.9999248751128436,0.0542295448089845,GRB6,,347.77454115312594,3.23520214146788,3.353962007368409,-5.600141975479932,8.073185223272088,6.278124358160024,348.2200600913517,-7.937679817486757
GRB240709588,2024-07-09 14:07:15.644114+00:00,6.573,,6.54,1.0,0.2763887303110912,GRB5,,303.80345472754846,3.320168099489649,3.1160368449785665,8.334729611803816,2.712034954056916,2.82811379506664,303.5327928267618,8.033673452217203
GRB240710643,2024-07-10 15:25:39.356015+00:00,2.671,,3.12,1.0,1.0,GRB5,GRB,235.0944368877039,0.7464046338792798,1.015453252402807,-10.259675291189108,0.6689504409342746,0.7680547870690955,235.370466180621,-10.397211149604118
GRB240710717,2024-07-10 17:11:47.393128+00:00,0.804,,0.8,1.0,0.7032701994489875,GRB3,GRB,280.1777153568884,6.368469941910291,6.301053553050792,6.308128990273026,3.8574757598737417,3.651663603387616,281.0250924241881,6.833549092299353
GRB240715239,2024-07-15 05:44:03.331215+00:00,0.133,,0.17,1.0,0.1043135791121116,GRB7,GRB,2.589836397009922,0.7100851552863978,0.852590891558846,-34.378846494645046,3.3608900465531306,1.970277857793548,2.9802035919227188,-34.9897984462588
GRB240726339,2024-07-26 08:07:48.944325+00:00,0.04,,0.04,1.0,0.2887789370968864,GRB5,GRB,337.5972199442066,7.469443378417168,7.364513178725701,-57.2152024347202,4.460130973512577,5.29939690134384,334.9821245286749,-54.44858350422778
GRB240729491,2024-07-29 11:47:21.649201+00:00,0.03,,0.03,1.0,,GRB5,,27.938854237518203,5.540999899490782,5.897583627673601,28.9875344187604,5.375304502515803,4.332029538707165,28.214316918200424,29.25959401819131
GRB240801052,2024-08-01 01:14:58.624922+00:00,6.573,,6.54,0.99713103645365,0.013113868973571,GRB6,,162.15746839030686,47.38767102109199,98.77459252262844,-45.51727391200932,56.78996853296771,17.509487507367012,193.46874819120345,-55.66034703400372
GRB240807238,2024-08-07 05:42:45.810622+00:00,3.606,,2.88,0.9999985602807052,0.067182281174416,GRB5,GRB,298.7971645757899,24.79096689563937,16.487091819859813,-67.72214060692907,7.583947174368134,7.080910853453972,293.7335051816514,-68.38499654424696
GRB240807920,2024-08-07 22:04:13.595064+00:00,0.179,,0.18,1.0,0.9834277886305928,GRB6,GRB,304.5347872434565,2.667396167182517,3.839342362069772,-14.745004116234616,3.852592816269862,5.959881253844399,306.5241390493641,-13.011942110720495
GRB240810880,2024-08-10 21:07:19.894465+00:00,0.054,,0.06,1.0,0.2140360833437032,GRB2,GRB,138.14011677676746,3.088906471415555,4.016924405047973,-40.91413937505568,2.7445743448445725,2.534991596182671,139.2836235760198,-41.08294615845445
GRB240814483,2024-08-14 11:34:57.878327+00:00,6.573,,7.76,1.0,,GRB3,GRB,43.99229044536519,2.552972377908006,1.7761951128810054,55.92462744128396,2.72093108719163,2.138813515897617,43.6330290980851,55.71970935822439
GRB240814728,2024-08-14 17:28:13.779075+00:00,2.671,,4.0,1.0,0.2885019258093648,GRB5,,154.21388932570264,4.934822299610119,4.181573068037835,21.464744638509767,5.088341867869978,4.948718471896076,153.30138391838946,19.6134314251772
GRB240817057,2024-08-17 01:22:07.917248+00:00,0.179,,0.17,1.0,,GRB3,GRB,234.18123229340804,5.141432218516201,5.174716187646311,-64.3084570884729,5.478400131434256,3.815492551582224,234.64271492220905,-65.28637177262809
GRB240821721,2024-08-21 17:17:37.947555+00:00,2.671,,3.45,1.0,0.0809218415538859,GRB5,GRB,176.5764731974886,12.0120644578746,14.76335327894887,72.59835298878077,4.835098284292613,11.060512693166146,178.15660704789758,74.16132843998157
GRB240821775,2024-08-21 18:36:02.976772+00:00,0.804,,0.86,1.0,0.9962507917115806,GRB5,GRB,358.3122692214356,1.129805894202093,1.0350267082685036,2.180024379656401,0.6119800077074706,1.1363142121947765,357.50555219203284,2.2148890546418523
GRB240822827,2024-08-22 19:51:14.412903+00:00,0.098,,0.12,0.9951230830714544,,GRB5,,290.1337828378929,10.282431040420477,11.011269168187653,-19.14242056488251,7.626775492449184,8.074316192471073,285.4369452019036,-18.65654025863945
GRB240824640,2024-08-24 15:22:14.856039+00:00,6.573,,6.54,1.0,,GRB3,GRB,139.3237229148083,4.116601469184047,3.928753779011913,-35.57211423196234,3.074869880218273,2.4777000912150555,138.65725805294693,-36.23727886925731
GRB240828622,2024-08-28 14:55:47.372433+00:00,0.04,,0.06,1.0,,GRB5,GRB,215.17945356775903,4.328439179863437,5.02548718485815,20.363891927845422,9.64830130718127,7.8819974443754255,216.5791595720521,14.317413351782966
GRB240830177,2024-08-30 04:15:07.315868+00:00,0.179,,0.14,0.9920026384404214,0.003092777309213,GRB5,GRB,157.71015844190444,40.95257927460722,61.507708924079125,67.31562273514507,9.924230014377272,9.58956814586928,176.53385931031443,65.39694169947828
GRB240830727,2024-08-30 17:26:47.858317+00:00,0.073,,0.09,1.0,0.0515174861860418,GRB5,UNCERT,303.9953491958845,19.86136025379858,18.48638244629643,-44.897016499337575,11.750793500050712,15.73596782012934,301.8513937613764,-40.39704374049458
GRB240902835,2024-09-02 20:02:44.641383+00:00,0.327,,0.23,1.0,0.0288593356853712,GRB5,LOCLPAR,287.8260452817987,36.992249147045925,18.19971087096212,2.088240899417136,24.37281903836832,8.111622389001322,325.2582688778782,27.52614957598868
GRB240905186,2024-09-05 04:27:16.460454+00:00,0.596,,0.65,1.0,,GRB6,GRB,283.9099228601184,0.6922473301915488,1.858974134328946,16.72073022864852,1.1726541911273038,0.5177040361431615,284.0527450540994,16.692904357277015
GRB240905357,2024-09-05 08:34:16.759843+00:00,6.573,,5.84,1.0,0.1874756989316296,GRB5,GRB,173.81670459575523,1.1002532659792337,0.7375395393528663,0.2165440591905468,0.9089391959845612,1.0279221178051077,172.9637324541824,0.1527613651365742
GRB240905443,2024-09-05 10:37:36.798967+00:00,6.573,,6.93,1.0,0.0026165435451643,GRB3,GRB,227.2099860623224,4.088699545455654,4.073355105433222,-60.33294088617042,2.624320716423576,2.3107998018929123,226.0596508157068,-61.58833792790438
GRB240912491,2024-09-12 11:46:30.842187+00:00,1.979,,2.7,0.9980411220185728,0.0730772665305144,GRB1,,59.78347656148761,6.2877988904836215,7.66202064740488,-40.64941117280294,8.618424912439053,9.951684405588018,61.134130345368426,-38.95901587464808
GRB240913488,2024-09-13 11:42:37.740486+00:00,3.606,,3.5500000000000003,1.0,0.0102044160038915,GRB5,GRB,17.314715044480796,1.8387525182984736,1.8692816385472568,16.759203294715523,1.2341364209371797,1.1342536755668071,17.935305016905268,16.693588283813433
GRB240913836,2024-09-13 20:03:39.973900+00:00,0.054,,0.06,1.0,0.9321601725843924,GRB5,GRB,91.50143747892582,3.301550420327459,3.2504434847827355,-12.33082830276624,2.5605487233179485,2.768141347605404,92.6274385158532,-12.757161211653983
GRB240916487,2024-09-16 11:40:37.923012+00:00,6.573,,7.33,1.0,,GRB1,,29.50256076615141,3.293030419455164,3.3683928537491994,-7.687070402780047,5.069383514453391,4.342838458618986,30.48020616470546,-8.575709766179218
GRB240916609,2024-09-16 14:36:45.100085+00:00,0.073,,0.07,0.931255098504954,,GRB5,GRB,82.68645654267013,14.417633512802482,7.86719338448394,-13.120751821300969,10.255190215583276,7.974401348959523,77.12613295649052,-16.391345381670938
GRB240918873,2024-09-18 20:57:01.063453+00:00,3.606,,4.87,1.0,0.1832231414641957,GRB5,GRB,137.62842561875829,1.204209867187103,0.8060163761456351,-17.521573795195724,1.3811832939104711,0.8658089420851844,137.53524278208585,-18.05583895060314
GRB240921312,2024-09-21 07:29:30.497212+00:00,6.573,,6.18,0.9999908049147016,0.254860807455441,GRB1,,193.61543470913315,6.345314509663041,6.141416510110759,-20.450609826619523,5.686363838485191,6.216891918055278,194.4277973953059,-19.93051790468401
GRB240928734,2024-09-28 17:36:55.938981+00:00,4.869,,4.8500000000000005,0.9995411012353844,0.0391049445979595,GRB5,,45.91657013687625,12.587664728397478,17.196128547615004,21.489477535893805,30.82989624620729,29.860349587610205,48.28627607132076,24.081172260112147
GRB240930721,2024-09-30 17:18:05.345152+00:00,2.671,,3.12,1.0,0.9834277886305928,GRB3,GRB,317.3333517611176,2.628862254064302,5.904428403759994,41.0244280876752,1.1590520322591331,2.757016379297575,319.29387114004106,41.15343356944014
GRB241002260,2024-10-02 06:14:20.649650+00:00,6.573,,7.76,1.0,0.0074918107367234,GRB5,GRB,316.5890915650186,5.488427367631232,4.920971773002464,-48.37812820700528,3.485463585711152,3.339173874980609,315.1184357401158,-48.16599335435998
GRB241002922,2024-10-02 22:08:06.874287+00:00,1.466,,1.42,1.0,0.0069179441385666,GRB1,,25.32427420559837,3.788497091749061,4.015669682272737,23.306827440815063,2.853464996598614,2.8781833345634595,24.960467348405764,23.09400828230672
GRB241010743,2024-10-10 17:49:55.789698+00:00,3.606,,3.74,1.0,0.0166144760368387,GRB5,GRB,309.1340714682436,4.34162962314133,3.9085974444022895,12.399531909071673,2.9242146042823123,3.7164582659376553,307.7376972697981,13.159283005976372
GRB241011461,2024-10-11 11:03:29.740903+00:00,0.003,1.0,0.003,0.9686866507527158,0.2280477623969283,GRB2,,313.7471782774273,25.221249969831888,17.907131976764333,46.09336778970299,19.054622717922705,17.223300548698187,301.564636727304,42.05664724083576
GRB241012539,2024-10-12 12:55:36.940577+00:00,0.179,,0.17,0.9999196296197156,0.9680367289855047,GRB5,,103.27268105704584,9.319239134587349,9.909376698263472,-67.62717837546505,27.48128440655315,12.328865560046792,103.43007758906344,-77.46722810984909
GRB241016073,2024-10-16 01:45:33.811922+00:00,1.086,,1.27,1.0,0.0028140736920828,GRB5,GRB,21.65823975835183,23.415260370383425,13.564603567700482,-12.098498043748275,18.9095473879866,13.877627668048529,16.619073006373466,-13.84048234207184
GRB241016467,2024-10-16 11:12:40.094808+00:00,0.073,,0.1,1.0,0.4529401620142935,GRB5,GRB,36.12921986232791,7.522181624045899,9.6999296805491,20.01192991567425,7.425973744300442,6.89004529760898,37.60540921062278,14.609305835371275
GRB241024647,2024-10-24 15:31:11.768974+00:00,1.086,,1.38,1.0,,GRB5,GRB,170.43563293867234,7.175706845921297,6.729242201572646,6.819215637449547,7.93146889269055,7.879979928631608,170.02807691132102,7.500286456626807
GRB241024783,2024-10-24 18:47:00.242485+00:00,6.573,,7.33,0.9999905409417562,,GRB5,,160.46676256545547,58.27840952672384,37.28937980178614,64.82056792760355,15.053635795835234,9.927702282846193,131.81291065919203,61.596211268269805
GRB241025068,2024-10-25 01:37:16.309992+00:00,0.098,,0.13,0.9062039590631716,0.7841671986985537,GRB5,GRB,183.18414350063625,99.04053537105102,140.29793984534416,79.14762042323855,5.469015344104577,7.893934951255019,214.19838256455267,80.70642269730784
GRB241025650,2024-10-25 15:36:11.239423+00:00,1.466,,1.77,1.0,0.0240835804851044,GRB5,GRB,150.86523941430602,2.1462522886846784,1.910457368487812,52.47799709407379,1.385743738546168,1.478568173502289,150.1313516939967,52.81674586995816
GRB241026946,2024-10-26 22:42:32.519632+00:00,1.086,,1.62,1.0,1.0,GRB3,GRB,304.7516929169854,6.3902170089030506,6.258178855638221,54.03070968298592,2.0091092382916003,1.988683040366574,306.0081149054104,53.61369186855595
GRB241028448,2024-10-28 10:45:12.589503+00:00,0.327,,0.46,0.9511087957348444,0.0054197930026974,GRB3,,127.71413906096204,6.564403783988553,7.435903555801616,-46.5577640210304,6.364815215071836,5.538272308167535,124.17498807197737,-49.53706364499144
GRB241029097,2024-10-29 02:20:08.606932+00:00,2.671,,4.0,1.0,0.0132749027289602,GRB5,GRB,326.24337385136346,0.8639817954382352,0.9198364579353324,5.948104585674129,1.2513592963040925,1.356763349514727,326.52011119369115,6.117523046504395
GRB241030242,2024-10-30 05:48:13.499805+00:00,4.869,,5.11,0.9996065458597416,0.5400129127522388,GRB5,GRB,319.3094200872695,5.6238738701712805,6.807397518824985,76.17138113827258,1.702607446876712,1.961390871885655,324.745404110858,76.347392360007
GRB241030774,2024-10-30 18:34:22.397333+00:00,4.869,,5.11,1.0,1.0,GRB5,GRB,45.37892211626343,1.743698494373696,1.7450814087053177,37.68647134342893,1.8003223684315088,1.875982820261811,45.73566605193568,37.9930717178255
GRB241101237,2024-11-01 05:41:46.609933+00:00,6.573,,6.93,1.0,,GRB5,,201.1908113249666,5.081300410427161,6.009658210156914,35.642280881371946,4.5737141309376455,4.223777994706023,201.77323545609056,33.11599690996499
GRB241104771,2024-11-04 18:30:18.077720+00:00,2.671,,4.0,1.0,0.0820174016694944,GRB5,GRB,32.20521513800719,1.4796905645276155,1.4759433220664064,33.51195929763866,1.5455771762659296,1.5372432262791946,32.16959582566152,34.00855060218912
GRB241105671,2024-11-05 16:06:05.075969+00:00,1.086,,1.62,1.0,0.9962507917115806,GRB5,GRB,55.07546357030255,3.443927242197475,2.909794062834372,-44.91181650468859,1.6839887423683777,1.8420181443060528,54.85511926954847,-45.04790556799148
GRB241110991,2024-11-10 23:46:22.112383+00:00,6.573,,8.21,0.9445967428783474,8.16781883886303e-05,GRB5,,300.4284107506869,4.073405139170916,5.6796756444471725,-8.55349335346833,9.697241001315971,7.647736042936014,302.12168252675764,-11.196806682605695
GRB241112076,2024-11-12 01:49:39.672174+00:00,0.179,,0.18,1.0,,GRB5,GRB,146.6598577091341,4.526310071660902,4.345027894787677,-12.37080858095114,4.18650043156685,4.459961452329393,146.21209878927175,-11.264892590726545
GRB241112457,2024-11-12 10:57:26.891531+00:00,6.573,,6.18,1.0,0.1020144520368577,GRB1,,34.20011003009531,5.8149823522268775,6.500357611175257,9.496583223015254,5.778766732031739,5.47852505515356,33.97245812613732,10.219377268536936
GRB241114960,2024-11-14 23:01:56.693018+00:00,4.869,,4.8500000000000005,1.0,,GRB5,GRB,16.43488929765256,5.144018506964336,4.825518452377956,9.002251701168463,6.306174978557776,6.4198923411294,15.23226227827384,9.534176572835504
GRB241114974,2024-11-14 23:22:05.676268+00:00,0.441,,0.46,0.9958608543510784,0.0132339627954421,GRB5,UNCERT,66.28308590817043,33.29490567409039,41.08439246765394,-72.60652639724664,6.628511853071956,6.088537868824218,66.56962235423751,-73.51008941556225
GRB241115191,2024-11-15 04:35:34.862658+00:00,3.606,,3.2,1.0,0.9962507917115806,GRB5,GRB,258.64198161374264,1.1459547876092415,1.0241071738033725,2.52761551731508,1.8066768499849908,1.3369540198243175,258.94680754408205,1.937425606178532
GRB241115554,2024-11-15 13:18:26.306821+00:00,3.606,,3.5500000000000003,1.0,0.6240467180919105,GRB5,GRB,84.70392671364745,0.8430192111267871,1.2626368642418129,5.288403898435883,1.4428581098307056,1.7240105341503025,84.96297056778809,6.387834497924948
GRB241115755,2024-11-15 18:07:26.024164+00:00,0.098,,0.11,1.0,0.9834277886305928,GRB5,GRB,33.67912274908354,4.310078616203228,4.775722850284726,50.99793623148162,5.74848848656687,5.215034122333606,34.20609489140264,46.80252762467214
GRB241116857,2024-11-16 20:34:32.168251+00:00,0.327,,0.33,0.9393919089144794,,GRB5,UNCERT,168.91808323917215,69.567733860412,114.65862816189149,80.03656669598129,4.41906313580354,10.023265612941188,199.787261477559,82.1351668962952
GRB241117833,2024-11-17 19:59:46.988636+00:00,0.016,18.0,0.015,0.9999321177481622,0.0054760186276149,GRB2,,278.2524701913448,6.99084452438899,9.124532916807198,-16.09165944738757,8.18320432393393,11.162953426671368,282.6929039805177,-16.887656563746447
GRB241120246,2024-11-20 05:54:00.431063+00:00,1.086,,1.56,1.0,0.1096220607353047,GRB5,GRB,185.7325226795528,2.022809877650957,1.5255554804511462,52.23648111470437,0.6811844435786583,0.5832386194245558,183.9280424651141,51.86510993255479
GRB241129064,2024-11-29 01:31:35.714967+00:00,6.573,,8.21,1.0,0.9356643390848102,GRB5,GRB,249.0573615270632,3.198679199361635,3.202064379298349,1.2597656935511654,4.658322354741209,3.727012635635722,249.0291654740322,-0.2787816577439992
GRB241130968,2024-11-30 23:13:48.406909+00:00,6.573,,6.18,1.0,0.0630197886203772,GRB5,GRB,98.59902467898004,1.277730075209135,0.8867443680475162,-26.74798151550816,0.5878898085879989,0.554959941431175,97.88843879053356,-26.861039403836163
GRB241201622,2024-12-01 14:56:00.774421+00:00,0.133,,0.19,0.9939526666128158,,GRB5,GRB,190.7979226924637,2.730324839859918,2.7700921438339776,1.773243752747689,2.256213807065169,2.2268332442878664,191.16940681452056,2.117733254054972
GRB241206343,2024-12-06 08:13:43.764473+00:00,6.573,,6.93,0.9999987925797676,0.2328558088281475,GRB5,,110.5060456690142,6.631875080480725,6.9489682596904885,22.59054214945377,6.848799590375702,6.221159813335991,113.48989254043428,20.619519196999885
GRB241207869,2024-12-07 20:51:01.752837+00:00,0.242,,0.24,1.0,0.983248221296619,GRB5,GRB,247.466793907677,5.944039625731705,4.7483693399142055,-18.851988283278423,4.318118012184605,3.8856757064689127,246.5854425886787,-20.09037818032313
GRB241209233,2024-12-09 05:35:44.179000+00:00,0.242,,0.23,0.9999987925797676,,GRB5,GRB,155.6742151553378,4.393696721028249,3.830757099878469,9.712984168120116,5.7302449777089,5.420292480847292,155.32843061381482,9.022368687500016
GRB241209769,2024-12-09 18:26:45.386548+00:00,6.573,,5.5200000000000005,1.0,0.1648964751314243,GRB5,GRB,53.22218311145676,4.117518476258681,4.3614145970288405,7.407339571201805,6.779551697966071,6.472908196604657,52.11500633698717,7.425725109909973
GRB241210377,2024-12-10 09:02:14.837597+00:00,0.073,,0.08,0.9999912905410144,0.0171494718867773,GRB2,,129.47899530994326,10.164448839688674,6.958322844097722,-29.12538303168656,6.95582224910385,7.356073547183115,127.82254354264263,-28.42286092928396
GRB241211100,2024-12-11 02:23:21.879499+00:00,0.179,,0.22,1.0,0.9834277886305928,GRB7,GRB,257.7548299859833,5.623545856394628,7.468313364087976,-35.405068354842406,4.004713454827591,3.953337174603533,259.8682791405197,-35.86234922102439
GRB241212390,2024-12-12 09:21:51.695333+00:00,6.573,,8.21,1.0,,GRB5,GRB,43.75973969036963,1.3732428756705488,1.4344309753025044,8.397332939905445,1.86706804541444,2.599926947143113,44.733519622442685,9.45769347163036
GRB241223507,2024-12-23 12:09:28.454198+00:00,6.573,,6.93,1.0,,GRB5,GRB,156.98025988900758,3.2674303783530547,2.88928099770311,-33.20571670522812,1.8625308510898824,1.7860989680979316,156.4806765763227,-33.602190935194685
GRB241226941,2024-12-26 22:34:19.958028+00:00,6.573,,6.18,1.0,0.2748063647412448,GRB5,GRB,71.8762491026637,5.2181361760255385,6.117079775748877,29.964831839724145,5.691242235734418,6.463420712393532,71.463890551753,28.84652322060101
GRB241229067,2024-12-29 01:36:17.517574+00:00,3.606,,3.74,1.0,,GRB5,GRB,278.6632878878541,4.263972615826901,4.708444861369571,74.43485586683094,2.0123166654876457,1.907851555282932,277.38799472381555,74.68711943921862
GRB250107482,2025-01-07 11:34:04.423637+00:00,0.596,,0.5700000000000001,1.0,0.8634876376037155,GRB5,GRB,84.2793364857983,21.974214275834413,26.63800142537167,59.099639914171526,5.4272889775469295,5.9049156008281045,99.23928479238688,59.96952935648916
GRB250109262,2025-01-09 06:17:07.167143+00:00,4.869,,4.8500000000000005,0.999615480546402,0.4808833603772551,GRB5,GRB,78.33123231084933,8.151698813792848,8.525242803528684,4.75957301657335,5.182938016121016,5.335391567972311,78.33464606499683,4.714925985424946
GRB250114275,2025-01-14 06:35:35.010876+00:00,6.573,,7.33,0.9999974752266316,0.0212420676339679,GRB3,,117.08758388168036,5.4357916842907485,5.632037065111163,-14.104195704781102,5.798863439476765,5.835665165983148,117.50783893203256,-12.17093517746068
GRB250115990,2025-01-15 23:45:19.695902+00:00,0.003,14.0,0.003,1.0,,GRB2,,256.0195085470412,18.10494903808205,24.51629781634904,-43.41075288975519,19.94493082953305,16.051022343788915,263.31555178394893,-47.35060539333594
GRB250118772,2025-01-18 18:31:11.959761+00:00,0.073,,0.09,1.0,,GRB2,GRB,298.3453429819243,8.400195231635678,8.190153552910715,24.68062032702977,8.515817177915494,9.472247564261586,298.07891977578817,32.329724954210604
GRB250119355,2025-01-19 08:31:28.571369+00:00,6.573,,8.21,1.0,0.9962507917115806,GRB5,,309.60097856826644,1.894088738423875,2.059275450690336,18.6583437337556,1.915002325700037,1.4993008457366237,309.6009068916904,17.797950357642563
GRB250119945,2025-01-19 22:41:06.690992+00:00,1.466,,1.14,1.0,0.1983035586452616,GRB5,GRB,169.8058741180721,7.94517961871955,7.922751235447919,9.60835685926214,8.052756707388596,7.5711369998325395,170.52142990619575,9.51100428325937
GRB250121983,2025-01-21 23:36:07.554634+00:00,3.606,,3.74,1.0,1.0,GRB5,GRB,229.6472964108824,0.5980334080247758,0.795677557069979,-36.25967811367761,0.652680088129074,0.7463351149271347,229.56092986708555,-36.36067874894232
GRB250122636,2025-01-22 15:15:23.775886+00:00,6.573,,5.5200000000000005,0.9999014490163708,,GRB5,GRB,261.51404926869543,2.793759376767582,2.5808074927704183,17.45287885113475,3.122120058220027,3.9338409584012,261.1913496482318,19.61763126756818
GRB250126208,2025-01-26 04:58:55.962974+00:00,3.606,,5.4,1.0,0.4163618466952947,GRB5,GRB,335.67899778041834,1.3585679630344316,2.157556874271449,-17.707296793353656,1.5411452598050772,1.3848104429768568,335.8766030688386,-17.67921435509669
GRB250127465,2025-01-27 11:10:15.644832+00:00,6.573,,6.54,1.0,,GRB1,,87.6720551192219,37.99718163198335,8.892751434605913,-47.29756323722396,4.509473838361146,4.643126373060028,81.15782462942208,-46.80230724276336
GRB250128440,2025-01-28 10:33:43.698797+00:00,2.671,,4.0,1.0,,GRB5,GRB,291.9614352564289,8.706697897013896,8.26393110598633,65.10773293009389,2.3917562291049137,2.8737653581910294,291.3445380836987,66.09547910681735
GRB250128683,2025-01-28 16:22:53.766161+00:00,0.098,,0.14,0.996836121799169,1.0,GRB5,GRB,253.80372139367643,9.523828560556154,5.827941690826151,14.380510319502738,10.717613753811202,13.0749620423332,250.5988861747816,20.85371358912313
GRB250131239,2025-01-31 05:44:37.391450+00:00,6.573,,7.33,0.9999927999689396,,GRB6,,43.57577598842262,14.510764680570936,16.71197263051118,-36.64435521414967,12.653642852599049,23.32726829700644,45.682874882541455,-23.877902275305424
GRB250202841,2025-02-02 20:10:37.513618+00:00,3.606,,3.94,1.0,0.2749952824939673,GRB1,GRB,292.4483857328089,2.150926241118213,2.323174239841478,-54.92385883643909,1.4455811198357296,1.3477101260712203,292.5910908103796,-54.70096940972476
GRB250204279,2025-02-04 06:41:14.660045+00:00,1.466,,1.42,1.0,,GRB5,GRB,2.0841883203663603,1.4657287160819288,1.2571806261615484,28.932017734156908,1.729234030315503,1.884295080775761,2.026252693725467,29.0711324234713
GRB250205749,2025-02-05 17:58:53.292447+00:00,0.804,,0.8300000000000001,0.9999972408182588,0.4051466024635498,GRB3,,310.9124234604673,11.17774166874426,11.090148077636002,24.949223393146177,4.796944630409698,4.268948436389486,308.27725899131576,25.8065320096066
GRB250212170,2025-02-12 04:04:53.344261+00:00,1.466,,0.96,0.9999861626010824,,GRB5,,11.217351447111064,8.434507780224315,6.358106645438943,-33.5054182011515,12.15738777433828,7.220893812101622,9.841582679464096,-35.46711164509614
GRB250212389,2025-02-12 09:19:44.970086+00:00,6.573,,6.54,1.0,0.0257692655560495,GRB5,,51.24679267886006,3.087045813447027,2.93469722512964,21.52651833904989,4.827793352054265,4.986802643438665,51.08105342505151,21.379392418854685
GRB250214231,2025-02-14 05:32:07.550039+00:00,1.466,,1.55,1.0,0.6667455815527071,GRB3,GRB,136.1976180629677,3.794196921052759,3.189227240243383,-50.90008509645015,2.110142198458739,2.1726013306496696,135.47280790674216,-51.11815094179062
GRB250215106,2025-02-15 02:32:07.589176+00:00,1.086,,1.62,1.0,0.9297189654632348,GRB5,GRB,158.57969135215228,1.5900273644333822,1.455185486567757,-31.169447842350223,1.73677362244009,1.6179616366036882,158.87649079122804,-30.97514641223736
GRB250217325,2025-02-17 07:47:25.640710+00:00,0.179,,0.17,0.9999987925797676,0.1332989547749866,GRB5,GRB,164.7967790629454,5.371320661081597,6.285042955020089,1.169325087876516,8.429092728737176,8.97896153195135,164.31891337980636,2.368650836401857
GRB250217478,2025-02-17 11:27:40.747951+00:00,1.466,,1.42,1.0,0.2489318642722928,GRB5,GRB,232.09118617718457,3.97420039962492,3.48692619683186,42.51108498237123,3.5472557441892647,3.340240396037956,231.7334410194956,42.40331203590368
GRB250217996,2025-02-17 23:54:41.931057+00:00,0.242,,0.31,1.0,0.0001157203008315,GRB5,GRB,118.40872435861944,2.613424980216081,3.741025281351952,44.6744965835319,1.8063858385350928,1.6701181010579305,118.53995314075075,44.320304176454016
GRB250221191,2025-02-21 04:35:00.458111+00:00,1.979,,2.96,1.0,,GRB6,SFLARE,322.4741225805934,1.66038693456494,2.184842442925913,-29.15741970556424,1.6672652199129132,1.8754356566336696,322.92412245411003,-29.0972684326834
GRB250222585,2025-02-22 14:02:12.683771+00:00,0.133,,0.13,0.999995229684869,0.0014157806784057,GRB3,,148.23332383788727,10.1065706010979,10.322177536600549,-47.71712643060664,9.585024158449862,6.145475127375093,144.68675440302377,-49.34059769226104
GRB250223680,2025-02-23 16:18:36.946195+00:00,1.086,,1.62,0.9980790984439878,,GRB5,GRB,254.1792834658837,3.5870365212867625,3.646175481359592,32.76599557686202,4.453465045255321,4.881911126443541,253.8289341473924,31.8651580155218
GRB250223692,2025-02-23 16:36:11.829031+00:00,0.327,,0.31,0.999993848212195,,GRB5,GRB,339.02292748954187,9.355375096683645,7.5742370455240575,-37.50075791757135,7.95314214922281,10.239971921524152,338.5104447755804,-33.042245068062044
GRB250225268,2025-02-25 06:25:22.668063+00:00,6.573,,7.76,1.0,0.205059952931438,GRB5,GRB,77.4973821388818,10.17209991569085,11.650784105369423,-47.18858135867635,7.997083594158667,9.74657993781674,82.22129143489096,-41.8633351716556
GRB250225823,2025-02-25 19:44:45.550674+00:00,6.573,,8.21,1.0,,GRB5,,305.128933154272,4.215340115715378,3.987214962123233,-42.384800591838456,3.1143570293183487,3.258221290736081,305.2503183997061,-42.50340586593845
GRB250228308,2025-02-28 07:23:46.167124+00:00,0.327,,0.32,0.999987583835528,,GRB5,GRB,91.4053704178118,6.226774110582994,5.162082658128384,-32.68945978811445,10.945778853127855,12.46059278958763,88.74521616337427,-33.77701361566132
GRB250304375,2025-03-04 08:59:35.143264+00:00,1.086,,1.5,1.0,0.1764899839425567,GRB1,,43.58088333165461,2.5012490849939155,2.543507186019994,-3.2982690051381978,2.702125317896691,2.665263698642532,43.807259609714805,-3.8686946442487073
GRB250304873,2025-03-04 20:57:17.242832+00:00,6.573,,7.76,0.9999972962539936,0.0616676694356024,GRB5,,350.38692009980696,6.288167743561644,7.742722266426711,25.53592507253276,10.184646778274267,10.57226322720884,351.90528070786115,27.249407074480537
GRB250305645,2025-03-05 15:28:58.538538+00:00,1.466,,1.55,1.0,,GRB5,GRB,223.7600472348928,0.9657641147298648,0.6652083069523087,2.3962085637602746,1.2810937580770347,0.8935920272545548,223.2936952640295,1.5952138110236342
GRB250307832,2025-03-07 19:57:57.346442+00:00,6.573,,7.76,1.0,0.9834277886305928,GRB5,GRB,265.41569609228713,0.8661307530238673,1.121993138746063,-1.6473412141781505,1.145116861208234,0.9238480861593276,265.48850406862863,-1.712088363794807
GRB250309333,2025-03-09 07:59:38.704141+00:00,0.327,,0.35,0.936675422595573,0.0003770327791019,GRB5,GRB,12.663768453611214,6.820698789523741,7.474138438826602,36.79911069997323,5.063576648239646,6.587916750622572,13.680357088166671,36.593499659054686
GRB250316375,2025-03-16 09:00:12.004337+00:00,6.573,,8.21,0.9098853471049598,0.9834277886305928,GRB5,GRB,218.67443310531087,2.329599976530403,3.0135672982247,16.250778777556818,4.424955649692702,3.641128772645287,218.76153302830284,15.006824320181524
GRB250317004,2025-03-17 00:05:30.853090+00:00,6.573,,7.33,1.0,0.0061215493903593,GRB5,GRB,147.59453339129357,2.003320500235532,2.1689336827129466,-25.81230169805637,1.801340676559569,1.5329752207544338,148.5223281662531,-25.84255684253165
GRB250317825,2025-03-17 19:47:53.522377+00:00,6.573,,5.84,1.0,0.0072035482112915,GRB5,GRB,60.41578006495886,1.8727346818749664,1.5803565812259706,-26.409070894064712,1.199720743764054,1.7752061183929015,60.48186639634618,-25.998183150695205
GRB250319214,2025-03-19 05:07:28.905531+00:00,0.04,,0.04,1.0,0.0055209897660243,GRB5,GRB,234.6576693941056,11.074883442106229,14.121996059577214,-69.73292315657517,4.51302630774812,3.837791150433716,235.859015737805,-70.4990830225621
GRB250321030,2025-03-21 00:42:40.641082+00:00,3.606,,3.5500000000000003,1.0,0.9962507917115806,GRB3,GRB,299.2561894314191,1.516787869769075,1.4759178482923971,24.01502668098283,2.3729754163629693,2.839071647485909,298.9318740603891,25.200826473542413
GRB250321908,2025-03-21 21:47:37.593310+00:00,3.606,,5.4,1.0,0.2765633275028153,GRB5,GRB,89.42769382199852,3.810252436759157,2.874798128525996,-28.32526776638225,4.064929190997685,4.251396186460504,89.23450613877637,-26.715343783240225
GRB250325259,2025-03-25 06:13:40.754909+00:00,6.573,,6.54,0.9207654531121048,0.1600429670496179,GRB5,,268.809935734168,29.4205200732639,29.57960978484857,60.21528980243608,15.732136294441602,108.26221632181728,264.4459276899446,75.92698827483983
GRB250325286,2025-03-25 06:51:26.070998+00:00,3.606,,4.38,1.0,0.3645337240589488,GRB3,,136.3416767131182,5.567719793642596,5.300823024488977,-40.67636649514894,7.094368692545096,5.864836302012755,138.09360208916894,-41.80459505763477
GRB250326552,2025-03-26 13:15:16.646383+00:00,1.979,,2.46,1.0,0.1312821053281014,GRB5,GRB,240.47816299667,45.39140036326589,62.07237765597202,84.50657218935805,2.496315379468399,3.381804257895311,243.0565111839322,85.11671667022875
GRB250328572,2025-03-28 13:42:58.060607+00:00,0.004,13.0,0.005,0.9999912905410144,0.1968174575056458,GRB2,,55.915959468625545,49.58234780001703,26.488452025791503,43.15968226780792,13.939991840038076,47.64613012464404,52.19845566674223,47.268184480041015
GRB250328912,2025-03-28 21:53:44.711261+00:00,4.869,,5.11,0.9874666379725112,0.0438897074549835,GRB5,,343.93550917332584,4.942760879781133,4.749829141301461,19.949789671962183,3.5252572656593664,4.494213235579309,344.3510958151828,21.50763892929949
GRB250330255,2025-03-30 06:07:39.414064+00:00,2.671,,2.69,1.0,,GRB5,GRB,224.17027092910428,5.379702462989343,9.910251333210963,-83.54148415753359,2.18685075567916,2.165374254869945,227.6335452366313,-83.91788493579753
GRB250330911,2025-03-30 21:52:22.211419+00:00,0.327,,0.3,1.0,0.0027356489230388,GRB5,GRB,114.99458713741949,1.3508431775106118,1.3018124944498195,13.859742994816424,1.6785964775840796,1.8783541273605504,114.69381566852296,13.351726395244654
GRB250331243,2025-03-31 05:49:16.641932+00:00,2.671,,2.69,1.0,0.0133665767109775,GRB5,GRB,76.22231176499234,14.326235812038815,13.229051408662208,68.13639991710085,3.877333048430103,3.2237728674897568,76.18017915892011,68.23037015393186
GRB250331949,2025-03-31 22:46:33.170227+00:00,6.573,,6.54,1.0,0.0071402522480221,GRB5,GRB,192.6236705966905,6.288695377892907,6.615787022413741,-30.46974729269374,9.893359342869822,8.638808043042872,190.53079658258844,-31.081908342878634
GRB250402964,2025-04-02 23:08:33.925644+00:00,6.573,,8.21,1.0,0.1759134035436049,GRB5,GRB,220.23649168901463,3.4303199852138,3.5027907861875462,-2.757149993534317,3.98619716148287,3.7763536388894288,219.5099011493596,-2.822648033126661
GRB250403636,2025-04-03 15:15:27.166299+00:00,2.671,,3.62,1.0,0.0063372954965646,GRB5,GRB,197.4926387160557,1.968562260813087,2.485552834582564,-22.78665332778175,2.665808567979049,3.12708238163275,197.7056612055486,-21.935080972032907
GRB250410218,2025-04-10 05:14:09.072890+00:00,6.573,,6.54,0.9463702634703226,0.1684212462345347,GRB6,,274.7644749490322,7.760706007280191,6.793018834991187,-26.607460014052087,5.766446913823064,4.907316403384833,270.40060678966205,-26.14502342458808
GRB250411762,2025-04-11 18:17:15.937111+00:00,6.573,,8.21,1.0,0.0049438418807571,GRB5,GRB,244.8052471580569,2.398560156091208,3.1786773760048,-14.81961632709881,2.966212796804664,2.6453789541342907,246.2101564754581,-15.669611133005958
GRB250412754,2025-04-12 18:06:08.164100+00:00,3.606,,3.5500000000000003,1.0,,GRB5,GRB,327.6913582511028,16.768010095487966,32.21353976571044,-80.91453919425871,3.331735425188512,3.846448855896712,331.3912834641224,-80.76928414739486
GRB250421443,2025-04-21 10:38:34.764703+00:00,2.671,,4.0,1.0,0.2902570784452875,GRB5,GRB,248.9232443486345,3.326503350471228,3.7284868966209217,-62.010057400441625,2.706267036136396,2.456323812818667,249.86231256045983,-62.72915932945621
GRB250427560,2025-04-27 13:27:03.547593+00:00,6.573,,7.76,0.9999974752266316,0.0109782249529801,GRB3,,296.97675160604683,5.807344620161757,5.583393473336287,38.926988907942594,3.909397036990456,3.896356117824048,296.3704674072624,38.05893573873741
GRB250501631,2025-05-01 15:08:07.603959+00:00,3.606,,3.74,0.9544198952779728,,GRB1,,59.93747290015602,7.986487870288613,7.345390009987739,19.559567493868293,4.999880829621588,4.530224521458361,59.768133003098505,19.7902930635841
GRB250504239,2025-05-04 05:43:31.630439+00:00,0.073,,0.07,0.9808315118827788,0.0246215296278695,GRB5,,163.0529321676861,13.784668691547296,9.70398387751871,54.29689524409916,9.96563516654875,9.512708024785589,155.09417832163587,62.98315138659443
GRB250504838,2025-05-04 20:06:29.704162+00:00,1.086,,1.62,0.9999987925797676,0.2614480689424437,GRB5,,65.64804670342706,8.338273317659926,8.117654454185669,69.15338421293144,4.079590802385866,4.101527252437748,68.07460857184856,69.01444440844392
GRB250505046,2025-05-05 01:05:56.104820+00:00,6.573,,7.76,0.9999974752266316,0.2791823269765693,GRB3,,275.03070071898213,5.705438139021396,6.152821137093326,-6.431628310382273,3.964848457405685,4.435913129112624,275.2951965390624,-5.3869732937297385
GRB250505199,2025-05-05 04:46:26.689848+00:00,0.596,,0.75,0.9503306895212617,0.2733730822021148,GRB3,,261.53661064503865,7.252219788334571,8.11676716362993,-38.168410946061,6.042342545898215,5.72903002720291,264.2101840230232,-38.94443322938204
GRB250505339,2025-05-05 08:08:45.749554+00:00,6.573,,8.21,1.0,,GRB5,GRB,86.30275341075276,2.031924087839897,1.929709664444303,-3.579792383333304,1.7496135914302844,1.754300441247354,86.31916237149505,-3.167180679245792
GRB250506100,2025-05-06 02:23:56.687037+00:00,6.573,,1.88,1.0,0.0973468846896161,GRB5,GRB,210.63845940297225,2.1912383068987253,0.7037976829985837,21.442366577076392,0.72486227418716,0.8884466932463724,210.6321714829977,21.846101898010293
GRB250509940,2025-05-09 22:33:31.349065+00:00,2.671,,4.0,0.9999987925797676,0.9962507917115806,GRB5,GRB,45.75157986041808,3.760200749581728,3.2225072622098025,-29.99984137052208,2.596952211552626,2.445408740582604,44.40174842988195,-29.771415003531345
GRB250512501,2025-05-12 12:01:37.814058+00:00,6.573,,8.21,0.9999974752266316,0.266872781923458,GRB3,GRB,327.5776359624588,2.928613982330148,2.943276064523559,44.36837596673382,4.048874680478036,4.042960840552503,327.3540052290046,46.38058271560543
GRB250514561,2025-05-14 13:28:04.409139+00:00,2.671,,3.81,1.0,0.1449843104649603,GRB5,GRB,253.38023968953044,4.199004801099733,4.152804412402617,33.65018938905531,3.542429700494999,3.612017105444696,252.23385955814663,33.06815689304396
GRB250515866,2025-05-15 20:46:21.901891+00:00,0.073,,0.09,1.0,,GRB5,GRB,149.68688858877874,5.128914171318684,9.76958792255408,20.41821750487705,9.486845985139071,8.974316793611596,151.01127150296958,19.94547270597393
GRB250516608,2025-05-16 14:35:34.812077+00:00,1.086,,1.04,1.0,,GRB5,GRB,332.9001580253555,0.8849601274093857,0.781342702720849,-0.8548142998559423,1.924440242849308,2.3080635759967283,332.7169447291641,-1.246177050769691
GRB250518339,2025-05-18 08:08:13.970749+00:00,0.003,3.0,0.004,0.9999912905410144,0.0949045259434721,GRB2,,186.7038258796162,122.29485601849716,126.37786173048246,5.631303410109759,43.68657097839147,41.89322140400666,286.13525891587165,10.154471940005806
GRB250520442,2025-05-20 10:36:07.378655+00:00,4.869,,5.11,0.9999380036286278,0.1832772720774859,GRB5,GRB,120.79438640922385,7.509462456200538,7.002082470650109,70.67784946300176,1.5100500760196385,1.2538894652433044,118.04429200940643,70.23588785323074
GRB250521563,2025-05-21 13:31:04.024985+00:00,6.573,,6.93,1.0,0.0120114188489967,GRB1,GRB,105.5938447991562,7.149514070540391,7.739226394184115,59.37406122604401,5.056426813369434,5.079925264197712,106.820425933485,59.05174968528203
GRB250521932,2025-05-21 22:22:00.607787+00:00,6.573,,6.93,1.0,0.2467726519583145,GRB5,GRB,275.58667849116,2.10111411378972,2.274539033331223,25.904535443394128,2.3019253638335755,2.47626868255157,275.52798741442336,26.56847255174613
GRB250522715,2025-05-22 17:08:53.464003+00:00,6.573,,4.93,1.0,0.9834277886305928,GRB5,GRB,286.501934521271,11.948705067545404,8.92325490572199,-63.09860483941394,4.389495267707673,3.3029353434399766,284.3577541000661,-64.27219799180978
GRB250522918,2025-05-22 22:01:59.782938+00:00,0.054,,0.06,1.0,0.2490693631831612,GRB5,GRB,50.17822605067464,6.36947376485864,5.692153330610857,-5.520918639608381,4.526830461037531,5.201017322250828,47.01275026977768,-5.040915430665786
GRB250525745,2025-05-25 17:53:06.308610+00:00,0.804,,0.8,0.9999987925797676,,GRB5,,308.77696063136483,7.257454651760497,7.683412468609788,-33.9144026162097,6.528899471783998,5.3801796793770365,308.54050147109194,-34.675066367286824
GRB250527713,2025-05-27 17:06:14.103518+00:00,6.573,,8.21,1.0,0.2460243127426642,GRB5,GRB,40.28031697670175,4.9414154418324685,5.194218624549741,15.404932439147068,4.615528421349374,4.794305381173874,41.76602166483886,16.16036083359934
GRB250529457,2025-05-29 10:58:27.357377+00:00,6.573,,7.76,1.0,1.0,GRB5,GRB,155.9985562239326,3.791923915593401,3.7819910767704528,66.03336588052267,2.1868143154467106,1.725725450586367,156.69406468457422,65.45623903154824
GRB250601729,2025-06-01 17:29:35.807524+00:00,1.466,,0.92,1.0,1.0,GRB5,GRB,95.74263969005229,5.0879888926641,5.030922490251044,-64.75210492721826,2.3938125431884103,2.911196858204562,95.64300569291646,-65.23116731848478
GRB250602128,2025-06-02 03:04:31.908195+00:00,1.466,,1.69,0.9999987925797676,,GRB5,GRB,98.55072160398475,9.996471733879645,8.508735693560538,64.24487909296226,4.083697431971814,10.184510716101665,91.19228557736756,65.80304890639678
GRB250603426,2025-06-03 10:13:41.375243+00:00,3.606,,3.74,0.9599589622854404,,GRB1,GRB,275.75054511588,12.072969759503962,3.2098265470334013,41.12315653401484,2.7354906565426163,4.892234772099464,275.8128684843542,41.746396004193805
GRB250605148,2025-06-05 03:32:27.857668+00:00,2.671,,3.12,0.9999932908247998,0.0377842714469711,GRB6,,21.85469297789133,12.06302668700441,12.3266029976564,-68.39764850458891,2.4852721863931606,2.7662596216703577,27.811282621906347,-68.49923767748872
GRB250606187,2025-06-06 04:28:43.067173+00:00,1.466,,2.19,1.0,0.0386384800009836,GRB5,GRB,29.11466784284729,7.149538580566436,7.420073592776518,-77.45278938305304,2.3548654319425,2.444765436256745,28.8755344937868,-77.409942457188
GRB250607584,2025-06-07 14:00:55.551958+00:00,3.606,,3.5500000000000003,1.0,,GRB5,GRB,221.7918238838576,3.319194617152249,3.556036450304191,-19.24353559909608,2.582763109140572,2.452674295819204,222.54734218771443,-19.88603934308983
GRB250609366,2025-06-09 08:47:18.981162+00:00,1.466,,1.55,1.0,0.2792414996383242,GRB5,GRB,125.85647846918654,17.334370957257008,16.441390767390715,-14.171956292348412,18.658867857657693,16.19202628711211,141.82584382958277,0.225178777464869
GRB250610966,2025-06-10 23:11:33.094364+00:00,4.869,,4.8500000000000005,1.0,0.6610282560994871,GRB3,GRB,36.106863689803326,4.161139254231429,4.264261025300357,56.79906770982956,1.5449924879133192,1.367859416627347,36.11492104870005,56.45243147425998
GRB250612620,2025-06-12 14:53:17.551737+00:00,1.979,,1.95,1.0,0.0247360260012183,GRB6,GRB,128.7805447893483,0.6006468423948093,15.506353441670171,-0.7175131006049835,0.6753495015224167,2.2478420709869145,128.9642300642904,-0.5922568678673334
GRB250619635,2025-06-19 15:14:56.347887+00:00,1.466,,2.19,0.9999987684303524,0.0122775017125625,GRB5,GRB,39.85639482961986,1.7574432715840516,2.170855810898296,21.20462029304433,3.031927141768381,3.447515995932484,40.17949194813816,22.74884382987084
GRB250620337,2025-06-20 08:05:18.934196+00:00,0.133,,0.15,1.0,0.6389592356526341,GRB3,GRB,45.47963132761682,8.685315967154757,10.297214247265131,65.13768194212417,4.037048734579557,4.03768733534573,44.88961444971687,65.29800631335122
GRB250620672,2025-06-20 16:07:42.044309+00:00,2.671,,1.28,1.0,7.019126850077698e-05,GRB5,GRB,146.1060419342118,2.6901106561526262,2.3590512338413703,54.32229004691175,1.176752381578602,1.2682033528977072,146.55537895847303,54.538797621551765
GRB250621052,2025-06-21 01:14:56.607773+00:00,2.671,,3.28,1.0,1.0,GRB3,GRB,127.98033271760812,2.322798084017819,1.2265023886185418,-25.405203463443303,1.6451444407088864,1.8698431863619795,127.41787705345538,-25.92330655024655
GRB250621104,2025-06-21 02:29:06.039328+00:00,6.573,,6.54,0.9904661624264268,0.4785002740061532,GRB5,,144.14214044994674,7.355298080747218,12.098619772595583,6.259925107221619,15.88719434386362,11.859302900199566,147.97760876884757,1.6761931413461326
GRB250623244,2025-06-23 05:51:00.570778+00:00,0.098,,0.11,0.9940402900440034,0.2100166157160192,GRB5,,40.60985487449516,9.614752029213058,9.403845808172402,-4.552954563165697,7.915604106677475,8.581239321106205,41.39333969982579,-3.62016271731788
GRB250623878,2025-06-23 21:04:24.971452+00:00,0.022,1.0,0.022,0.999361578854104,0.0630075217921998,GRB2,,23.56480827150165,24.28914774049488,13.794976437585206,62.3572724164517,9.557254928372352,13.83009537190202,16.178033627517056,65.95348602793408
GRB250625670,2025-06-25 16:04:58.214027+00:00,2.671,,2.69,1.0,0.9834277886305928,GRB6,GRB,255.01251060704988,3.1959497109355084,3.021798414542445,12.606575655019306,6.767333002023992,7.110140193172178,254.3141455422616,8.50795255454858
GRB250626926,2025-06-26 22:13:53.967376+00:00,0.098,,0.13,0.9999987925797676,0.0020167126828404,GRB5,GRB,34.78511980594283,6.8997209055997,6.626907551845221,-3.8602332238254977,10.666382696353825,8.603825327231943,32.34037899370871,-5.020692128305512
GRB250628802,2025-06-28 19:15:18.488274+00:00,6.573,,8.21,1.0,0.0985893596223472,GRB5,GRB,170.18952947159198,2.693181904654267,3.7636439367566936,-5.227647084192772,2.498882650626182,3.66790242017039,171.48960931428354,-4.405471884079976
GRB250702618,2025-07-02 14:49:31.921032+00:00,0.098,,0.11,1.0,0.2714811217432433,GRB5,GRB,119.2892947156614,12.653712643181436,8.37090672592305,-10.53462900813626,7.659568261410824,10.715842063978249,115.59001533231591,-2.331977973741953
GRB250702880,2025-07-02 21:07:27.423607+00:00,0.242,,0.36,1.0,,GRB5,GRB,214.1619977116805,1.961386825298547,2.559633046926251,9.25727196347619,4.769541940323238,5.160473411909537,213.9185292007573,9.69819248392838
GRB250703187,2025-07-03 04:29:30.465707+00:00,0.005,7.0,0.005,0.9999912905410144,0.2724323133042585,GRB2,,147.72918244195526,17.374991516185162,24.924861709969647,-49.48326796389452,10.851028849644225,6.674592492681683,155.35224269278484,-51.27118750251589
GRB250706509,2025-07-06 12:12:28.694543+00:00,0.179,,0.17,0.9999908049147016,0.2778811608992345,GRB1,,22.91226738954605,6.066999156511496,5.688420900390678,5.41054131421728,5.003501590839321,4.345583949241116,22.96546302967651,5.117544196973418
GRB250708620,2025-07-08 14:52:05.652571+00:00,6.573,,6.54,1.0,0.036553315872829,GRB5,GRB,244.71336129764344,4.306315008854142,3.708034150869537,1.8656686982602155,3.5741640758325497,3.815319563063341,244.7574591053365,2.104730568179729
GRB250713435,2025-07-13 10:26:48.286964+00:00,6.573,,6.93,0.9999985287862336,,GRB5,,143.21450189587262,9.840825192440803,10.330531438473145,23.701105013311384,9.676951003270666,9.763902842717544,144.52583153737328,21.67035568302554
GRB250714302,2025-07-14 07:15:27.366096+00:00,1.086,,1.62,1.0,0.0226634334596537,GRB5,GRB,98.6675395328864,1.43434258606284,2.351359417062298,-20.787225983874016,1.7741171356612568,1.8589938330441167,99.25531541079444,-19.998794060018103
GRB250715621,2025-07-15 14:54:51.781950+00:00,6.573,,6.54,1.0,,GRB1,GRB,199.2018749571141,1.9952405704488,1.760306414390044,45.896002372441394,1.7266412377132028,1.815799516100732,199.06202160043784,46.61220707333928
GRB250716589,2025-07-16 14:07:59.037498+00:00,0.016,3.0,0.016,0.9861528246825866,0.2733899803350201,GRB5,,259.03352816527314,20.651897597985226,24.777033131188944,69.76487532432073,7.897489616230672,10.062601922676729,256.097080593781,71.50878556862774
GRB250717159,2025-07-17 03:48:16.801882+00:00,6.573,,8.21,1.0,0.0260714575741555,GRB5,GRB,23.51600029068764,1.458116012462515,1.5115033063800247,6.001139271684224,1.5264796026158685,1.5984022473703732,23.560984411136253,5.8935886544115945
GRB250717573,2025-07-17 13:44:24.139420+00:00,2.671,,2.83,1.0,1.0,GRB5,GRB,41.77248107533971,1.9134850939677577,1.7897313694060557,22.992686619337228,1.7997718410640502,1.4853297054025134,41.645198388100326,22.50732203807668
GRB250718296,2025-07-18 07:05:40.033819+00:00,0.179,,0.23,1.0,0.2742205913020021,GRB6,GRB,203.72759661239567,6.426240411896288,5.884335345167045,-3.3263658152839746,6.952942875258769,13.37063859632726,202.6290382503992,0.595448117223814
GRB250720790,2025-07-20 18:57:10.300356+00:00,0.242,,0.23,1.0,0.2829653732886039,GRB5,GRB,98.9104655920794,8.71335054601225,10.695369734339636,-63.28982133933189,22.54197448037219,8.70998285270013,101.47714621394157,-69.57805968093658
GRB250721309,2025-07-21 07:24:38.999522+00:00,0.012,7.0,0.012,0.996785129406944,0.0052039375333315,GRB2,,140.0068348339915,17.001494892007003,20.716351245398585,-41.36499920053321,59.78553105274027,10.898757001662696,143.05550559808228,-49.05097774593679
GRB250722101,2025-07-22 02:26:02.019294+00:00,0.441,,0.42,0.9999987925797676,0.291248758780545,GRB5,,62.5521441505083,7.754079245538108,5.628855133076684,-45.823335508274525,7.057998660672311,6.292857861773449,60.64094929183559,-46.99647113532134
GRB250722465,2025-07-22 11:09:06.065302+00:00,3.606,,4.87,0.9046450533154768,0.1351891389997066,GRB5,GRB,350.8232773465865,6.819133369921985,6.281265077237606,-51.64602484981128,7.481834672244652,5.658480292760913,358.66111919636603,-55.98766259668614
GRB250723551,2025-07-23 13:13:05.425444+00:00,2.671,,2.69,1.0,,GRB3,GRB,61.68704595356103,3.4687059112043173,3.69820189747324,40.747743646556245,2.2874874433038954,2.2448027234604453,62.410684189814525,40.93670785712849
GRB250723615,2025-07-23 14:45:39.750549+00:00,2.671,,2.97,1.0,,GRB5,GRB,4.844392851565328,4.406829349297633,3.096307659002015,48.44414738503726,2.6110866172043785,3.345199127850229,3.228575625188961,49.05927783600681
GRB250724944,2025-07-24 22:38:56.742983+00:00,3.606,,5.13,0.9999987925797676,0.3282768420948274,GRB5,LOCLPAR,165.56369652111283,5.157058135483425,5.880781280962367,-34.046254038375295,7.932347631443264,5.933686981067218,166.91724797906232,-36.10399748297879
GRB250725319,2025-07-25 07:39:31.101606+00:00,6.573,,6.54,0.999994001085531,,GRB6,,17.65625724389208,6.911778804650293,6.94873778564952,-35.52380365653058,4.378249429363539,4.695673477408754,16.520080981467967,-34.00360694142837
GRB250727339,2025-07-27 08:08:13.914784+00:00,2.671,,3.81,0.9586205258825614,0.0300367852290214,GRB1,,344.71226958790265,11.055048811705888,27.2007910269794,-78.66109856596844,5.396309741541359,4.85666072135237,358.1708391645108,-80.09637387772119
GRB250728393,2025-07-28 09:25:45.526963+00:00,0.04,,0.04,1.0,0.9834277886305928,GRB5,GRB,268.19832462989984,11.722090812806757,11.281244113151786,33.87893946298446,13.853259411162568,16.60685050726916,272.1722017509712,36.16157831194394
GRB250729060,2025-07-29 01:26:03.477381+00:00,6.573,,7.76,0.9866665693510744,0.112264357056545,GRB5,,61.35115052697317,3.509749023849693,2.629076068038742,14.180384671157984,6.477359897676628,5.716294691407548,59.44650537967884,13.118360135375488
GRB250803778,2025-08-03 18:40:32.910259+00:00,6.573,,6.54,0.9999096261604687,0.2221411509848621,GRB5,,27.718455909227785,7.151883621606011,6.376997542254216,29.278568833815235,6.454804221636628,7.899411101108068,26.37299732132123,32.93655948496377
GRB250804485,2025-08-04 11:38:03.472723+00:00,0.022,14.0,0.022,1.0,0.2908398584561728,GRB5,GRB,140.68577101217429,5.758153543194055,5.802328794893299,23.90947686844533,7.023811216274641,5.647391151347396,141.4193510217732,22.12394963285277
GRB250804960,2025-08-04 23:02:31.254451+00:00,1.086,,1.62,0.9999985839088116,0.0010918877519103,GRB5,GRB,10.141832003103282,6.943525337766616,6.370226399109479,-70.15264035540585,2.119767233977413,2.1144368033463508,7.774179024603388,-70.51926146586285
GRB250808147,2025-08-08 03:31:36.809155+00:00,6.573,,8.21,1.0,0.2790456030542962,GRB5,SFLARE,159.40214058486677,1.3960880114758538,1.261256451822561,41.05204779787749,1.3052050076713542,0.9815089162643248,159.04794257491642,40.52423819488193
GRB250811505,2025-08-11 12:07:07.883903+00:00,0.098,,0.11,0.9999812800541624,0.2740954431332753,GRB1,,259.7457327154949,9.925799060306929,8.127744449619371,58.896005789744486,6.383119458196212,6.438397271568739,259.81558083474613,58.15732252319002
GRB250813074,2025-08-13 01:46:02.782115+00:00,2.671,,4.0,0.9999973055459572,0.1919465644111516,GRB3,GRB,4.010757332156739,3.786115564443744,2.7849729371013225,56.67342739516968,2.0492433264941354,2.5869554458587984,0.1521466382520626,57.22959306942193
GRB250814432,2025-08-14 10:22:12.104922+00:00,4.869,,4.8500000000000005,1.0,0.0249922050560904,GRB3,GRB,88.02196796248124,2.551914151851321,2.729185791121949,19.52543158041877,2.469014866285168,2.211831319542245,88.6710868064374,19.39628703619933
GRB250815492,2025-08-15 11:49:10.967202+00:00,0.441,,0.42,1.0,0.0240713147212031,GRB1,GRB,224.6704723092249,1.306032952771801,1.2888668870347717,0.4859610395492525,1.359195973320099,1.5101365125338626,224.59641976211367,0.3795223093526081
GRB250816063,2025-08-16 01:30:10.638408+00:00,0.441,,0.26,1.0,,GRB5,GRB,163.28759151076568,3.4569521405783235,4.549764775851486,57.20118516995584,1.2589631985603449,1.192126808758779,163.92419864855768,56.36692790541774
GRB250827649,2025-08-27 15:34:53.571911+00:00,2.671,,2.1,1.0,,GRB5,GRB,355.90428494965147,2.8800410995674497,4.320690899398812,-42.69502679344888,3.239912944916263,3.503218547927709,359.3875579980336,-41.92396213878925
GRB250831936,2025-08-31 22:27:08.171820+00:00,6.573,,6.93,0.9085315364009734,0.0169577522239306,GRB3,,177.4253120698531,33.51574245893838,18.16982746340276,-46.275590256225286,13.65079737529905,10.917996353369553,169.21630910675685,-52.59145649266602
GRB250903059,2025-09-03 01:24:58.746292+00:00,1.086,,1.5,0.9289482000866486,0.0165363228251225,GRB1,,188.5423417479637,5.875260185263414,5.9563870551554885,-5.123616797816669,5.387935170560991,5.404333230167906,188.46032847460964,-7.121031560941473
GRB250909107,2025-09-09 02:33:31.858513+00:00,2.671,,4.0,1.0,0.0001650307045005,GRB3,GRB,76.41984977097238,2.91509872791967,2.6864130937251645,41.85217421187361,1.4896680099415462,1.790269003737059,76.43331873497664,41.9242404730076
GRB250912879,2025-09-12 21:06:23.804394+00:00,0.441,,0.66,1.0,0.977059948836468,GRB5,GRB,17.848707580349757,2.2732787353209183,2.57046409536086,9.297679575341377,4.402807761618,4.670747473718267,17.32390340591651,10.317300853432291
GRB250916345,2025-09-16 08:17:15.439111+00:00,0.016,5.0,0.017,1.0,0.2785005670232311,GRB5,SGR,285.4840072713638,2.8501184207226515,2.949326484234632,-14.18572512329704,4.069836332392711,3.8068507613405096,286.7654389666376,-15.261252737161753
GRB250917093,2025-09-17 02:13:13.975577+00:00,0.03,,0.03,1.0,,GRB5,GRB,323.3974232437008,7.920257547390918,7.840348394817511,-44.03919000313981,4.6343723906969245,4.055642611835019,324.1709473369863,-45.58627211371763
GRB250917269,2025-09-17 06:27:44.348699+00:00,0.054,,0.07,1.0,,GRB2,GRB,292.62363668716586,3.0049894579502165,2.9650835650147656,7.545569736813087,4.317113605324513,4.308163420861948,292.44236960452827,7.192591602646525
GRB250920366,2025-09-20 08:46:36.459738+00:00,0.179,,0.26,1.0,0.9834277886305928,GRB5,GRB,182.93711159713763,2.353422757722172,2.622343949607398,36.93481257764447,4.1371342874627,4.038319817172805,183.5216133053821,40.367985712867785
GRB250920643,2025-09-20 15:25:43.259191+00:00,0.04,,0.06,0.9999912905410144,0.9950125379695124,GRB2,GRB,81.87695351938632,2.822843131752478,29.602356354991585,27.9405272767531,5.031750672920289,51.63413426787756,83.23026996144716,30.22274785563925
GRB250922884,2025-09-22 21:13:25.876197+00:00,0.098,,0.11,1.0,0.0101205754363103,GRB5,GRB,31.90964639755096,5.589402390443219,5.918380458806823,25.120141067354712,4.859642454881758,5.664481140450878,33.08669417363839,26.332095581764115
GRB250924435,2025-09-24 10:26:58.807917+00:00,0.242,,0.24,1.0,0.2606106914181935,GRB5,GRB,303.97646461025204,8.607706447343219,8.299804424194178,-53.58522134028023,4.155598115584425,5.16000288225824,303.1526952988119,-51.21247233078847
GRB250926015,2025-09-26 00:21:25.106321+00:00,1.086,,1.08,1.0,,GRB5,GRB,84.92764406546387,0.5063952878438585,0.5403628621508858,-8.26713226760609,1.1056835211202944,0.7178769216289567,85.25437429316932,-8.620383859119528
GRB251001595,2025-10-01 14:17:22.916903+00:00,6.573,,8.21,0.9999987925797676,1.0,GRB5,GRB,44.26982383674999,5.351520855421015,5.238316447196858,-18.33692279329416,4.382949874311535,3.7953144764644335,44.066114696741,-19.643465593439384
GRB251003082,2025-10-03 01:58:32.862788+00:00,6.573,,8.21,1.0,1.0,GRB3,GRB,23.009988764476905,7.314620989702941,7.549447150394359,57.47595294558542,4.916575443826659,5.173562689960697,25.29432727175989,55.42584784234421
GRB251005603,2025-10-05 14:27:59.877024+00:00,3.606,,3.94,0.9999980107230348,0.0643303219592283,GRB5,GRB,301.30817039922704,4.358510927339466,4.095977628987839,-8.492345852180248,3.4857570264985807,4.276988766213114,300.5586003977153,-7.688137724482749
GRB251005671,2025-10-05 16:06:53.744643+00:00,3.606,,3.5500000000000003,1.0,1.0,GRB6,GRB,73.14560105325083,2.6800167411624045,3.13089189900154,11.684670992529997,5.875750036032663,5.040795555925857,72.78723778246626,9.60694179790336
GRB251006561,2025-10-06 13:27:35.102703+00:00,0.242,,0.22,1.0,0.1484640272393792,GRB3,GRB,265.778305211172,3.256757819410496,3.0842922612217194,-16.196293114910493,5.464221162950768,4.523408132506912,264.667105165277,-17.700278403287065
GRB251009666,2025-10-09 15:58:56.492309+00:00,0.179,,0.17,1.0,0.001121207759716,GRB3,GRB,81.1843489848506,4.801958759491029,5.729149779408672,20.68044418973949,5.0336791252555,11.02119387776656,82.21038519394733,24.31867715379198
GRB251010739,2025-10-10 17:44:30.409301+00:00,6.573,,6.93,1.0,0.2429744298626033,GRB5,GRB,208.7006198562549,4.85397837716306,4.460960128842743,55.69129895710002,2.3863147760144656,2.125807644438481,207.7084211281145,55.49601212665917
GRB251010961,2025-10-10 23:03:11.364041+00:00,1.979,,1.95,1.0,0.2752043479925852,GRB1,,139.55265154419715,5.125589293019914,3.375353504552322,-4.718302407401609,8.935884527634732,6.425984185162884,139.41305852438302,-5.890660072576221
GRB251011298,2025-10-11 07:08:24.194396+00:00,6.573,,8.21,1.0,0.9962507917115806,GRB5,GRB,17.591874515620663,5.691594267543412,5.479983660247489,-58.5862270587657,1.834924532726028,1.701046774288308,16.826862073289693,-58.019489579532205
GRB251011925,2025-10-11 22:11:24.135685+00:00,6.573,,8.21,1.0,0.2472719387063569,GRB1,GRB,168.25415530918931,1.5956335603588627,1.3904130922618378,-1.2081017228254567,1.0534750240671171,0.989111044852338,167.97309025581404,-1.1072040984974034
GRB251012616,2025-10-12 14:46:27.170795+00:00,0.133,,0.14,1.0,,GRB3,GRB,293.5658446624311,2.3045436784917115,2.7126512210747933,5.506515495001611,4.725456100683659,4.211748091135368,294.3075823290534,3.976592713931456
GRB251016625,2025-10-16 14:59:19.924340+00:00,0.242,,0.28,1.0,,GRB3,GRB,260.72171858757235,1.6045999594700788,1.8349022184966657,-47.48419367430628,1.2512252272816369,1.3354760669015633,261.38514567887,-47.40701650996106
GRB251018723,2025-10-18 17:21:44.696820+00:00,0.242,,0.2,1.0,0.3463009947779595,GRB5,GRB,173.96305561952056,26.86060642331688,18.093081400842323,-76.17706222077447,6.892312047728538,6.081057245488836,172.4535386376836,-76.37079227195653
GRB251020774,2025-10-20 18:34:19.258755+00:00,6.573,,6.93,0.9999813850253652,0.2176221700528578,GRB1,,103.97996576561296,16.00087923581121,10.742880318512562,-68.24433330331169,5.504702792285848,6.315424551920586,102.01739125064024,-67.67406055942912
GRB251021603,2025-10-21 14:28:12.538764+00:00,2.671,,3.62,0.931451488878627,0.0009753894215436,GRB1,,308.3236096828088,4.993175327476365,5.740670295601262,-35.345585028894234,3.9283229418364334,4.965584454188772,309.11070857445816,-34.87440909920457
GRB251025964,2025-10-25 23:08:43.595176+00:00,6.573,,8.21,0.9999050824688168,,GRB5,GRB,185.1496337142875,6.883902824823167,4.929022510823472,56.27051063799109,1.1671263575047703,1.8274340194107097,183.07706818050943,57.01543661029686
GRB251026305,2025-10-26 07:18:53.675402+00:00,3.606,,3.5500000000000003,0.9999974752266316,,GRB3,GRB,105.47593879294855,7.296333873958162,7.303677422438369,-9.197868968728024,5.037750455339703,4.921013947740528,106.348451111661,-11.562051870992232
GRB251028325,2025-10-28 07:48:13.180502+00:00,6.573,,8.21,1.0,0.8765021853540864,GRB5,GRB,350.93331894609776,3.0616348829100275,2.741567054104962,47.94031177649574,2.0940059507841724,2.23498860845676,351.1720494746712,47.873412806484495
GRB251030437,2025-10-30 10:28:56.055247+00:00,0.005,9.0,0.005,0.9459333179767556,0.1692855146592258,GRB2,,50.49598756789767,36.68922271422605,31.809895352898863,41.17104570921998,22.374081229175275,36.49629201925588,36.22863773454694,58.588378721127626
GRB251031306,2025-10-31 07:21:20.789264+00:00,6.573,,8.21,1.0,0.3559494324232684,GRB5,GRB,183.3784659992319,1.1603478840272032,1.1684039008511604,-18.30780640846927,1.6770218676193345,1.072857296436748,183.47414013000324,-18.40836368744117
GRB251101456,2025-11-01 10:56:22.533139+00:00,0.073,,0.07,1.0,0.2751104485787239,GRB5,UNCERT,5.55880098469005,6.221210763016838,4.020397931028771,-24.60374278131525,6.97313063817046,7.530161559085265,1.2875681016386296,-22.786042884383228
GRB251103199,2025-11-03 04:46:29.533687+00:00,3.606,,3.37,1.0,1.0,GRB5,GRB,151.84973062497818,1.1923336061855991,0.8039023498785127,27.03154810390932,0.5297432567635489,0.6837570164854583,151.3003596590195,26.98722556324613
GRB251103699,2025-11-03 16:46:39.409934+00:00,6.573,,7.33,1.0,0.9962507917115806,GRB3,GRB,107.73696554755716,1.4079510711845842,1.7087238930529909,-24.00276529518592,1.94944158667186,1.9011284689119528,108.1163883743422,-24.29642253967551
GRB251103856,2025-11-03 20:33:09.378340+00:00,0.441,,0.54,0.9988582473821268,0.9834277886305928,GRB6,,311.2058416233125,11.714723212466936,9.319975696223196,56.40171312562242,7.3016884905975985,6.238667337873416,309.02343726205504,52.53648491131604
GRB251105041,2025-11-05 00:58:34.865189+00:00,0.073,,0.09,1.0,,GRB5,,275.0437211859144,5.689435779781888,4.310972780945519,3.820652301846713,4.6000579311856935,8.93082122979921,274.3521883016649,5.468032700474623
GRB251105195,2025-11-05 04:41:21.059996+00:00,6.573,,8.21,0.9977515321528992,0.9834277886305928,GRB5,GRB,70.75574082646318,1.8724556032429405,1.843119537905551,6.5650720654403605,2.5875214295051103,2.7548839621022543,70.95288735523582,5.981946553152129
GRB251108889,2025-11-08 21:19:46.245609+00:00,0.596,,0.59,0.9958211454257254,0.1088846490179973,GRB5,GRB,145.5020046759393,3.468034934436588,1.849305619994766,7.832630158458735,5.56184406216565,2.277348782519568,144.91821897297223,7.587206576192941
GRB251110175,2025-11-10 04:12:34.164578+00:00,1.979,,1.78,1.0,,GRB5,,36.79936392815868,16.20400878574248,9.870761462296812,-41.13280846218662,4.567603937388981,4.780429274460516,35.69601508327878,-40.31985401074478
GRB251110235,2025-11-10 05:38:57.291048+00:00,0.098,,0.14,1.0,0.6651192586531706,GRB5,,232.16697998947643,6.011520946309645,6.376359948685206,-31.26929848715168,8.271656857915573,7.932948794795465,234.24330885207337,-31.589245265630467
GRB251114250,2025-11-14 06:00:15.792861+00:00,1.979,,1.95,1.0,0.2760335499626175,GRB3,,126.75629623104332,5.686986343949343,5.416376169349263,-44.72674814476997,3.546781905946183,3.783419304927996,124.83172253083508,-44.402312063398135
GRB251114860,2025-11-14 20:38:30.928151+00:00,1.979,,1.86,1.0,0.4418158224459019,GRB5,GRB,177.45339146578914,39.16170251963061,15.578617858400662,-84.95692660806499,2.2415511324446697,2.145349081914276,172.3402641332939,-84.5224590745957
GRB251115139,2025-11-15 03:20:03.836039+00:00,2.671,,2.97,1.0,0.2656195638628318,GRB5,GRB,330.96437026755035,1.4885166243556114,1.5486094016751508,-10.17875868781906,1.251049904634991,1.269041702395686,330.9820046711632,-10.489722866878513
GRB251116083,2025-11-16 02:00:10.663575+00:00,6.573,,3.71,1.0,0.3774965179307603,GRB5,GRB,47.20702531780074,2.680497991669057,2.776289325644669,-24.16728421198644,2.2316290089144672,1.8574633095178967,48.14351213606278,-23.79135348970962
GRB251117514,2025-11-17 12:19:52.576732+00:00,1.466,,1.48,1.0,0.9834277886305928,GRB5,GRB,342.8404492723903,4.445724385507219,4.041572736812213,-2.886868976443888,4.2627555582941214,3.456949874340419,342.2147444730706,-3.8817882512676647
GRB251118945,2025-11-18 22:40:05.789644+00:00,6.573,,6.54,0.9997940295217972,0.3175086056092507,GRB5,GRB,240.12606094053,5.649880080410753,5.613681253165993,24.02062494274677,5.721464360939521,5.94689629271187,239.63027996734263,22.85645284585822
GRB251121688,2025-11-21 16:30:59.000484+00:00,0.133,,0.11,1.0,0.9834277886305928,GRB6,GRB,217.80453027739392,21.52816729455654,29.691768598030023,-29.89273055862233,13.41554419851564,12.64343714677822,233.26400889183668,-38.59184005080746
GRB251126799,2025-11-26 19:10:39.114347+00:00,4.869,,5.11,0.9999837612220788,1.0,GRB5,,106.75748941997952,7.986075850168589,8.311342981734086,56.48080873882915,4.966679532706856,5.694247957741958,106.30842787097768,56.67201673659805
GRB251127137,2025-11-27 03:17:43.771066+00:00,0.327,,0.38,1.0,0.8580797181055682,GRB5,GRB,152.442252859293,1.985515690181785,2.205711290591978,34.77434005197955,3.766204148921205,3.48876078041382,152.90177633205897,34.34482448584425
GRB251128078,2025-11-28 01:51:46.374837+00:00,4.869,,4.8500000000000005,0.9608154573175096,0.0033512125739772,GRB5,,189.9184479161633,3.544121860456613,3.2201885371505625,-20.13567713685869,7.068848602939706,4.818789498743268,189.3145528693013,-21.549788595595643
GRB251130649,2025-11-30 15:34:39.267868+00:00,6.573,,8.21,1.0,0.2424716429946093,GRB5,GRB,90.8690950077036,1.6126912845825814,1.0198741051456466,-40.19936349457936,1.2435903073880183,0.8859651084690299,90.596708732246,-40.68449248662732
GRB251202077,2025-12-02 01:51:00.852268+00:00,2.671,,4.0,0.999819232643368,0.0076962851077118,GRB5,GRB,122.94719459195043,2.922528270570851,3.339085305941836,43.59241216298988,2.1134011836370874,2.222057567473165,122.9137320411278,43.25060042836819
GRB251202769,2025-12-02 18:27:03.335078+00:00,0.596,,0.5700000000000001,1.0,0.280024852375639,GRB5,GRB,349.1453827229534,3.0610840521810587,2.5394922754356344,-22.91723842594533,2.0750019959259127,2.276478671014509,348.4271056148177,-22.72673713700357
GRB251207447,2025-12-07 10:43:09.525999+00:00,0.003,13.0,0.004,0.980666878522997,0.0254631707917849,GRB2,,56.48901986251229,130.9137477239022,35.556266064935734,58.36917647690898,15.806713744995086,25.96962209103863,37.83560060005392,70.93279279836143
GRB251208536,2025-12-08 12:52:32.580825+00:00,0.098,,0.09,1.0,0.2159186878715905,GRB5,GRB,314.2892415027244,2.7900286099674645,3.028363827750354,-32.741995262671736,2.4101282965761115,2.6994325075282646,314.515493234731,-32.29905119279911
GRB251214377,2025-12-14 09:02:17.922859+00:00,1.086,,1.33,0.9928740816709704,1.0,GRB5,GRB,325.8222965089309,5.064900182072051,5.641939166180464,-20.30784523044304,5.032755593509743,4.392845693643224,327.4834680565433,-21.94297244020679
GRB251215182,2025-12-15 04:22:26.316240+00:00,0.098,,0.14,0.9999951833144112,,GRB3,GRB,123.43149588365948,7.285177905478193,12.532414144626358,-27.026465545273027,9.765718298807917,9.194412614856432,125.36067735451384,-31.44545343981143
GRB251217418,2025-12-17 10:01:19.996028+00:00,0.327,,0.33,0.9557987534729356,0.2027638818163351,GRB5,,303.63052734615127,7.658080908459112,32.69348210814326,8.224396626461926,5.717074436565197,9.297120127363254,306.6878573359468,10.040399568875197
GRB251218326,2025-12-18 07:49:28.351016+00:00,2.671,,4.0,1.0,0.9834277886305928,GRB5,GRB,20.037619171507643,2.330956124870156,2.51216633070673,11.518405542699336,1.77960243682519,1.7455450706228426,20.28093655454565,11.527166936324704
GRB251220985,2025-12-20 23:38:04.671160+00:00,0.098,,0.14,1.0,1.0,GRB6,GRB,246.4706165835559,4.890971345253007,6.038483877353258,48.34513751845914,0.8974151620717095,0.9402801261307374,249.90589406103825,48.07656173819353
GRB251221225,2025-12-21 05:24:31.256694+00:00,6.573,,8.21,0.9999974752266316,,GRB3,GRB,101.247455161695,3.125957531431723,3.2738847978559,2.2660737575669345,2.9439086008784963,2.9682383387612945,102.04078090775548,2.0705735399787617
GRB251222713,2025-12-22 17:06:43.322967+00:00,6.573,,8.21,1.0,0.1961088810213267,GRB5,GRB,74.85100608071585,1.4285718392871871,1.5387617230319108,-9.527972245271592,1.413836408059801,1.3150452940043105,74.70521204113847,-9.924830445638635
